# Stanford Bunny positioned on pedestal (base y=0.15, height=0.68, center=(0, -0.65))
v -0.093293 0.569973 -0.620613
v -0.122198 0.573521 -0.636512
v -0.228578 0.674842 -0.483711
v 0.061032 0.579838 -0.546763
v -0.024626 0.563807 -0.616432
v -0.031793 0.561319 -0.620991
v -0.091513 0.567811 -0.636260
v 0.218823 0.509600 -0.527657
v 0.241654 0.491310 -0.574594
v -0.041911 0.505699 -0.487687
v -0.029857 0.507715 -0.482731
v 0.199123 0.537018 -0.543775
v -0.204919 0.708767 -0.728705
v 0.250641 0.466332 -0.543126
v 0.274088 0.417320 -0.589914
v -0.076848 0.771867 -0.652768
v -0.276555 0.601502 -0.420026
v -0.244792 0.554646 -0.409602
v -0.274237 0.612712 -0.426308
v 0.108591 0.584730 -0.574853
v 0.249888 0.480306 -0.604201
v 0.243096 0.448637 -0.681367
v -0.328135 0.631197 -0.543459
v -0.302401 0.479492 -0.544565
v -0.231344 0.695144 -0.575122
v -0.306515 0.674779 -0.527882
v 0.092910 0.554397 -0.498395
v 0.108206 0.553769 -0.498163
v -0.061867 0.559729 -0.620390
v -0.145456 0.630339 -0.592595
v 0.061958 0.567285 -0.514660
v -0.125239 0.551544 -0.534763
v -0.273803 0.416744 -0.694526
v 0.180786 0.551457 -0.544295
v -0.326187 0.540024 -0.621840
v 0.257719 0.448514 -0.651166
v -0.305366 0.525741 -0.648951
v -0.147196 0.635420 -0.589280
v -0.077089 0.784094 -0.665384
v -0.276287 0.651356 -0.460976
v -0.025327 0.501716 -0.474644
v -0.015051 0.784390 -0.746053
v -0.094284 0.754512 -0.700415
v -0.016365 0.501706 -0.472214
v 0.121463 0.572077 -0.528649
v -0.131116 0.592112 -0.574253
v -0.045812 0.558630 -0.620964
v 0.156137 0.545283 -0.508888
v 0.153846 0.550724 -0.516130
v 0.229081 0.494500 -0.526249
v -0.105882 0.739334 -0.629756
v -0.325605 0.570867 -0.620370
v -0.163557 0.632854 -0.526597
v 0.266269 0.434220 -0.557877
v 0.265191 0.447194 -0.589179
v 0.254696 0.428630 -0.518911
v -0.170644 0.687322 -0.576480
v -0.031081 0.697530 -0.668272
v -0.227279 0.651283 -0.461379
v -0.245266 0.631361 -0.440162
v -0.230437 0.278633 -0.557762
v -0.259547 0.571365 -0.410633
v -0.215564 0.723579 -0.728313
v -0.081461 0.564674 -0.635502
v -0.127086 0.585344 -0.574613
v -0.230914 0.691260 -0.620902
v -0.336386 0.523012 -0.482077
v -0.072530 0.561058 -0.636093
v -0.200059 0.693433 -0.589726
v 0.210250 0.520919 -0.529053
v -0.060380 0.785521 -0.666467
v 0.246496 0.431471 -0.681744
v -0.240705 0.733722 -0.718925
v -0.245723 0.737890 -0.728059
v 0.045777 0.538796 -0.483259
v 0.030999 0.536682 -0.483634
v 0.200568 0.416992 -0.450814
v 0.013462 0.725147 -0.697488
v -0.123288 0.736843 -0.625575
v -0.061356 0.556619 -0.637193
v -0.107698 0.752618 -0.636520
v -0.326464 0.601841 -0.543979
v -0.260830 0.772264 -0.820427
v -0.309116 0.461997 -0.620832
v -0.150061 0.633646 -0.574849
v 0.238753 0.488828 -0.542488
v 0.215652 0.450735 -0.480318
v -0.078933 0.755461 -0.651323
v -0.260326 0.632307 -0.438480
v -0.260301 0.647751 -0.451807
v 0.246764 0.480272 -0.558889
v -0.304454 0.479163 -0.621506
v 0.275227 0.387235 -0.558105
v 0.151456 0.565526 -0.544782
v 0.076094 0.173863 -0.438263
v 0.091894 0.170757 -0.441367
v -0.000582 0.566687 -0.633672
v -0.152751 0.694197 -0.598742
v -0.328182 0.604252 -0.560151
v -0.075904 0.789591 -0.682301
v 0.258053 0.464301 -0.620206
v -0.332400 0.570298 -0.498417
v 0.256827 0.431859 -0.665394
v 0.262409 0.433155 -0.651168
v 0.277342 0.387369 -0.589155
v -0.060160 0.794826 -0.671454
v -0.051478 0.794821 -0.671733
v -0.244805 0.539053 -0.407951
v -0.244876 0.647728 -0.452512
v -0.198485 0.572420 -0.463244
v 0.262418 0.417129 -0.527908
v 0.032420 0.579283 -0.574273
v 0.001448 0.572341 -0.588699
v 0.122465 0.550962 -0.498728
v 0.030931 0.568901 -0.527730
v -0.214863 0.682479 -0.498432
v -0.245876 0.687610 -0.513062
v 0.152806 0.537716 -0.498870
v -0.107372 0.769395 -0.666589
v -0.123230 0.756859 -0.668030
v -0.182076 0.183808 -0.440858
v -0.169349 0.185455 -0.439511
v -0.000840 0.504929 -0.471014
v -0.153885 0.705473 -0.605790
v -0.244830 0.728472 -0.709155
v 0.243910 0.480079 -0.543112
v 0.249873 0.479635 -0.589157
v 0.260047 0.418019 -0.667567
v -0.122887 0.724988 -0.620146
v -0.107678 0.172283 -0.454487
v -0.230371 0.741052 -0.743087
v -0.033650 0.401420 -0.419851
v -0.311662 0.616358 -0.621015
v 0.014850 0.555322 -0.511751
v -0.089557 0.769956 -0.697079
v -0.321447 0.416991 -0.590174
v -0.210251 0.697143 -0.695952
v -0.203291 0.677783 -0.696347
v -0.244722 0.615962 -0.677866
v -0.258724 0.733653 -0.730702
v -0.262186 0.737271 -0.745253
v 0.202353 0.527498 -0.527534
v 0.212299 0.506705 -0.513458
v 0.257468 0.448242 -0.543832
v 0.256156 0.464270 -0.573640
v -0.245221 0.507845 -0.421369
v 0.138897 0.510735 -0.478893
v 0.126461 0.511494 -0.476520
v -0.292509 0.492329 -0.513743
v -0.091766 0.754775 -0.639778
v -0.196727 0.523561 -0.694135
v -0.242092 0.737875 -0.851578
v -0.331286 0.647019 -0.542642
v 0.014713 0.508138 -0.468834
v 0.077064 0.186708 -0.439170
v 0.091630 0.184853 -0.441844
v -0.016410 0.510884 -0.479033
v 0.121486 0.504712 -0.472341
v -0.259995 0.765271 -0.804801
v 0.197562 0.522566 -0.515030
v 0.211216 0.461799 -0.708040
v 0.264787 0.447959 -0.620441
v 0.077416 0.510151 -0.462828
v 0.254460 0.445107 -0.662173
v -0.249215 0.567165 -0.412400
v 0.015940 0.575115 -0.606634
v 0.091566 0.586196 -0.589762
v -0.200547 0.672427 -0.487063
v 0.227404 0.507182 -0.545087
v 0.166691 0.171643 -0.466398
v 0.154095 0.417222 -0.432592
v 0.030254 0.508291 -0.465012
v 0.242410 0.491256 -0.589380
v -0.278907 0.432796 -0.684177
v 0.260112 0.449276 -0.559063
v 0.262681 0.448970 -0.573644
v -0.273540 0.507516 -0.662667
v -0.275754 0.599219 -0.666996
v 0.106203 0.471544 -0.737427
v 0.115103 0.471506 -0.735853
v 0.125007 0.575963 -0.543133
v 0.091073 0.583704 -0.558937
v 0.062264 0.583453 -0.573290
v -0.092489 0.563971 -0.563003
v -0.077471 0.565524 -0.620356
v -0.024372 0.548564 -0.531733
v -0.245023 0.722108 -0.696991
v -0.198382 0.692736 -0.604992
v -0.131812 0.589463 -0.557059
v -0.105584 0.765907 -0.653315
v -0.091060 0.770473 -0.651684
v -0.154566 0.184459 -0.441382
v -0.111074 0.725839 -0.625078
v 0.046720 0.581262 -0.605487
v -0.323934 0.601340 -0.529073
v 0.031516 0.539379 -0.698557
v -0.137875 0.185796 -0.448130
v -0.122301 0.186353 -0.452134
v -0.110369 0.187531 -0.456080
v -0.201992 0.784932 -0.913734
v -0.075710 0.558930 -0.557973
v -0.276382 0.676092 -0.498324
v -0.215878 0.689690 -0.620641
v -0.322777 0.417137 -0.574671
v 0.167784 0.537400 -0.503411
v 0.170236 0.542582 -0.512160
v -0.217162 0.707523 -0.698253
v -0.075639 0.558360 -0.651409
v -0.083299 0.562815 -0.647902
v -0.291005 0.478346 -0.650932
v 0.250826 0.449182 -0.526236
v 0.248948 0.479553 -0.573633
v -0.138905 0.708124 -0.608991
v 0.272596 0.387049 -0.542599
v -0.026594 0.702446 -0.662807
v 0.185899 0.540809 -0.527984
v 0.045701 0.581656 -0.589348
v -0.046575 0.512048 -0.494571
v -0.260693 0.509386 -0.422137
v 0.104841 0.184346 -0.443384
v 0.111137 0.187015 -0.444527
v -0.261222 0.582234 -0.411699
v -0.200819 0.693156 -0.544067
v 0.213656 0.523576 -0.544066
v 0.248036 0.464831 -0.651678
v -0.292660 0.601647 -0.652939
v 0.045776 0.508290 -0.463939
v -0.260352 0.554593 -0.410270
v 0.227791 0.477725 -0.680165
v 0.243736 0.461327 -0.666767
v 0.278355 0.387433 -0.604661
v -0.246246 0.417280 -0.713388
v -0.230781 0.417677 -0.718235
v -0.045989 0.801122 -0.681179
v -0.036039 0.799572 -0.687566
v 0.117940 0.579524 -0.548470
v -0.165279 0.706896 -0.609410
v -0.186776 0.698409 -0.617706
v -0.200997 0.690420 -0.620981
v -0.027388 0.564169 -0.603459
v -0.245421 0.661696 -0.466345
v -0.136391 0.601165 -0.573780
v -0.229100 0.688116 -0.512842
v -0.264281 0.431262 -0.479417
v -0.186616 0.188525 -0.446562
v -0.093851 0.565282 -0.651493
v -0.309930 0.601222 -0.635862
v -0.100613 0.189496 -0.460670
v -0.096825 0.188584 -0.460059
v -0.232433 0.720649 -0.698143
v -0.224324 0.713398 -0.695833
v -0.061246 0.159130 -0.421320
v -0.050445 0.192532 -0.415521
v -0.042224 0.194784 -0.411619
v -0.030891 0.197515 -0.409259
v -0.016661 0.199346 -0.410553
v 0.122523 0.580426 -0.559464
v 0.169163 0.551863 -0.528974
v 0.015459 0.187995 -0.420025
v 0.030856 0.188221 -0.425178
v 0.047429 0.189109 -0.430557
v 0.061767 0.188730 -0.435045
v 0.121999 0.187005 -0.445667
v 0.152890 0.508124 -0.480155
v 0.000430 0.569302 -0.558879
v -0.160556 0.646021 -0.548939
v -0.203812 0.770583 -0.882758
v -0.165758 0.588256 -0.494739
v -0.215688 0.586379 -0.452241
v -0.343710 0.540753 -0.544253
v 0.276753 0.401664 -0.621053
v -0.262660 0.506973 -0.669142
v -0.125730 0.724746 -0.683891
v -0.107969 0.724581 -0.695898
v -0.153665 0.305666 -0.477910
v -0.081064 0.418879 -0.750337
v -0.093247 0.417134 -0.749062
v 0.060418 0.509641 -0.462608
v -0.245092 0.618632 -0.433071
v -0.302621 0.672841 -0.516684
v -0.230377 0.737856 -0.880437
v -0.213112 0.691842 -0.682469
v 0.076549 0.555481 -0.499232
v -0.035606 0.561827 -0.604287
v -0.261844 0.662027 -0.468355
v 0.123444 0.565367 -0.517075
v -0.184436 0.199807 -0.452396
v -0.168791 0.202784 -0.451890
v -0.155060 0.200616 -0.451161
v -0.138395 0.199406 -0.455207
v -0.123726 0.198733 -0.456854
v -0.111719 0.196070 -0.458641
v -0.106405 0.203171 -0.462912
v -0.091674 0.203789 -0.465028
v 0.015683 0.573887 -0.559904
v -0.030897 0.558444 -0.636813
v -0.046540 0.555718 -0.636855
v -0.059833 0.200282 -0.424699
v -0.048133 0.201817 -0.420627
v -0.033140 0.205365 -0.415504
v -0.215135 0.646806 -0.468536
v -0.000866 0.202970 -0.418174
v 0.014525 0.202511 -0.424262
v 0.027820 0.199128 -0.426996
v 0.031423 0.203769 -0.431313
v 0.045684 0.201650 -0.434289
v 0.061246 0.201350 -0.437253
v 0.076794 0.201360 -0.438160
v 0.092336 0.201706 -0.436340
v 0.106892 0.202216 -0.437446
v 0.112237 0.197539 -0.444873
v 0.122429 0.200364 -0.446997
v 0.167258 0.506888 -0.484227
v 0.075871 0.539009 -0.482321
v 0.107753 0.508957 -0.468915
v -0.278272 0.665141 -0.480419
v -0.274714 0.657766 -0.467736
v -0.122219 0.569427 -0.558128
v -0.277160 0.590904 -0.414753
v -0.156959 0.689097 -0.594495
v 0.274828 0.402813 -0.573643
v 0.077015 0.462872 -0.743808
v -0.246186 0.401341 -0.715213
v -0.232880 0.401686 -0.719263
v -0.094698 0.738510 -0.637467
v 0.046961 0.581565 -0.574313
v -0.246644 0.599730 -0.423898
v 0.106699 0.580062 -0.545283
v 0.000856 0.551102 -0.514783
v -0.026437 0.399960 -0.410341
v -0.106255 0.570962 -0.635150
v -0.334691 0.522406 -0.466179
v 0.061735 0.432538 -0.409608
v -0.221569 0.703886 -0.684074
v 0.016193 0.565895 -0.531247
v 0.290160 0.313686 -0.542084
v -0.121718 0.206675 -0.463340
v -0.230161 0.694283 -0.651235
v -0.317099 0.673962 -0.544371
v -0.246475 0.691986 -0.528945
v -0.261892 0.689847 -0.527781
v 0.047151 0.442796 -0.424047
v 0.204520 0.513583 -0.670312
v -0.335117 0.522918 -0.497594
v -0.014420 0.206395 -0.414657
v 0.120208 0.205393 -0.441350
v -0.076284 0.510094 -0.496636
v -0.139143 0.510620 -0.494687
v 0.065740 0.502253 -0.458773
v 0.265602 0.370089 -0.667142
v -0.230995 0.644144 -0.454250
v 0.000536 0.571429 -0.604019
v -0.031768 0.550982 -0.544243
v 0.255272 0.461554 -0.559050
v 0.216023 0.200224 -0.511021
v -0.141686 0.690066 -0.672660
v -0.045998 0.771143 -0.727403
v 0.198130 0.400906 -0.740624
v -0.062727 0.402366 -0.757809
v -0.321277 0.674494 -0.573845
v 0.225140 0.504550 -0.531875
v -0.036045 0.808500 -0.686452
v 0.074573 0.502306 -0.458626
v 0.106305 0.574121 -0.527847
v -0.045973 0.559929 -0.606227
v -0.320028 0.539833 -0.635128
v 0.062456 0.443569 -0.424701
v -0.204767 0.675128 -0.683626
v -0.151662 0.208363 -0.460755
v -0.138352 0.208058 -0.463857
v -0.043902 0.414280 -0.773509
v -0.060983 0.552252 -0.652424
v -0.048196 0.217606 -0.435641
v -0.042883 0.213839 -0.425894
v -0.030839 0.214673 -0.422940
v -0.017270 0.214447 -0.423141
v -0.000922 0.211724 -0.425066
v 0.014059 0.215817 -0.431086
v 0.030202 0.211073 -0.433386
v 0.045737 0.211269 -0.431362
v 0.061310 0.215436 -0.424180
v 0.076827 0.215665 -0.421650
v 0.092322 0.215717 -0.420674
v 0.107799 0.215374 -0.423947
v 0.123770 0.215193 -0.434366
v -0.261250 0.613200 -0.425901
v -0.184764 0.674758 -0.498866
v -0.247865 0.609909 -0.427502
v -0.230459 0.662135 -0.468530
v -0.218910 0.660157 -0.471658
v -0.288726 0.416912 -0.678326
v 0.265267 0.449049 -0.604694
v -0.137741 0.692700 -0.604013
v -0.274855 0.631019 -0.440149
v -0.260411 0.674186 -0.486808
v -0.052238 0.784627 -0.673192
v 0.230262 0.201171 -0.512159
v 0.246162 0.200832 -0.511661
v -0.122479 0.708885 -0.617316
v 0.247376 0.463551 -0.529057
v -0.042394 0.811096 -0.696871
v -0.029739 0.816655 -0.696781
v -0.014079 0.568290 -0.590030
v 0.076988 0.575193 -0.528580
v 0.122388 0.544004 -0.492084
v -0.233597 0.669285 -0.475702
v -0.256033 0.719946 -0.701301
v -0.125358 0.749130 -0.638474
v -0.210443 0.680474 -0.665903
v -0.229197 0.708922 -0.681346
v -0.169342 0.214738 -0.469778
v -0.154042 0.214078 -0.470145
v -0.136888 0.215811 -0.471096
v -0.122842 0.217016 -0.469728
v -0.107299 0.217141 -0.468628
v -0.091735 0.217012 -0.470023
v -0.077553 0.218016 -0.468094
v -0.234815 0.731473 -0.716849
v -0.229037 0.726055 -0.711854
v -0.219643 0.719596 -0.713335
v -0.211590 0.709084 -0.712805
v -0.015241 0.221765 -0.436715
v -0.000831 0.220424 -0.434331
v 0.028783 0.220532 -0.424317
v 0.045783 0.218649 -0.422523
v 0.117607 0.218642 -0.426423
v 0.028019 0.544794 -0.491952
v 0.274828 0.416500 -0.619286
v -0.323447 0.498848 -0.574920
v -0.184033 0.692786 -0.589554
v -0.212518 0.664622 -0.477828
v -0.199678 0.663246 -0.482103
v 0.077372 0.585124 -0.574129
v 0.219386 0.211389 -0.507039
v 0.229865 0.215122 -0.507164
v 0.243115 0.210127 -0.505916
v 0.245966 0.218591 -0.503595
v 0.259237 0.218679 -0.502740
v -0.320740 0.631860 -0.498276
v -0.274896 0.582399 -0.411096
v 0.060385 0.583798 -0.589319
v 0.273325 0.402712 -0.558119
v 0.092258 0.508264 -0.464576
v 0.266962 0.438231 -0.572546
v -0.202002 0.662127 -0.665906
v -0.246328 0.712119 -0.680151
v -0.169169 0.217966 -0.479177
v -0.154435 0.220425 -0.483162
v -0.142823 0.219494 -0.476984
v 0.061007 0.438850 -0.416853
v -0.077799 0.564337 -0.574884
v 0.046838 0.447730 -0.437239
v -0.118672 0.572465 -0.574014
v -0.244514 0.705510 -0.666933
v -0.031875 0.223153 -0.438407
v 0.016836 0.224580 -0.424023
v 0.030465 0.232213 -0.417128
v 0.044662 0.226943 -0.416547
v 0.054612 0.225482 -0.414712
v 0.061877 0.233058 -0.407455
v 0.076248 0.233197 -0.407894
v 0.081238 0.225606 -0.413652
v 0.092350 0.225637 -0.413700
v 0.092334 0.233545 -0.409583
v 0.109081 0.230828 -0.415880
v 0.122459 0.232788 -0.420107
v -0.202587 0.659775 -0.696691
v -0.201306 0.708859 -0.742686
v -0.046496 0.401218 -0.790198
v -0.232974 0.753492 -0.880533
v -0.197789 0.632130 -0.669347
v -0.344488 0.540697 -0.559809
v 0.217892 0.512505 -0.651384
v 0.031961 0.579511 -0.588898
v -0.158640 0.616697 -0.529365
v 0.015893 0.576171 -0.590182
v -0.198671 0.694252 -0.758840
v -0.274039 0.645154 -0.453048
v -0.323650 0.631680 -0.513353
v -0.047109 0.553850 -0.560013
v -0.134281 0.735213 -0.626298
v 0.214422 0.215937 -0.498200
v -0.107279 0.510237 -0.493760
v -0.315947 0.539715 -0.644028
v -0.209467 0.689167 -0.821667
v -0.111756 0.734927 -0.626024
v 0.200105 0.449629 -0.465938
v -0.046432 0.802207 -0.712604
v -0.059917 0.560392 -0.604855
v 0.153131 0.568241 -0.558748
v 0.045206 0.578892 -0.549262
v 0.008538 0.438821 -0.435176
v 0.029419 0.577001 -0.556575
v -0.092395 0.555646 -0.542776
v -0.156679 0.221718 -0.491424
v -0.138202 0.232139 -0.481799
v -0.121624 0.231544 -0.472746
v -0.107312 0.232602 -0.470593
v -0.091709 0.232457 -0.472276
v -0.082873 0.226015 -0.474373
v -0.075582 0.232704 -0.476921
v 0.214103 0.525400 -0.558258
v -0.042899 0.227660 -0.454961
v -0.030224 0.230029 -0.452993
v -0.020596 0.231709 -0.446683
v -0.014081 0.232437 -0.440026
v -0.004076 0.231627 -0.432404
v 0.002561 0.235396 -0.425803
v 0.014819 0.234286 -0.421749
v 0.046645 0.235927 -0.410646
v 0.103460 0.235142 -0.411746
v -0.244591 0.573332 -0.415758
v 0.270864 0.418171 -0.558133
v -0.306511 0.511146 -0.439056
v -0.334874 0.525339 -0.604056
v -0.259445 0.600727 -0.419314
v 0.224186 0.504569 -0.651737
v 0.061296 0.538824 -0.481498
v 0.061721 0.574211 -0.528270
v 0.152659 0.570440 -0.573694
v 0.262499 0.448795 -0.635653
v 0.139257 0.574569 -0.558223
v 0.229880 0.223108 -0.503785
v -0.242434 0.516871 -0.414362
v 0.183171 0.552495 -0.559583
v 0.171922 0.559597 -0.558441
v 0.172578 0.546872 -0.521938
v -0.002499 0.710368 -0.685005
v 0.007758 0.715787 -0.696003
v -0.270012 0.662533 -0.664343
v -0.309003 0.539834 -0.653121
v 0.168397 0.558178 -0.543834
v -0.218391 0.690971 -0.668109
v -0.000621 0.557488 -0.528812
v -0.109940 0.760571 -0.647211
v -0.107606 0.547991 -0.532142
v 0.140012 0.556502 -0.513565
v -0.127755 0.236183 -0.476151
v -0.062800 0.233930 -0.479869
v -0.090755 0.539164 -0.517049
v -0.076519 0.535356 -0.516698
v -0.035113 0.237361 -0.464037
v 0.036885 0.238205 -0.412662
v 0.013612 0.543055 -0.495157
v 0.237292 0.469310 -0.671169
v -0.258532 0.589241 -0.414614
v -0.200499 0.756752 -0.880883
v -0.171391 0.510049 -0.487558
v -0.122839 0.510121 -0.494395
v -0.275887 0.570336 -0.409546
v 0.232767 0.431535 -0.698338
v -0.043484 0.795209 -0.722545
v -0.212792 0.738331 -0.773124
v 0.077176 0.584946 -0.605377
v -0.291571 0.632001 -0.452102
v 0.228575 0.233440 -0.500260
v 0.245338 0.232655 -0.503761
v 0.260894 0.232888 -0.501117
v -0.294507 0.666331 -0.495972
v 0.231955 0.450401 -0.497027
v -0.061223 0.555280 -0.559221
v 0.251923 0.470409 -0.560293
v 0.132377 0.563752 -0.517692
v -0.060895 0.527170 -0.510926
v -0.245787 0.673581 -0.482963
v -0.200965 0.687052 -0.514284
v -0.245913 0.692093 -0.619256
v -0.244219 0.694575 -0.589134
v -0.186663 0.694663 -0.635178
v -0.203795 0.694850 -0.712316
v -0.318980 0.554879 -0.635204
v -0.230401 0.692535 -0.527960
v -0.027258 0.247586 -0.452984
v -0.021722 0.247326 -0.444995
v -0.015296 0.248967 -0.436313
v -0.007405 0.242814 -0.429245
v -0.000147 0.248911 -0.421711
v 0.015792 0.248693 -0.417403
v 0.025830 0.244254 -0.414319
v 0.031693 0.248638 -0.411202
v 0.045730 0.247924 -0.407659
v 0.061287 0.248278 -0.404412
v 0.076848 0.248313 -0.403760
v 0.092360 0.247870 -0.408193
v 0.107864 0.247600 -0.411263
v 0.120230 0.247822 -0.412249
v -0.274613 0.559527 -0.411503
v -0.183758 0.511315 -0.482967
v -0.286927 0.570237 -0.412691
v -0.089029 0.779709 -0.666926
v -0.200144 0.694274 -0.727786
v 0.030518 0.784584 -0.758230
v 0.242255 0.396879 -0.708031
v 0.271625 0.430666 -0.604696
v 0.245991 0.479337 -0.635725
v -0.274275 0.752638 -0.804613
v -0.322282 0.432034 -0.590260
v 0.236578 0.235543 -0.505559
v 0.275042 0.232597 -0.502909
v 0.187358 0.545913 -0.543107
v -0.316192 0.458069 -0.602782
v 0.154467 0.557791 -0.528649
v -0.016076 0.567003 -0.605481
v -0.213657 0.688049 -0.513696
v -0.231462 0.682214 -0.497618
v -0.213420 0.674544 -0.485532
v -0.260180 0.689676 -0.621386
v -0.000674 0.569782 -0.618390
v -0.182694 0.682072 -0.511601
v -0.122240 0.247832 -0.472506
v -0.107314 0.248350 -0.468913
v -0.091730 0.248188 -0.470685
v -0.075214 0.247139 -0.477212
v -0.060704 0.247125 -0.482604
v -0.046858 0.248122 -0.479891
v 0.030008 0.574493 -0.543704
v -0.045820 0.558336 -0.574625
v -0.276566 0.691298 -0.558821
v -0.275837 0.754279 -0.820646
v -0.262485 0.433023 -0.701044
v 0.014431 0.570059 -0.636683
v 0.062381 0.583551 -0.604759
v 0.092776 0.585520 -0.606502
v 0.134112 0.578657 -0.591069
v 0.094544 0.544892 -0.490605
v 0.091485 0.536647 -0.483817
v 0.254844 0.373122 -0.693131
v 0.122073 0.582005 -0.573874
v -0.091728 0.510110 -0.496467
v -0.291935 0.554497 -0.419993
v 0.275320 0.415294 -0.604693
v -0.165331 0.680266 -0.558906
v -0.018713 0.561285 -0.555971
v 0.091330 0.566539 -0.514850
v 0.107052 0.583060 -0.559484
v 0.233572 0.247004 -0.498041
v 0.244184 0.249568 -0.506299
v 0.245895 0.245803 -0.504200
v 0.261467 0.247843 -0.503012
v 0.276529 0.248156 -0.502455
v -0.060955 0.532188 -0.691713
v -0.017637 0.391053 -0.399640
v -0.292250 0.675822 -0.511692
v 0.250594 0.449480 -0.666615
v -0.271807 0.765656 -0.820532
v -0.214248 0.694952 -0.559175
v -0.259988 0.686728 -0.515322
v 0.198933 0.508303 -0.680944
v -0.091376 0.569320 -0.590484
v -0.017320 0.561253 -0.637333
v -0.082829 0.251066 -0.473216
v 0.137306 0.567188 -0.528602
v -0.287993 0.686888 -0.545677
v -0.341079 0.570993 -0.544406
v -0.271044 0.430690 -0.693559
v 0.028594 0.576511 -0.621499
v 0.061153 0.582014 -0.620075
v 0.123782 0.581973 -0.589376
v 0.165318 0.564360 -0.574294
v -0.001244 0.262981 -0.418591
v 0.012580 0.258873 -0.415475
v -0.089398 0.780662 -0.682387
v 0.030219 0.263729 -0.403983
v 0.045757 0.263940 -0.401495
v 0.060675 0.263161 -0.404165
v 0.076790 0.260793 -0.402559
v 0.093223 0.262518 -0.403392
v 0.108765 0.263783 -0.407565
v 0.120097 0.262326 -0.412023
v -0.060763 0.510198 -0.494025
v -0.004273 0.544452 -0.507634
v -0.000828 0.538288 -0.497038
v -0.229972 0.725317 -0.880345
v -0.032498 0.560788 -0.573276
v -0.015482 0.534400 -0.499270
v -0.331567 0.513494 -0.471069
v 0.250948 0.469716 -0.639461
v -0.154373 0.660940 -0.574807
v 0.188925 0.452855 -0.461081
v 0.258543 0.464341 -0.604691
v -0.336419 0.555823 -0.513294
v -0.276266 0.312249 -0.589694
v 0.157945 0.561328 -0.542166
v -0.260297 0.704960 -0.683183
v -0.122094 0.756669 -0.652280
v -0.258786 0.386631 -0.471085
v -0.166451 0.249541 -0.593899
v 0.044094 0.561193 -0.509519
v -0.216522 0.694624 -0.544097
v 0.061648 0.447561 -0.435868
v -0.198449 0.680337 -0.497628
v 0.108049 0.565989 -0.514636
v -0.012405 0.564033 -0.632196
v -0.276053 0.689988 -0.543745
v -0.122115 0.263630 -0.470763
v -0.107316 0.264222 -0.465989
v -0.091755 0.264139 -0.466717
v -0.077920 0.265077 -0.471665
v -0.071094 0.259175 -0.476284
v -0.060734 0.262989 -0.479732
v -0.047305 0.262123 -0.479031
v -0.031495 0.554399 -0.651026
v -0.060880 0.797459 -0.697990
v 0.016286 0.265430 -0.409306
v 0.015601 0.534991 -0.485696
v -0.228064 0.522153 -0.415761
v -0.154195 0.511497 -0.493711
v -0.016111 0.543256 -0.512827
v 0.107843 0.538738 -0.485779
v -0.107416 0.572040 -0.589186
v -0.214312 0.691992 -0.528760
v 0.092812 0.585650 -0.574264
v 0.254225 0.254437 -0.506034
v 0.285477 0.250760 -0.504711
v 0.270801 0.430647 -0.589178
v 0.270825 0.431638 -0.619934
v -0.292266 0.584572 -0.419192
v -0.277001 0.550717 -0.415721
v -0.309945 0.491720 -0.606058
v -0.245877 0.644703 -0.712921
v -0.201551 0.679040 -0.758622
v -0.020358 0.817616 -0.702526
v -0.280192 0.431795 -0.493099
v -0.266812 0.417331 -0.478538
v -0.046592 0.533778 -0.516403
v -0.169063 0.677248 -0.528985
v -0.245792 0.681335 -0.496947
v -0.014319 0.565964 -0.621255
v -0.229281 0.690899 -0.636570
v 0.124575 0.559438 -0.509012
v 0.045516 0.579570 -0.621328
v 0.106206 0.584977 -0.604187
v 0.198841 0.539755 -0.559058
v 0.005823 0.269116 -0.412600
v 0.067996 0.270709 -0.397549
v 0.076819 0.270633 -0.396752
v 0.087890 0.270556 -0.396879
v 0.122764 0.523110 -0.480998
v 0.003687 0.532341 -0.487571
v -0.031578 0.538528 -0.515386
v -0.031717 0.544238 -0.526513
v -0.162752 0.647786 -0.540663
v -0.290609 0.687798 -0.573690
v 0.132567 0.578706 -0.574771
v 0.240590 0.478057 -0.529244
v -0.200604 0.694103 -0.789937
v -0.122975 0.557446 -0.682628
v -0.231356 0.615752 -0.680483
v -0.301633 0.511947 -0.644151
v -0.031572 0.708179 -0.655341
v 0.248217 0.264952 -0.507593
v 0.259186 0.264687 -0.509279
v 0.267498 0.260785 -0.505138
v 0.276430 0.260830 -0.503986
v 0.285380 0.260706 -0.505182
v 0.292574 0.263713 -0.508641
v -0.305626 0.630609 -0.619528
v -0.203860 0.756107 -0.866213
v -0.246993 0.695019 -0.574439
v -0.261268 0.539469 -0.410314
v -0.292555 0.496022 -0.451002
v -0.124138 0.743651 -0.631207
v -0.333636 0.524587 -0.529014
v -0.183934 0.266819 -0.546964
v 0.138891 0.501505 -0.473755
v -0.076957 0.543529 -0.527558
v -0.276709 0.688041 -0.603445
v 0.038056 0.566693 -0.519515
v -0.259211 0.692942 -0.543698
v -0.151099 0.602662 -0.527404
v -0.040761 0.266874 -0.471094
v 0.107654 0.585338 -0.589431
v 0.172688 0.560327 -0.573882
v 0.046675 0.572542 -0.527540
v 0.002335 0.279022 -0.411357
v 0.014309 0.278343 -0.405480
v 0.025808 0.279523 -0.400109
v 0.034658 0.279769 -0.397267
v 0.045738 0.279816 -0.396252
v 0.061597 0.280363 -0.395741
v 0.059066 0.276627 -0.398316
v 0.076797 0.280030 -0.393979
v 0.092379 0.279947 -0.395099
v 0.108899 0.279195 -0.400697
v -0.215610 0.541481 -0.684715
v -0.106479 0.400921 -0.746739
v -0.154039 0.246889 -0.558339
v -0.205011 0.668903 -0.758950
v 0.269212 0.427442 -0.562561
v -0.277316 0.620478 -0.432714
v -0.318241 0.432116 -0.545961
v 0.241546 0.477677 -0.649659
v -0.077788 0.433063 -0.747562
v 0.258254 0.432173 -0.528465
v 0.276407 0.266905 -0.506237
v 0.259261 0.402104 -0.682409
v -0.035917 0.408442 -0.794166
v -0.260419 0.693194 -0.589415
v -0.184493 0.275724 -0.528867
v -0.166893 0.272393 -0.525007
v 0.139057 0.540005 -0.495440
v 0.077122 0.436661 -0.415269
v 0.190455 0.546436 -0.556509
v -0.122486 0.278485 -0.469231
v -0.107272 0.280141 -0.462556
v -0.091756 0.280141 -0.462284
v -0.076270 0.279586 -0.468892
v -0.059830 0.278216 -0.476954
v -0.049619 0.278739 -0.478179
v -0.041395 0.279889 -0.470163
v 0.153958 0.570288 -0.589026
v -0.199581 0.693843 -0.559820
v 0.103511 0.282749 -0.397948
v -0.238289 0.635395 -0.444847
v -0.259263 0.621529 -0.431310
v 0.269813 0.429951 -0.574555
v -0.204014 0.644871 -0.680979
v 0.265150 0.401993 -0.666644
v 0.029515 0.558723 -0.510824
v 0.046667 0.553818 -0.498432
v 0.266332 0.435199 -0.636292
v 0.260025 0.278602 -0.515225
v 0.276380 0.278895 -0.513418
v 0.292001 0.278897 -0.512558
v 0.306939 0.277537 -0.516594
v 0.147842 0.563401 -0.531108
v 0.233827 0.479009 -0.666977
v -0.016161 0.827329 -0.713981
v 0.074591 0.442062 -0.422674
v -0.096898 0.724659 -0.701998
v -0.121451 0.680227 -0.675688
v -0.183668 0.281732 -0.513995
v -0.169054 0.279529 -0.511983
v -0.158017 0.275741 -0.510359
v -0.150962 0.277822 -0.498577
v 0.000607 0.564803 -0.543247
v -0.065186 0.282203 -0.474569
v 0.184568 0.552582 -0.574519
v 0.227150 0.510257 -0.559786
v 0.108156 0.560930 -0.507217
v -0.124977 0.583814 -0.590754
v 0.001060 0.295419 -0.408204
v 0.015688 0.294498 -0.405575
v 0.029612 0.295469 -0.400242
v 0.036801 0.288994 -0.397398
v 0.045739 0.295220 -0.396567
v 0.061263 0.295392 -0.394399
v 0.076807 0.295382 -0.394784
v 0.091768 0.294709 -0.396219
v 0.108538 0.294203 -0.400174
v 0.138902 0.523082 -0.484469
v -0.262198 0.691780 -0.666158
v -0.252665 0.689522 -0.761745
v -0.301736 0.447214 -0.649076
v -0.270993 0.785310 -0.863186
v -0.003960 0.830000 -0.728650
v 0.259100 0.370364 -0.682066
v -0.133238 0.542023 -0.523034
v -0.123454 0.540988 -0.526815
v 0.016949 0.550623 -0.502795
v -0.151664 0.538635 -0.698106
v 0.169469 0.477945 -0.716732
v -0.343133 0.540603 -0.575322
v 0.235859 0.482937 -0.525442
v -0.138094 0.739352 -0.667139
v -0.133004 0.587072 -0.622316
v -0.310062 0.431162 -0.636805
v -0.272318 0.722668 -0.758207
v -0.276706 0.538864 -0.419930
v -0.107575 0.568122 -0.650617
v 0.047494 0.566703 -0.516143
v 0.076766 0.580093 -0.543460
v -0.037584 0.335392 -0.432665
v -0.206210 0.674230 -0.669090
v -0.199996 0.463215 -0.724732
v -0.184393 0.463396 -0.727520
v -0.246531 0.508805 -0.679179
v -0.199649 0.402577 -0.730033
v -0.165362 0.284298 -0.502120
v -0.155552 0.287699 -0.493208
v -0.139746 0.291262 -0.479846
v -0.029679 0.563971 -0.590260
v -0.015436 0.557285 -0.543123
v -0.123762 0.293838 -0.467971
v -0.107284 0.292685 -0.461564
v -0.091766 0.292735 -0.460751
v -0.075526 0.293282 -0.466610
v -0.061350 0.296614 -0.472610
v -0.058487 0.288274 -0.475808
v -0.051878 0.288183 -0.476565
v -0.045174 0.294120 -0.469861
v 0.141878 0.575552 -0.590299
v -0.135569 0.600393 -0.589658
v 0.275970 0.304184 -0.533401
v 0.291592 0.305977 -0.531382
v 0.121906 0.294019 -0.405729
v 0.153377 0.523251 -0.487355
v -0.029862 0.522818 -0.495743
v -0.027668 0.532020 -0.503789
v 0.122299 0.535924 -0.486791
v -0.139730 0.538934 -0.513400
v -0.229528 0.695410 -0.559271
v -0.013584 0.816832 -0.743128
v 0.249367 0.479378 -0.620588
v -0.199940 0.325838 -0.468922
v -0.198583 0.708152 -0.774379
v 0.137984 0.571620 -0.543204
v 0.075175 0.582868 -0.558445
v -0.215177 0.402283 -0.726714
v -0.088033 0.737985 -0.707383
v -0.168609 0.400422 -0.743407
v -0.152843 0.295050 -0.484677
v -0.126111 0.583813 -0.604960
v 0.234638 0.495137 -0.542216
v -0.260050 0.688991 -0.635309
v -0.276294 0.690195 -0.589280
v 0.099062 0.301177 -0.398671
v -0.136489 0.527410 -0.510809
v -0.140576 0.521447 -0.503668
v -0.331902 0.632266 -0.558692
v 0.231561 0.493500 -0.651345
v -0.327537 0.649248 -0.528327
v 0.109341 0.523554 -0.477289
v -0.245559 0.695215 -0.559182
v -0.165588 0.677674 -0.544137
v 0.091155 0.574775 -0.528055
v -0.274992 0.687552 -0.529228
v -0.034178 0.531621 -0.506833
v -0.045888 0.528246 -0.508554
v -0.076235 0.528296 -0.509687
v 0.136685 0.532348 -0.488665
v -0.149320 0.647364 -0.590159
v -0.227874 0.282644 -0.545083
v -0.269978 0.697970 -0.727024
v 0.030309 0.550627 -0.497895
v -0.313742 0.491906 -0.575071
v 0.264232 0.293261 -0.523745
v 0.275520 0.294227 -0.524949
v 0.280788 0.290884 -0.520323
v 0.291956 0.290875 -0.519069
v 0.304981 0.290057 -0.520425
v 0.309588 0.293720 -0.524004
v -0.307817 0.570235 -0.651866
v -0.269365 0.694950 -0.711475
v -0.290625 0.682107 -0.527750
v -0.275657 0.586234 -0.669006
v -0.106700 0.461063 -0.737331
v -0.190777 0.402868 -0.733737
v -0.077690 0.401540 -0.753269
v -0.294424 0.521669 -0.655608
v 0.031121 0.401101 -0.807546
v 0.047099 0.402746 -0.804749
v -0.248003 0.292010 -0.557385
v -0.200129 0.494640 -0.711799
v 0.138183 0.478255 -0.727693
v 0.062557 0.461515 -0.746573
v -0.090559 0.561096 -0.555095
v -0.133861 0.298815 -0.472060
v -0.123828 0.309422 -0.462504
v -0.106687 0.307787 -0.460337
v -0.092411 0.306598 -0.460189
v -0.076875 0.308707 -0.462967
v -0.046385 0.308915 -0.465113
v -0.230301 0.734747 -0.728662
v -0.000351 0.309598 -0.404484
v 0.014698 0.310028 -0.403471
v 0.028857 0.308469 -0.399869
v 0.045712 0.310764 -0.394104
v 0.061276 0.310868 -0.392618
v 0.076861 0.310715 -0.394870
v 0.090874 0.311542 -0.397508
v 0.096785 0.307364 -0.398531
v 0.108775 0.309761 -0.399192
v 0.121881 0.309376 -0.403156
v 0.163212 0.564343 -0.561363
v 0.096722 0.526421 -0.476835
v -0.210075 0.713977 -0.723683
v -0.288135 0.462420 -0.664828
v -0.337480 0.571245 -0.590123
v -0.091769 0.528376 -0.508444
v -0.207915 0.700465 -0.706854
v -0.291131 0.659217 -0.482176
v -0.057674 0.686180 -0.666900
v -0.233287 0.552008 -0.411148
v 0.291947 0.296829 -0.523129
v 0.233782 0.465658 -0.683569
v -0.324073 0.600858 -0.604460
v -0.272208 0.781093 -0.851764
v 0.269568 0.386824 -0.533722
v 0.061220 0.553063 -0.496313
v -0.184924 0.691314 -0.559115
v -0.184585 0.540699 -0.685735
v -0.016639 0.462528 -0.747889
v -0.292459 0.507649 -0.650050
v -0.091380 0.695254 -0.691235
v -0.198949 0.158753 -0.453235
v 0.061503 0.403558 -0.802039
v 0.122336 0.478316 -0.732318
v 0.046346 0.462473 -0.747989
v 0.119331 0.459916 -0.737562
v -0.137638 0.310176 -0.468563
v -0.060731 0.310658 -0.469705
v -0.022085 0.545248 -0.521130
v 0.032506 0.313800 -0.396194
v 0.103440 0.313593 -0.397455
v -0.274723 0.462315 -0.679324
v -0.122827 0.528128 -0.511965
v 0.090809 0.522538 -0.471968
v 0.043523 0.526745 -0.475070
v 0.046907 0.522002 -0.471384
v -0.319435 0.447038 -0.559356
v -0.317772 0.459865 -0.575665
v -0.321948 0.616654 -0.483014
v -0.231256 0.570704 -0.685351
v 0.265561 0.310087 -0.526501
v 0.307200 0.305906 -0.531805
v -0.315203 0.612957 -0.613402
v -0.332740 0.568069 -0.482327
v -0.322546 0.432129 -0.574756
v -0.260279 0.680154 -0.497845
v -0.184548 0.646529 -0.654980
v -0.276138 0.523755 -0.668026
v -0.246503 0.525052 -0.680483
v -0.085972 0.751227 -0.707102
v -0.245651 0.476917 -0.694013
v -0.122043 0.400628 -0.743550
v -0.214417 0.711121 -0.896201
v -0.231291 0.586819 -0.683539
v -0.118371 0.314733 -0.458794
v -0.113984 0.314600 -0.458958
v -0.089554 0.314665 -0.459331
v 0.015345 0.570631 -0.545258
v -0.183960 0.691711 -0.573766
v 0.276667 0.313724 -0.542517
v -0.168603 0.691064 -0.590406
v -0.001581 0.324339 -0.401505
v 0.013525 0.321134 -0.400753
v 0.030241 0.323187 -0.393732
v 0.045723 0.323637 -0.387667
v 0.061299 0.323659 -0.386772
v 0.076919 0.323260 -0.391454
v 0.092353 0.326079 -0.395527
v 0.107885 0.326061 -0.395896
v 0.122386 0.323445 -0.402072
v 0.061307 0.523656 -0.470253
v -0.153315 0.720905 -0.620336
v -0.138460 0.725961 -0.620376
v -0.317804 0.569347 -0.634704
v -0.107383 0.538753 -0.699431
v -0.244816 0.526502 -0.409871
v -0.107317 0.528332 -0.509137
v -0.163822 0.681618 -0.573644
v 0.257002 0.462363 -0.635046
v -0.336302 0.555954 -0.482254
v 0.028221 0.752541 -0.729456
v -0.340054 0.540462 -0.590824
v -0.123286 0.739412 -0.682690
v -0.149799 0.722352 -0.663770
v -0.230061 0.804280 -0.899159
v -0.012738 0.818327 -0.712495
v -0.203751 0.738538 -0.834834
v 0.031157 0.578606 -0.604348
v -0.091933 0.461128 -0.737322
v 0.092475 0.403772 -0.792199
v -0.015709 0.800573 -0.745376
v -0.045755 0.734918 -0.718674
v -0.154320 0.691037 -0.664909
v -0.260699 0.570998 -0.680269
v -0.261310 0.309369 -0.543431
v -0.168385 0.324021 -0.465469
v 0.031126 0.464191 -0.748882
v -0.154236 0.677893 -0.662783
v -0.244648 0.599727 -0.680120
v -0.137551 0.322401 -0.462737
v -0.127230 0.320917 -0.459380
v -0.121926 0.324780 -0.457636
v -0.107301 0.324100 -0.458153
v -0.091770 0.324046 -0.458855
v -0.075315 0.323327 -0.462120
v -0.060717 0.323401 -0.467069
v -0.049790 0.322066 -0.463862
v -0.214549 0.694743 -0.573992
v 0.015605 0.329790 -0.396095
v -0.015277 0.521475 -0.486473
v 0.013752 0.524149 -0.478182
v -0.000868 0.514108 -0.476994
v -0.247286 0.782547 -0.882106
v -0.000866 0.523177 -0.483634
v 0.019180 0.520388 -0.474414
v 0.139644 0.575775 -0.574269
v -0.259521 0.527143 -0.411768
v 0.030239 0.526625 -0.476304
v -0.203844 0.659941 -0.711957
v -0.294868 0.477798 -0.527508
v 0.025249 0.727520 -0.728524
v -0.183889 0.553233 -0.679861
v 0.263430 0.433991 -0.543478
v -0.344819 0.555707 -0.559892
v 0.092164 0.561485 -0.506609
v 0.076681 0.446629 -0.435130
v 0.218589 0.494961 -0.511597
v -0.118518 0.576458 -0.588991
v 0.027616 0.800019 -0.773667
v -0.202081 0.288464 -0.511081
v -0.153021 0.400428 -0.742448
v -0.185054 0.324066 -0.465739
v -0.153571 0.322575 -0.465211
v -0.082886 0.327118 -0.459184
v -0.044039 0.325354 -0.452159
v 0.005854 0.332149 -0.397726
v 0.030196 0.338745 -0.391303
v 0.045692 0.339044 -0.387417
v 0.061271 0.339240 -0.385084
v 0.076904 0.338941 -0.388626
v -0.043941 0.520577 -0.501417
v 0.076784 0.523649 -0.470228
v -0.199412 0.770686 -0.896409
v -0.046860 0.690829 -0.665393
v -0.200437 0.740680 -0.911309
v -0.311538 0.632090 -0.605178
v -0.340157 0.570199 -0.574875
v -0.096084 0.775816 -0.666312
v 0.138008 0.416577 -0.420236
v -0.206708 0.711127 -0.865320
v 0.267942 0.408615 -0.538161
v 0.240477 0.488479 -0.635727
v -0.257919 0.645981 -0.681560
v -0.245861 0.698162 -0.651685
v -0.127401 0.582917 -0.560967
v 0.032342 0.445182 -0.433427
v -0.328915 0.503564 -0.569431
v -0.201362 0.337650 -0.461871
v -0.189353 0.333311 -0.459859
v -0.184347 0.340669 -0.455974
v -0.169403 0.341111 -0.455421
v -0.169409 0.333258 -0.459749
v -0.153863 0.340015 -0.454525
v -0.138351 0.339887 -0.454987
v -0.122797 0.339775 -0.457078
v -0.107287 0.339944 -0.455097
v -0.091802 0.339707 -0.458120
v -0.082904 0.333347 -0.459268
v -0.075665 0.340001 -0.461104
v -0.060296 0.339230 -0.463128
v -0.052880 0.333261 -0.461901
v -0.231795 0.694907 -0.543266
v -0.178219 0.684131 -0.522275
v -0.090999 0.544821 -0.523918
v -0.199640 0.693876 -0.575111
v -0.016220 0.339693 -0.404218
v -0.006002 0.340222 -0.399011
v 0.002278 0.342052 -0.396418
v 0.014696 0.341680 -0.393239
v 0.092362 0.341525 -0.395370
v 0.107885 0.341489 -0.395989
v 0.122160 0.340390 -0.400857
v -0.060729 0.519169 -0.502138
v -0.076252 0.519226 -0.503118
v 0.030271 0.520462 -0.472079
v -0.320851 0.600677 -0.466850
v -0.229989 0.540569 -0.411138
v -0.208691 0.775498 -0.877363
v -0.206934 0.711653 -0.879033
v 0.247708 0.402110 -0.698352
v -0.168625 0.543048 -0.686787
v -0.339563 0.540748 -0.528695
v 0.257720 0.464312 -0.589173
v -0.320814 0.432123 -0.559244
v -0.305678 0.615681 -0.635418
v -0.257292 0.726941 -0.803866
v -0.141628 0.616799 -0.590352
v -0.142027 0.741392 -0.653197
v -0.244059 0.724122 -0.835263
v -0.214230 0.692002 -0.604406
v -0.046310 0.540104 -0.528830
v 0.015039 0.573449 -0.621167
v -0.199589 0.386635 -0.731039
v -0.197077 0.344386 -0.458283
v -0.290658 0.687463 -0.559175
v -0.107305 0.519390 -0.500980
v -0.091734 0.519285 -0.503148
v -0.046747 0.539909 -0.681232
v -0.198752 0.694278 -0.743314
v -0.297697 0.502679 -0.639704
v -0.307628 0.496966 -0.497336
v -0.234356 0.709669 -0.866870
v -0.200405 0.708062 -0.805487
v -0.097122 0.772168 -0.688027
v 0.214500 0.507677 -0.665933
v 0.236192 0.481860 -0.657852
v -0.304779 0.497144 -0.528618
v 0.056888 0.561223 -0.506256
v -0.199484 0.684805 -0.507261
v 0.015032 0.433795 -0.419699
v -0.214692 0.339218 -0.466640
v -0.229452 0.386720 -0.454003
v -0.332632 0.524771 -0.512386
v -0.019452 0.351791 -0.399199
v -0.015391 0.356383 -0.395664
v -0.000823 0.354023 -0.392941
v 0.014704 0.354076 -0.392209
v 0.030198 0.354349 -0.388362
v 0.045728 0.354316 -0.389163
v 0.061267 0.354405 -0.388207
v 0.076880 0.354223 -0.390208
v 0.093141 0.354784 -0.395949
v 0.103449 0.356754 -0.397635
v 0.109188 0.356630 -0.399132
v 0.122520 0.354242 -0.402630
v -0.122843 0.519178 -0.502491
v -0.267637 0.691589 -0.696979
v -0.147102 0.623505 -0.572605
v -0.077400 0.783980 -0.696271
v -0.286504 0.431690 -0.676040
v -0.230046 0.692742 -0.605274
v 0.177883 0.549201 -0.532682
v -0.306372 0.681944 -0.574673
v -0.277700 0.449721 -0.496854
v 0.030346 0.577783 -0.612324
v -0.260792 0.693838 -0.559864
v -0.339718 0.522630 -0.575220
v -0.289883 0.683270 -0.605628
v -0.039941 0.398589 -0.799853
v -0.215065 0.356511 -0.456995
v -0.200446 0.355475 -0.455319
v -0.184875 0.355788 -0.451905
v -0.169390 0.356063 -0.448443
v -0.153881 0.355891 -0.450186
v -0.138387 0.355800 -0.451266
v -0.122807 0.355297 -0.457372
v -0.107309 0.355469 -0.455348
v -0.091794 0.355558 -0.454860
v -0.081458 0.356356 -0.457486
v -0.073130 0.354394 -0.461079
v -0.063854 0.353769 -0.461978
v -0.056942 0.356363 -0.453386
v -0.184219 0.689767 -0.543830
v -0.318469 0.446742 -0.605807
v 0.105568 0.520315 -0.474014
v -0.307810 0.478832 -0.606640
v -0.107155 0.556161 -0.681381
v -0.335912 0.540302 -0.604162
v 0.274624 0.402723 -0.635669
v 0.145118 0.546552 -0.506389
v -0.118895 0.559644 -0.555985
v -0.108603 0.560696 -0.556296
v -0.062397 0.538996 -0.528081
v 0.075616 0.585248 -0.590081
v -0.307763 0.678843 -0.543568
v -0.026948 0.817329 -0.724064
v -0.015478 0.369617 -0.393329
v -0.000801 0.369553 -0.390808
v 0.014685 0.369515 -0.391327
v 0.030219 0.369686 -0.389054
v 0.045771 0.369506 -0.391397
v 0.061259 0.369593 -0.390499
v 0.076825 0.369554 -0.390611
v 0.091780 0.369950 -0.392510
v -0.164846 0.513694 -0.492173
v -0.034404 0.513747 -0.491759
v -0.272304 0.473253 -0.676549
v -0.296629 0.463998 -0.651287
v -0.315809 0.554765 -0.644128
v -0.338466 0.541014 -0.482176
v -0.320261 0.675011 -0.559059
v -0.260638 0.497139 -0.438054
v -0.264044 0.661156 -0.682544
v -0.253101 0.668218 -0.475793
v -0.244732 0.694494 -0.544104
v -0.090555 0.559350 -0.666478
v -0.260919 0.721525 -0.790283
v -0.216022 0.371346 -0.451347
v -0.200452 0.371444 -0.450267
v -0.184891 0.371419 -0.450576
v -0.169356 0.371827 -0.445584
v -0.154512 0.369892 -0.447028
v -0.138344 0.371582 -0.448042
v -0.122814 0.371113 -0.454109
v -0.107249 0.371046 -0.455209
v -0.091767 0.371373 -0.451345
v -0.078534 0.370989 -0.456196
v -0.069570 0.370673 -0.460122
v -0.065223 0.367454 -0.460426
v -0.059118 0.371248 -0.452626
v -0.328442 0.516801 -0.513057
v -0.307426 0.479635 -0.559501
v -0.307066 0.449050 -0.635550
v 0.076209 0.583556 -0.620833
v 0.106269 0.372244 -0.396206
v -0.309718 0.554558 -0.652990
v 0.153880 0.372145 -0.417212
v -0.283994 0.618405 -0.657817
v -0.287191 0.630006 -0.648381
v 0.032474 0.754152 -0.744375
v 0.121984 0.553600 -0.680995
v -0.093631 0.566907 -0.574731
v -0.221930 0.738873 -0.899754
v -0.244371 0.693317 -0.635527
v 0.062687 0.450989 -0.448709
v -0.231969 0.783732 -0.898410
v -0.303916 0.463960 -0.634758
v -0.321319 0.447048 -0.574840
v -0.301182 0.474370 -0.633672
v -0.232108 0.526134 -0.412083
v -0.321957 0.511280 -0.618565
v -0.204335 0.664088 -0.728520
v -0.198267 0.756295 -0.914292
v -0.183908 0.687272 -0.528964
v -0.294937 0.433217 -0.665762
v -0.228366 0.730772 -0.720872
v -0.030011 0.385544 -0.406171
v -0.276204 0.524497 -0.422914
v -0.151658 0.378139 -0.443975
v 0.031141 0.574377 -0.635283
v -0.215565 0.786446 -0.914111
v -0.048726 0.419043 -0.758623
v -0.015546 0.384129 -0.395867
v -0.000817 0.384785 -0.392893
v 0.014688 0.384857 -0.392033
v 0.030217 0.384892 -0.391502
v 0.045763 0.384857 -0.392023
v 0.061272 0.384901 -0.391799
v 0.076812 0.384921 -0.391806
v 0.092356 0.384841 -0.392495
v 0.107113 0.386167 -0.396202
v 0.045283 0.412762 -0.800821
v -0.264792 0.522143 -0.415824
v 0.155263 0.386030 -0.423217
v 0.169308 0.384973 -0.426562
v -0.261559 0.691264 -0.605392
v -0.245267 0.744953 -0.742992
v -0.243117 0.717310 -0.687665
v -0.234586 0.704481 -0.667411
v -0.215936 0.387171 -0.447935
v -0.200441 0.387324 -0.446049
v -0.184919 0.387220 -0.447663
v -0.170324 0.387760 -0.445964
v -0.162711 0.384394 -0.443688
v -0.152985 0.386888 -0.443264
v -0.143531 0.386464 -0.443477
v -0.135238 0.387935 -0.445762
v -0.122812 0.386850 -0.451664
v -0.107271 0.386601 -0.455044
v -0.091777 0.386861 -0.451762
v -0.076209 0.386635 -0.455248
v -0.060537 0.386943 -0.451337
v -0.060923 0.798275 -0.681528
v -0.337790 0.540338 -0.465764
v -0.229602 0.354637 -0.464635
v 0.030781 0.554941 -0.681408
v -0.057431 0.398903 -0.772882
v -0.308501 0.416017 -0.636828
v 0.180941 0.537608 -0.515666
v -0.313308 0.491875 -0.590571
v -0.158305 0.390556 -0.444048
v 0.121977 0.581949 -0.604653
v 0.000907 0.398636 -0.395959
v 0.014698 0.400144 -0.393913
v 0.030221 0.400175 -0.393617
v 0.045757 0.400251 -0.392753
v 0.061296 0.400148 -0.394508
v 0.076266 0.399291 -0.395892
v 0.091003 0.395084 -0.396051
v 0.110103 0.393665 -0.399006
v 0.120907 0.387176 -0.401711
v -0.316492 0.457349 -0.560553
v -0.244730 0.706767 -0.820244
v 0.174766 0.388724 -0.429194
v -0.018682 0.526049 -0.492120
v -0.335854 0.555311 -0.604226
v -0.200697 0.680415 -0.743286
v -0.209099 0.681717 -0.675069
v -0.312891 0.524414 -0.639800
v -0.216204 0.693815 -0.589036
v 0.045129 0.576881 -0.540298
v -0.062576 0.481881 -0.732161
v -0.172823 0.673991 -0.515606
v -0.335318 0.555877 -0.497783
v -0.246172 0.401338 -0.462066
v -0.229092 0.401388 -0.455084
v -0.216578 0.403211 -0.449081
v -0.201169 0.399917 -0.444560
v -0.198222 0.399987 -0.443817
v -0.184927 0.399816 -0.445662
v -0.168670 0.400828 -0.446091
v -0.153878 0.402845 -0.447091
v -0.138323 0.402744 -0.448721
v -0.122733 0.402354 -0.454302
v -0.107293 0.402201 -0.455782
v -0.091737 0.402490 -0.452164
v -0.076220 0.401449 -0.450191
v -0.060696 0.402690 -0.449768
v -0.045658 0.401405 -0.437375
v 0.164948 0.564886 -0.589397
v -0.005946 0.403867 -0.399775
v 0.093303 0.403359 -0.399968
v 0.107853 0.402677 -0.402931
v 0.123463 0.400774 -0.405923
v 0.082026 0.402044 -0.795619
v 0.028845 0.738203 -0.726931
v 0.156771 0.402791 -0.430704
v 0.169387 0.400649 -0.430691
v 0.187383 0.528015 -0.669668
v -0.226263 0.401864 -0.721289
v -0.050001 0.406928 -0.446571
v 0.200071 0.540085 -0.573897
v 0.081264 0.406113 -0.398391
v 0.061628 0.539852 -0.698164
v -0.219871 0.724119 -0.902776
v 0.030443 0.784632 -0.773786
v -0.137333 0.556934 -0.681914
v -0.212861 0.681485 -0.651351
v -0.238316 0.408154 -0.459313
v -0.200429 0.415364 -0.446791
v -0.185558 0.417279 -0.445475
v -0.182711 0.409347 -0.443946
v -0.176058 0.409338 -0.444003
v -0.169411 0.416589 -0.447480
v -0.076199 0.416577 -0.448159
v -0.046386 0.417772 -0.446351
v 0.207570 0.532792 -0.565909
v 0.000488 0.417110 -0.405169
v 0.014038 0.419901 -0.404009
v 0.016924 0.412341 -0.397015
v 0.030220 0.412428 -0.396249
v 0.045748 0.412477 -0.395626
v 0.061284 0.412397 -0.396989
v 0.076787 0.418282 -0.401309
v 0.092314 0.418053 -0.405063
v 0.107168 0.415923 -0.410100
v 0.123349 0.411409 -0.411206
v -0.323263 0.616745 -0.498105
v 0.168879 0.416532 -0.434340
v -0.248103 0.768298 -0.868246
v -0.141786 0.647855 -0.605860
v -0.086444 0.561830 -0.655639
v 0.267028 0.439739 -0.626817
v -0.059630 0.754047 -0.677537
v -0.318652 0.417136 -0.544253
v -0.247468 0.416945 -0.462695
v -0.238184 0.417665 -0.458815
v -0.229279 0.417758 -0.457510
v -0.215998 0.418055 -0.453560
v -0.153870 0.418337 -0.449588
v -0.138293 0.418325 -0.449531
v -0.122778 0.417987 -0.454419
v -0.107306 0.417793 -0.456986
v -0.091672 0.418175 -0.451449
v -0.060696 0.418517 -0.447497
v 0.015299 0.575725 -0.574801
v 0.235080 0.498769 -0.557748
v 0.240493 0.491079 -0.560015
v 0.030240 0.421315 -0.401385
v 0.045751 0.420841 -0.400068
v 0.061274 0.421342 -0.401027
v 0.123296 0.420257 -0.417382
v -0.031139 0.557207 -0.558955
v -0.182742 0.662998 -0.497748
v -0.219422 0.687132 -0.653060
v 0.030978 0.436847 -0.417460
v -0.128960 0.470482 -0.734863
v -0.214368 0.686858 -0.634548
v -0.061248 0.559520 -0.574543
v 0.076047 0.566748 -0.514177
v 0.047641 0.431130 -0.408491
v 0.110019 0.423581 -0.415451
v -0.310216 0.479577 -0.590517
v -0.232998 0.336827 -0.476366
v -0.069458 0.781353 -0.658287
v 0.219732 0.515304 -0.539177
v 0.037808 0.578998 -0.615970
v -0.157850 0.661705 -0.559352
v -0.244985 0.432090 -0.464824
v -0.228169 0.428665 -0.458513
v -0.215427 0.432664 -0.457583
v -0.201337 0.432426 -0.453986
v -0.184929 0.430684 -0.451858
v -0.169401 0.430658 -0.452574
v -0.153854 0.430755 -0.450821
v -0.138299 0.430811 -0.450582
v -0.122145 0.431810 -0.455554
v -0.108025 0.431313 -0.458169
v -0.092295 0.432783 -0.455637
v -0.076932 0.431793 -0.450628
v -0.060708 0.431006 -0.446956
v -0.046139 0.431265 -0.449917
v -0.031851 0.431008 -0.447651
v 0.089887 0.440865 -0.426481
v -0.322709 0.601411 -0.513553
v 0.075237 0.432360 -0.409922
v 0.001128 0.430380 -0.420753
v 0.014829 0.429594 -0.413261
v 0.030281 0.430094 -0.409471
v 0.090005 0.429852 -0.411612
v 0.090773 0.435278 -0.418290
v 0.107760 0.432345 -0.422246
v 0.121959 0.430305 -0.425326
v 0.136274 0.426046 -0.426287
v 0.140169 0.431268 -0.431409
v 0.153501 0.431001 -0.435010
v 0.170769 0.431541 -0.438372
v -0.322630 0.506698 -0.543317
v -0.246939 0.658892 -0.774604
v -0.218420 0.351201 -0.461216
v -0.122093 0.416655 -0.744065
v -0.232017 0.509890 -0.685971
v -0.108079 0.573490 -0.604787
v -0.230116 0.436995 -0.460841
v -0.048849 0.544455 -0.541588
v -0.144802 0.633786 -0.605813
v -0.225533 0.737851 -0.891541
v 0.043889 0.437081 -0.415305
v -0.202925 0.678942 -0.774082
v -0.201953 0.721941 -0.834301
v 0.125518 0.435107 -0.429172
v -0.215903 0.586851 -0.682919
v 0.240092 0.458620 -0.678806
v -0.261523 0.690232 -0.653641
v -0.278691 0.683246 -0.621116
v -0.118846 0.577087 -0.606600
v -0.275357 0.691670 -0.574158
v -0.254459 0.672907 -0.786772
v -0.220491 0.439601 -0.460019
v -0.199554 0.447257 -0.457254
v -0.184931 0.446146 -0.455516
v -0.169389 0.446162 -0.455595
v -0.153238 0.444362 -0.455363
v -0.139232 0.444895 -0.455594
v -0.123349 0.446822 -0.457754
v -0.105095 0.439582 -0.459983
v -0.087307 0.442862 -0.456988
v -0.074507 0.445435 -0.455232
v -0.060720 0.446283 -0.453170
v -0.047384 0.446292 -0.452579
v -0.031855 0.446542 -0.448877
v -0.016484 0.447028 -0.449271
v -0.138363 0.599678 -0.558667
v -0.107340 0.543568 -0.525302
v 0.015629 0.441699 -0.435769
v -0.213736 0.753460 -0.911867
v -0.308509 0.461935 -0.543957
v -0.270828 0.720466 -0.743306
v -0.277591 0.491894 -0.451339
v -0.206104 0.705074 -0.718934
v 0.030840 0.772492 -0.769971
v -0.154711 0.647206 -0.574842
v 0.093653 0.445880 -0.436970
v 0.107998 0.447084 -0.435547
v 0.123403 0.447330 -0.433316
v 0.138806 0.447390 -0.435234
v 0.153864 0.447238 -0.439011
v 0.166581 0.444285 -0.441553
v -0.107168 0.537357 -0.518489
v -0.278927 0.637296 -0.447606
v -0.169763 0.289163 -0.495899
v -0.153102 0.416375 -0.741973
v -0.137599 0.416424 -0.741912
v 0.082928 0.578262 -0.535632
v -0.077979 0.553482 -0.666197
v -0.243443 0.447362 -0.470162
v -0.229266 0.448663 -0.464688
v -0.218964 0.449961 -0.461329
v -0.213007 0.447996 -0.458821
v -0.113931 0.445923 -0.459020
v -0.106331 0.449373 -0.462226
v -0.092651 0.449486 -0.461569
v -0.000170 0.448472 -0.450392
v 0.014418 0.448741 -0.449219
v 0.028679 0.451051 -0.448487
v -0.228400 0.342270 -0.471160
v -0.326256 0.525037 -0.621798
v -0.076216 0.565982 -0.605470
v -0.046177 0.551462 -0.652493
v -0.261494 0.661093 -0.697977
v -0.278826 0.478515 -0.666983
v -0.030969 0.754180 -0.730949
v -0.246556 0.462877 -0.699799
v 0.194380 0.535617 -0.530772
v -0.250990 0.450173 -0.476002
v -0.156096 0.452196 -0.459834
v -0.133913 0.452129 -0.459694
v -0.080688 0.452085 -0.460797
v 0.045330 0.450798 -0.448587
v -0.061958 0.771856 -0.666352
v 0.076161 0.451795 -0.446996
v 0.090297 0.452619 -0.447004
v -0.174302 0.686526 -0.543489
v -0.199253 0.708181 -0.758850
v 0.269176 0.417041 -0.545567
v -0.327441 0.604162 -0.573450
v -0.258393 0.463743 -0.483745
v -0.246422 0.463944 -0.478284
v -0.240474 0.457603 -0.473581
v -0.228650 0.462219 -0.470574
v -0.215977 0.464261 -0.466661
v -0.201181 0.462397 -0.462634
v -0.184922 0.458452 -0.458664
v -0.173827 0.458532 -0.458958
v -0.167917 0.462501 -0.461862
v -0.153328 0.463597 -0.465190
v -0.139096 0.462346 -0.464256
v -0.122813 0.461547 -0.460847
v -0.106485 0.462281 -0.466641
v -0.091780 0.464176 -0.469702
v -0.076884 0.463794 -0.466218
v -0.060710 0.458442 -0.458991
v -0.043858 0.459883 -0.456326
v -0.029638 0.461879 -0.453874
v -0.016351 0.461891 -0.453726
v -0.000834 0.461938 -0.453632
v 0.014661 0.460821 -0.452439
v 0.030244 0.462039 -0.451791
v 0.046727 0.460576 -0.450976
v -0.328568 0.616450 -0.560209
v 0.061644 0.461826 -0.450014
v 0.074337 0.462284 -0.450447
v 0.092378 0.461751 -0.452570
v 0.107186 0.462373 -0.448922
v 0.112446 0.459120 -0.443170
v 0.123467 0.459240 -0.440198
v 0.138826 0.459284 -0.440817
v 0.147660 0.459179 -0.442713
v 0.153949 0.463001 -0.448075
v -0.015503 0.401094 -0.403527
v 0.276196 0.402326 -0.588568
v -0.131742 0.715153 -0.613792
v -0.263208 0.477973 -0.681973
v -0.045227 0.548600 -0.547454
v -0.276271 0.682661 -0.514167
v -0.184925 0.464573 -0.461582
v -0.060706 0.464513 -0.462188
v -0.047418 0.464683 -0.460384
v 0.123450 0.465156 -0.446371
v 0.138873 0.465189 -0.446685
v -0.259815 0.491816 -0.677997
v 0.203138 0.514267 -0.510600
v -0.150649 0.616363 -0.636523
v -0.230098 0.385102 -0.722686
v -0.215134 0.386384 -0.728423
v -0.231510 0.469998 -0.475744
v -0.199112 0.476568 -0.470474
v -0.184929 0.476702 -0.469176
v -0.169401 0.476779 -0.468645
v -0.154501 0.478490 -0.471386
v -0.137752 0.477291 -0.469243
v -0.122806 0.476890 -0.467562
v -0.109927 0.476046 -0.470562
v -0.072968 0.475103 -0.471175
v -0.060749 0.476770 -0.469481
v -0.045810 0.477434 -0.466990
v -0.030926 0.478863 -0.463031
v -0.029667 0.471065 -0.458354
v -0.015457 0.473580 -0.457723
v -0.000076 0.475267 -0.457462
v 0.014745 0.477506 -0.454797
v 0.030262 0.477615 -0.453062
v 0.045778 0.477740 -0.450809
v 0.061767 0.477486 -0.451353
v 0.076720 0.477530 -0.454395
v 0.090561 0.476638 -0.457708
v 0.107204 0.478832 -0.462347
v 0.110097 0.470965 -0.457600
v 0.124942 0.472950 -0.454373
v 0.138890 0.474053 -0.455581
v 0.154360 0.470996 -0.455557
v 0.182721 0.476543 -0.472459
v 0.184233 0.464222 -0.466973
v -0.081504 0.771970 -0.702711
v -0.260784 0.722598 -0.713194
v 0.268885 0.439913 -0.604693
v -0.151684 0.715294 -0.613559
v -0.302163 0.553173 -0.659879
v -0.117834 0.470561 -0.736470
v -0.245498 0.479909 -0.478749
v -0.229332 0.479303 -0.477961
v -0.215994 0.476470 -0.473155
v -0.102002 0.480720 -0.476568
v -0.091770 0.479545 -0.477445
v -0.077655 0.481479 -0.475922
v -0.017469 0.481860 -0.461626
v 0.096835 0.479895 -0.460118
v 0.121914 0.481013 -0.464675
v 0.153430 0.479520 -0.463988
v 0.168316 0.477346 -0.467485
v -0.014746 0.551132 -0.528999
v -0.177358 0.703259 -0.612005
v -0.182460 0.599368 -0.670943
v -0.137635 0.432491 -0.743049
v 0.000203 0.800792 -0.759506
v -0.107095 0.680643 -0.678729
v -0.215983 0.482600 -0.475797
v -0.207116 0.482689 -0.474812
v -0.003055 0.483488 -0.460582
v 0.138906 0.483108 -0.464561
v 0.271660 0.418102 -0.635635
v 0.276364 0.387304 -0.573628
v -0.326214 0.601540 -0.589533
v -0.263438 0.708012 -0.696421
v 0.061891 0.477852 -0.743466
v -0.216284 0.616127 -0.679805
v -0.077463 0.755263 -0.711598
v -0.215695 0.554490 -0.684777
v 0.046288 0.477912 -0.745695
v -0.076667 0.714970 -0.705501
v -0.216423 0.526633 -0.685689
v -0.231687 0.488319 -0.476532
v -0.214635 0.493327 -0.477663
v -0.199406 0.494556 -0.480412
v -0.184921 0.494875 -0.481699
v -0.169399 0.494921 -0.481988
v -0.153886 0.494946 -0.481589
v -0.138158 0.494526 -0.480561
v -0.123444 0.493390 -0.479537
v -0.107238 0.495056 -0.482978
v -0.092301 0.494113 -0.484869
v -0.075402 0.493691 -0.483569
v -0.060750 0.494958 -0.482634
v -0.046981 0.495790 -0.480675
v -0.040856 0.489229 -0.472943
v -0.029727 0.492455 -0.470478
v -0.016368 0.492565 -0.467031
v -0.000809 0.492692 -0.463774
v 0.014747 0.489814 -0.458378
v 0.031233 0.492574 -0.456855
v 0.045790 0.492989 -0.456182
v 0.061290 0.493014 -0.456114
v 0.076765 0.493048 -0.456673
v 0.090123 0.491603 -0.458238
v 0.098185 0.492712 -0.460874
v 0.107877 0.493872 -0.465145
v 0.122451 0.493236 -0.469583
v 0.138905 0.492331 -0.469226
v 0.152172 0.492183 -0.471926
v 0.163273 0.489002 -0.472502
v 0.169210 0.492973 -0.477372
v 0.183354 0.493318 -0.481653
v -0.296914 0.481748 -0.637058
v -0.202620 0.707940 -0.821020
v -0.169920 0.314246 -0.472644
v 0.187745 0.437472 -0.733877
v -0.150797 0.666416 -0.660492
v -0.245146 0.492653 -0.450722
v -0.091844 0.477491 -0.734257
v -0.137143 0.665090 -0.662865
v -0.169593 0.661388 -0.654062
v -0.216009 0.416080 -0.725177
v -0.280988 0.418680 -0.686671
v 0.014726 0.495943 -0.461465
v 0.023670 0.495923 -0.459526
v 0.126229 0.577863 -0.551753
v -0.061085 0.416405 -0.754600
v -0.241448 0.489058 -0.691217
v -0.106560 0.416951 -0.747441
v 0.093745 0.481635 -0.735061
v -0.061216 0.724940 -0.712048
v -0.337919 0.523094 -0.544214
v -0.140592 0.501232 -0.486861
v -0.120608 0.501232 -0.486866
v -0.087323 0.500945 -0.490308
v -0.080717 0.500989 -0.490273
v -0.122126 0.432536 -0.742395
v -0.153202 0.432464 -0.743454
v -0.168818 0.432261 -0.740770
v 0.187537 0.526481 -0.510326
v 0.029583 0.478847 -0.744241
v -0.275871 0.614667 -0.665739
v -0.106628 0.432716 -0.743571
v -0.014138 0.161601 -0.410919
v 0.123606 0.465387 -0.734473
v -0.188139 0.586075 -0.676318
v -0.271108 0.570185 -0.675546
v -0.108955 0.470570 -0.736213
v -0.260104 0.385331 -0.708423
v -0.246139 0.385364 -0.716365
v 0.106245 0.462032 -0.738803
v -0.168504 0.384263 -0.740776
v -0.029297 0.738797 -0.723582
v -0.092161 0.708218 -0.698816
v 0.048215 0.172285 -0.429976
v 0.059455 0.172210 -0.433265
v -0.152962 0.384368 -0.741274
v -0.197241 0.522426 -0.466591
v -0.062160 0.706449 -0.701478
v -0.291868 0.540813 -0.663735
v -0.061340 0.738139 -0.717108
v 0.001181 0.755456 -0.742830
v 0.137209 0.170308 -0.448986
v 0.152071 0.172129 -0.454203
v -0.151394 0.538851 -0.496046
v 0.195476 0.462679 -0.472423
v 0.213007 0.463219 -0.485602
v -0.057826 0.427048 -0.751641
v -0.200261 0.554419 -0.683593
v 0.076290 0.478319 -0.738822
v -0.214200 0.509778 -0.695555
v -0.153078 0.156003 -0.450941
v -0.138133 0.157683 -0.451026
v -0.030858 0.168902 -0.405012
v -0.014938 0.171332 -0.408466
v 0.002827 0.171168 -0.415694
v 0.015783 0.171829 -0.419804
v 0.030301 0.172002 -0.424735
v -0.182410 0.386464 -0.738877
v 0.042166 0.167815 -0.427745
v -0.209616 0.542796 -0.433094
v -0.185225 0.598614 -0.486109
v 0.106281 0.170698 -0.443456
v 0.091970 0.463389 -0.741369
v 0.120660 0.173184 -0.445948
v 0.161948 0.176649 -0.458049
v -0.014427 0.739399 -0.695467
v -0.151863 0.555749 -0.495881
v -0.001606 0.800985 -0.728803
v -0.028894 0.800391 -0.696937
v -0.168713 0.416377 -0.742487
v -0.181105 0.416729 -0.739220
v -0.189197 0.414586 -0.733207
v -0.199697 0.415365 -0.729544
v -0.144280 0.676743 -0.596513
v -0.184531 0.570565 -0.470166
v -0.277749 0.569988 -0.671133
v -0.277062 0.487818 -0.466515
v -0.179997 0.428919 -0.738523
v 0.002040 0.819737 -0.740525
v -0.141417 0.570785 -0.514097
v -0.166040 0.555507 -0.479573
v -0.076759 0.724831 -0.709424
v -0.166227 0.160471 -0.440246
v -0.152738 0.161068 -0.440890
v -0.138765 0.162505 -0.442623
v -0.123864 0.160294 -0.450725
v 0.061255 0.434238 -0.775047
v -0.005351 0.175132 -0.411970
v 0.136252 0.187294 -0.447430
v 0.153026 0.185835 -0.451402
v 0.164726 0.186026 -0.457835
v 0.172805 0.184552 -0.464574
v 0.179459 0.186123 -0.470963
v 0.182960 0.416520 -0.438897
v 0.013845 0.800364 -0.744398
v 0.214931 0.431626 -0.467451
v 0.189334 0.181547 -0.497661
v 0.200274 0.184183 -0.509965
v -0.262173 0.554115 -0.679376
v 0.275127 0.387187 -0.635631
v -0.062137 0.683949 -0.664011
v -0.321538 0.616605 -0.529172
v -0.169557 0.571144 -0.482244
v -0.093323 0.432858 -0.745142
v 0.202329 0.493748 -0.492542
v -0.261719 0.676447 -0.698126
v -0.170796 0.630476 -0.513847
v -0.182667 0.646552 -0.499471
v -0.286949 0.673226 -0.500749
v -0.228258 0.587617 -0.434675
v -0.168274 0.169667 -0.436783
v -0.152601 0.171232 -0.439206
v -0.142289 0.170583 -0.442617
v -0.135119 0.173423 -0.445162
v -0.121731 0.171192 -0.448518
v -0.156379 0.600472 -0.514654
v -0.304645 0.499062 -0.512128
v 0.195180 0.491686 -0.485757
v -0.030501 0.186621 -0.405972
v -0.015221 0.186474 -0.408927
v -0.005592 0.187470 -0.412144
v 0.002923 0.187763 -0.415364
v 0.042341 0.186242 -0.428433
v -0.000576 0.754481 -0.713124
v -0.030421 0.754941 -0.698027
v -0.170608 0.646026 -0.513013
v 0.169359 0.526561 -0.495777
v 0.243010 0.385730 -0.711113
v 0.185311 0.185469 -0.481674
v 0.192474 0.443093 -0.458590
v 0.242596 0.429869 -0.499079
v 0.196843 0.190821 -0.497568
v -0.016585 0.708299 -0.667637
v 0.019540 0.774799 -0.737415
v -0.218164 0.512541 -0.436336
v -0.056964 0.754640 -0.721879
v 0.181145 0.522849 -0.501615
v -0.044837 0.708991 -0.648304
v -0.108551 0.677283 -0.621533
v -0.245409 0.569977 -0.684173
v -0.041553 0.771338 -0.693192
v -0.015755 0.784549 -0.714305
v 0.000017 0.784569 -0.726620
v -0.063638 0.737375 -0.670744
v -0.087597 0.737794 -0.648481
v -0.044282 0.186452 -0.407702
v -0.198631 0.708115 -0.789921
v -0.174025 0.542972 -0.471721
v -0.167089 0.539046 -0.479619
v -0.173886 0.555602 -0.471453
v -0.158615 0.540891 -0.487689
v -0.055876 0.770286 -0.676129
v 0.199145 0.507235 -0.500176
v 0.138017 0.202158 -0.449972
v 0.153623 0.200406 -0.452809
v 0.164241 0.200068 -0.457674
v 0.171118 0.202197 -0.462385
v 0.180939 0.201344 -0.469347
v 0.189061 0.201169 -0.477163
v 0.196326 0.201687 -0.485191
v 0.212568 0.189771 -0.515595
v -0.183739 0.587156 -0.479510
v -0.216350 0.500681 -0.467143
v -0.210356 0.489994 -0.707679
v -0.226701 0.506317 -0.690928
v -0.076852 0.738047 -0.712760
v -0.074404 0.415804 -0.751607
v -0.327114 0.504306 -0.559477
v 0.255970 0.415761 -0.515006
v -0.134631 0.570401 -0.527929
v -0.172306 0.586078 -0.487015
v -0.015681 0.771743 -0.712583
v -0.025807 0.771347 -0.705561
v -0.046314 0.738595 -0.680761
v 0.010191 0.783449 -0.733990
v -0.074997 0.738433 -0.663750
v -0.120515 0.694605 -0.616489
v -0.131366 0.576135 -0.540193
v 0.243790 0.370886 -0.710221
v -0.140635 0.586396 -0.528055
v -0.153517 0.678003 -0.589998
v 0.246560 0.416347 -0.497294
v -0.216298 0.539982 -0.422349
v -0.000843 0.720837 -0.681511
v -0.027349 0.742032 -0.692273
v 0.185619 0.509924 -0.494703
v 0.191937 0.414040 -0.443795
v -0.041122 0.758179 -0.692673
v -0.066208 0.757085 -0.669108
v -0.049264 0.771349 -0.684808
v 0.204712 0.202917 -0.495928
v -0.153944 0.571035 -0.497168
v -0.219551 0.614412 -0.454429
v -0.072110 0.752217 -0.663450
v -0.210315 0.458690 -0.722122
v 0.259972 0.205341 -0.512447
v -0.292446 0.338930 -0.574284
v -0.200394 0.570619 -0.681406
v 0.226429 0.416390 -0.470313
v 0.157699 0.531004 -0.493196
v -0.218507 0.555502 -0.424286
v -0.227866 0.557213 -0.416754
v 0.020366 0.802573 -0.753559
v -0.013768 0.757808 -0.708295
v -0.150489 0.191030 -0.445771
v -0.184477 0.539710 -0.466133
v -0.173328 0.661569 -0.514670
v -0.169330 0.617846 -0.511682
v -0.107021 0.692662 -0.618149
v -0.125106 0.677424 -0.609316
v -0.213549 0.630878 -0.466184
v -0.321765 0.498365 -0.590552
v -0.185164 0.525625 -0.471721
v 0.266866 0.386062 -0.526761
v -0.185715 0.630887 -0.498442
v -0.165618 0.647064 -0.528202
v -0.001762 0.817399 -0.728811
v -0.169654 0.524065 -0.483410
v -0.230552 0.599694 -0.436224
v -0.189551 0.661612 -0.487091
v 0.210156 0.206400 -0.501354
v -0.199665 0.540360 -0.452897
v 0.271170 0.208111 -0.517546
v 0.276944 0.204010 -0.527496
v 0.289145 0.208685 -0.532344
v 0.291537 0.203820 -0.542869
v 0.301152 0.207991 -0.548666
v 0.303568 0.206002 -0.559282
v -0.081715 0.739524 -0.656646
v -0.166924 0.661239 -0.527263
v 0.001882 0.772517 -0.724010
v 0.028389 0.770978 -0.744461
v -0.126198 0.691835 -0.611782
v -0.017937 0.750098 -0.702098
v -0.202923 0.618260 -0.483895
v -0.200806 0.646733 -0.478780
v 0.024903 0.784593 -0.749084
v 0.017710 0.785010 -0.741633
v -0.136767 0.676757 -0.601245
v -0.047689 0.694659 -0.654384
v 0.197670 0.430390 -0.454973
v 0.199974 0.478000 -0.481259
v -0.048855 0.754216 -0.685940
v 0.016097 0.724677 -0.712082
v 0.009807 0.816766 -0.745849
v 0.017019 0.757690 -0.724549
v 0.016008 0.816550 -0.758526
v 0.244097 0.448976 -0.513597
v 0.209758 0.475480 -0.488011
v 0.215459 0.479326 -0.496675
v 0.140071 0.213988 -0.447305
v 0.152458 0.216458 -0.453627
v 0.160436 0.212999 -0.459969
v 0.169874 0.215909 -0.464115
v 0.183198 0.217003 -0.471575
v 0.198689 0.216455 -0.480859
v -0.210502 0.573263 -0.448819
v -0.203590 0.567358 -0.454238
v 0.224050 0.472378 -0.502541
v 0.267986 0.215984 -0.507005
v 0.277143 0.218702 -0.511520
v 0.287186 0.220768 -0.518141
v 0.294255 0.217905 -0.527486
v 0.306993 0.217375 -0.543347
v 0.249873 0.432173 -0.511939
v -0.158804 0.554366 -0.487357
v -0.178871 0.659239 -0.505839
v -0.112304 0.708219 -0.625813
v 0.230063 0.477567 -0.513387
v -0.199687 0.602607 -0.481443
v -0.182820 0.617842 -0.499891
v -0.147028 0.574068 -0.506733
v -0.074744 0.679441 -0.650971
v -0.216634 0.570830 -0.437139
v -0.094610 0.693875 -0.624223
v -0.229532 0.503394 -0.435873
v -0.007779 0.716608 -0.671622
v -0.017019 0.716382 -0.665525
v -0.017034 0.801020 -0.712061
v -0.092414 0.676813 -0.634635
v 0.136120 0.219243 -0.440489
v 0.161079 0.219103 -0.458953
v 0.208726 0.219917 -0.487536
v 0.269951 0.222323 -0.504011
v 0.301964 0.222019 -0.531926
v 0.315104 0.220834 -0.549806
v -0.014643 0.704476 -0.682140
v 0.123368 0.525497 -0.712766
v -0.001461 0.738363 -0.699429
v 0.013548 0.770389 -0.730518
v 0.211021 0.416053 -0.457791
v 0.271487 0.401903 -0.650550
v 0.241278 0.491470 -0.621808
v -0.218434 0.599367 -0.453950
v -0.227818 0.631573 -0.449359
v 0.267189 0.418995 -0.539649
v -0.046080 0.725722 -0.668686
v -0.089164 0.725351 -0.649199
v -0.075145 0.706234 -0.632818
v -0.031194 0.728837 -0.678419
v -0.092807 0.712617 -0.638745
v -0.139774 0.599036 -0.621659
v -0.251310 0.718695 -0.805692
v 0.026274 0.799630 -0.761388
v 0.006388 0.800990 -0.736783
v -0.146372 0.621175 -0.624294
v -0.063029 0.717567 -0.653296
v -0.068868 0.768115 -0.658527
v 0.128035 0.225939 -0.428685
v 0.138552 0.230877 -0.434209
v 0.151995 0.235106 -0.437736
v 0.153689 0.225844 -0.446144
v 0.168535 0.232181 -0.450568
v 0.173010 0.226083 -0.461132
v 0.185214 0.231301 -0.466831
v 0.197432 0.236036 -0.471200
v 0.201930 0.229654 -0.477800
v 0.213773 0.234750 -0.483174
v 0.218015 0.227581 -0.493576
v -0.204187 0.525148 -0.452577
v -0.210886 0.555887 -0.435018
v -0.205999 0.538892 -0.440199
v -0.342348 0.555578 -0.575424
v -0.118025 0.672385 -0.615802
v 0.175133 0.513432 -0.491360
v 0.280971 0.228809 -0.507527
v 0.291091 0.232292 -0.514066
v 0.306933 0.231714 -0.528478
v 0.311669 0.228210 -0.537371
v 0.320685 0.231443 -0.545226
v -0.214338 0.510128 -0.450103
v -0.275161 0.478264 -0.498758
v -0.196980 0.509499 -0.479704
v -0.143903 0.660585 -0.596192
v -0.215789 0.770459 -0.912067
v -0.060509 0.690152 -0.649590
v 0.230546 0.430925 -0.482696
v 0.217441 0.417641 -0.463067
v -0.033175 0.784997 -0.698246
v -0.230529 0.510768 -0.423164
v -0.030181 0.721364 -0.668263
v -0.060192 0.726059 -0.664046
v -0.225587 0.616945 -0.446570
v -0.102592 0.670290 -0.629927
v -0.015031 0.726465 -0.681096
v 0.002473 0.713495 -0.696144
v -0.078122 0.723338 -0.653980
v 0.139802 0.418426 -0.759092
v 0.133405 0.236768 -0.425961
v 0.164407 0.237337 -0.440821
v 0.179019 0.237681 -0.456136
v -0.212809 0.617359 -0.466211
v -0.162512 0.660815 -0.539288
v 0.301545 0.235135 -0.520572
v -0.162954 0.577335 -0.490667
v 0.226629 0.462529 -0.498720
v -0.144243 0.635173 -0.620319
v -0.337865 0.524215 -0.590105
v -0.122046 0.659578 -0.619206
v -0.302626 0.496904 -0.630876
v -0.132941 0.554670 -0.525900
v 0.177010 0.460513 -0.457507
v -0.026046 0.784534 -0.705770
v -0.097187 0.725341 -0.641336
v -0.136124 0.660474 -0.604449
v -0.200538 0.722040 -0.805454
v -0.119573 0.753069 -0.678995
v 0.277326 0.387352 -0.620134
v -0.049882 0.406460 -0.777523
v 0.186497 0.434062 -0.448261
v 0.291987 0.246906 -0.509355
v 0.305071 0.248264 -0.516910
v 0.311700 0.243385 -0.524045
v 0.318583 0.248781 -0.529682
v 0.325974 0.246303 -0.540827
v 0.331994 0.247926 -0.549603
v 0.170547 0.451437 -0.447956
v 0.017181 0.740173 -0.709602
v 0.011843 0.735730 -0.701750
v -0.128607 0.568178 -0.541943
v -0.209747 0.507389 -0.465189
v -0.057093 0.741803 -0.676835
v -0.327086 0.616268 -0.573555
v -0.231257 0.570436 -0.421634
v 0.127730 0.247425 -0.415837
v 0.136927 0.249136 -0.423323
v 0.143268 0.245210 -0.429799
v 0.153230 0.248710 -0.430905
v 0.167863 0.249037 -0.437006
v 0.175190 0.245747 -0.445995
v 0.182858 0.249216 -0.452165
v 0.199629 0.248039 -0.465255
v 0.211476 0.250538 -0.471476
v 0.218480 0.248263 -0.478512
v 0.225589 0.248712 -0.486163
v 0.209189 0.502018 -0.504539
v -0.091689 0.702751 -0.625639
v -0.341804 0.570876 -0.559967
v -0.257777 0.297986 -0.574776
v -0.097870 0.683255 -0.626830
v 0.003001 0.729206 -0.691183
v -0.144640 0.539367 -0.503494
v -0.211108 0.601479 -0.467865
v -0.257783 0.798713 -0.879358
v -0.145356 0.564692 -0.504331
v 0.193539 0.251846 -0.458408
v 0.250915 0.368806 -0.698821
v 0.233526 0.417407 -0.478744
v -0.139835 0.555016 -0.512161
v -0.200540 0.739299 -0.880858
v -0.108099 0.660790 -0.651448
v -0.149296 0.660710 -0.588309
v -0.128149 0.702483 -0.612045
v -0.105212 0.712336 -0.633441
v -0.149668 0.586496 -0.510431
v -0.207395 0.608374 -0.476973
v -0.183701 0.607095 -0.494164
v -0.170327 0.600501 -0.499200
v -0.158030 0.586025 -0.500731
v -0.189474 0.583590 -0.474435
v 0.127838 0.264720 -0.416068
v 0.138196 0.262616 -0.422675
v 0.150998 0.265934 -0.427524
v 0.158412 0.262710 -0.429107
v 0.169598 0.264409 -0.434342
v 0.177945 0.264322 -0.441830
v 0.185390 0.263702 -0.448212
v 0.196631 0.265156 -0.454750
v 0.204342 0.264366 -0.462145
v 0.215252 0.263913 -0.468710
v 0.230360 0.264356 -0.481705
v 0.236066 0.259836 -0.493117
v 0.241632 0.264454 -0.498967
v -0.232400 0.614161 -0.438765
v 0.307489 0.262977 -0.515632
v 0.320651 0.262799 -0.527865
v 0.327512 0.262499 -0.537518
v 0.333934 0.262332 -0.546653
v -0.009487 0.800995 -0.720710
v -0.077159 0.715820 -0.647378
v -0.045758 0.785010 -0.681832
v -0.165206 0.606831 -0.509550
v 0.182521 0.447832 -0.453440
v -0.103640 0.724738 -0.632658
v -0.221396 0.565517 -0.426969
v -0.200022 0.630729 -0.481695
v -0.194276 0.617735 -0.493071
v -0.209833 0.587676 -0.462369
v -0.235580 0.586217 -0.426588
v -0.246301 0.587128 -0.419930
v -0.081254 0.681228 -0.640545
v -0.205965 0.555663 -0.443423
v -0.199328 0.555490 -0.453577
v -0.337226 0.540902 -0.497697
v -0.185219 0.555521 -0.464472
v 0.251248 0.416074 -0.506198
v 0.240075 0.416641 -0.487259
v -0.020075 0.735492 -0.689588
v 0.180616 0.429666 -0.441910
v -0.314145 0.429438 -0.624223
v 0.277509 0.399859 -0.604677
v -0.335963 0.540786 -0.513211
v 0.235866 0.371590 -0.719535
v -0.251287 0.681128 -0.789799
v 0.224279 0.270602 -0.472231
v 0.322840 0.277801 -0.528465
v 0.334861 0.277578 -0.545431
v 0.210976 0.492550 -0.500356
v -0.031530 0.736692 -0.685912
v -0.197943 0.756767 -0.896391
v -0.246155 0.340518 -0.481932
v 0.120544 0.278572 -0.407769
v 0.127953 0.277464 -0.415243
v 0.138304 0.279177 -0.418806
v 0.151297 0.278968 -0.425650
v 0.158892 0.279064 -0.430256
v 0.169198 0.279282 -0.434831
v 0.178400 0.279333 -0.441036
v 0.185649 0.279360 -0.446137
v 0.199315 0.279552 -0.453662
v 0.213493 0.279556 -0.464355
v 0.225172 0.279694 -0.470813
v 0.233117 0.279610 -0.478842
v 0.239834 0.280373 -0.487352
v 0.245748 0.278580 -0.497433
v 0.251104 0.278518 -0.507584
v -0.203636 0.512500 -0.468764
v -0.052365 0.706546 -0.642672
v -0.234935 0.628004 -0.442327
v 0.013606 0.750291 -0.716848
v 0.000245 0.754929 -0.728270
v -0.163451 0.520290 -0.491856
v 0.007651 0.723097 -0.688328
v -0.331963 0.555205 -0.613086
v 0.025729 0.736637 -0.715796
v 0.147856 0.413124 -0.425764
v -0.061647 0.705942 -0.638298
v 0.134734 0.295795 -0.410447
v 0.142495 0.292065 -0.416161
v 0.153142 0.294696 -0.422836
v 0.159638 0.288081 -0.429094
v 0.169086 0.294155 -0.434899
v 0.177558 0.294137 -0.442157
v 0.185091 0.294202 -0.446865
v 0.199047 0.294433 -0.453953
v 0.213897 0.294654 -0.463665
v 0.227266 0.294672 -0.471621
v 0.235627 0.294607 -0.479037
v 0.241419 0.294420 -0.486298
v 0.249035 0.294616 -0.497610
v 0.252242 0.287744 -0.505675
v 0.256747 0.293184 -0.514952
v -0.207480 0.614736 -0.477057
v 0.189019 0.482280 -0.476593
v 0.320956 0.294281 -0.531064
v 0.333236 0.294336 -0.545466
v 0.339540 0.293924 -0.558070
v -0.127341 0.663675 -0.611215
v -0.158190 0.673841 -0.574696
v 0.006169 0.742284 -0.706131
v -0.190103 0.646748 -0.486744
v 0.235995 0.385013 -0.718851
v -0.218579 0.524906 -0.422893
v -0.344022 0.555789 -0.544315
v 0.327485 0.299099 -0.539758
v -0.032992 0.771354 -0.700322
v -0.063002 0.545887 -0.670508
v -0.040431 0.781242 -0.691440
v 0.267591 0.439779 -0.582540
v -0.182123 0.520701 -0.476041
v 0.161256 0.300182 -0.426650
v -0.207759 0.745504 -0.828961
v -0.310627 0.492318 -0.558349
v 0.191187 0.419901 -0.444855
v 0.260675 0.386005 -0.682121
v 0.167116 0.462955 -0.454041
v 0.254495 0.384462 -0.694614
v -0.220209 0.631050 -0.456263
v -0.199357 0.694190 -0.774384
v -0.307226 0.509221 -0.635205
v 0.136532 0.309570 -0.409954
v 0.143002 0.306163 -0.413971
v 0.153007 0.309305 -0.418967
v 0.164185 0.309368 -0.426204
v 0.172385 0.308772 -0.432354
v 0.179492 0.310713 -0.439316
v 0.185797 0.308494 -0.447322
v 0.197145 0.308762 -0.454938
v 0.213898 0.309451 -0.463540
v 0.224997 0.309522 -0.470903
v 0.233415 0.309469 -0.478232
v 0.241262 0.309327 -0.486402
v 0.249089 0.308615 -0.496837
v 0.257673 0.308300 -0.513547
v -0.319145 0.499167 -0.557896
v 0.316834 0.304936 -0.534337
v 0.322907 0.309800 -0.544086
v 0.330172 0.306513 -0.548768
v 0.334800 0.308116 -0.559776
v 0.210909 0.444720 -0.470801
v -0.154147 0.523531 -0.497887
v 0.272431 0.386948 -0.651146
v -0.201687 0.273839 -0.543065
v 0.174529 0.466209 -0.461105
v 0.250659 0.386226 -0.700580
v 0.203244 0.312156 -0.459459
v 0.253307 0.311774 -0.504114
v -0.322389 0.417199 -0.559176
v 0.163710 0.519277 -0.488378
v -0.333175 0.507879 -0.575310
v 0.229826 0.373697 -0.724916
v -0.144677 0.586343 -0.518875
v -0.004833 0.768104 -0.718166
v -0.056769 0.793814 -0.709650
v -0.223934 0.540610 -0.415049
v -0.112589 0.663695 -0.624972
v -0.145272 0.555223 -0.504256
v 0.234907 0.496617 -0.635532
v -0.039373 0.716191 -0.655022
v 0.138395 0.324178 -0.408773
v 0.153429 0.323770 -0.417112
v 0.168556 0.325722 -0.423606
v 0.175268 0.321633 -0.429585
v 0.183033 0.325056 -0.436820
v 0.189333 0.322819 -0.446303
v 0.199747 0.324374 -0.452710
v 0.215449 0.323829 -0.463536
v 0.227547 0.324558 -0.470977
v 0.235715 0.324451 -0.478717
v 0.241184 0.324233 -0.486434
v 0.248438 0.324028 -0.495417
v 0.253844 0.323793 -0.503255
v 0.259702 0.323915 -0.513359
v 0.201704 0.464229 -0.477949
v 0.253896 0.394832 -0.693204
v -0.207378 0.760259 -0.860903
v 0.265516 0.418302 -0.654260
v 0.269384 0.416897 -0.645977
v -0.200803 0.586071 -0.469665
v -0.223410 0.599533 -0.445427
v -0.285618 0.655362 -0.644610
v -0.221312 0.500086 -0.457696
v -0.211234 0.524660 -0.435367
v 0.209518 0.327476 -0.458029
v 0.267003 0.325710 -0.527342
v 0.270091 0.325269 -0.534927
v 0.273201 0.325586 -0.543158
v -0.262892 0.782877 -0.870624
v 0.265995 0.386433 -0.668848
v -0.212110 0.677763 -0.806013
v -0.052308 0.485755 -0.731829
v -0.046097 0.493801 -0.727006
v 0.233972 0.463933 -0.509241
v -0.203340 0.722947 -0.897820
v -0.299286 0.479402 -0.537349
v -0.292432 0.354003 -0.527460
v -0.276570 0.661950 -0.651946
v -0.077163 0.693236 -0.635724
v -0.065989 0.694451 -0.641655
v -0.035060 0.716297 -0.656548
v -0.179976 0.577366 -0.476294
v -0.317177 0.461031 -0.589862
v 0.154179 0.525748 -0.698608
v 0.116229 0.329758 -0.397864
v 0.226480 0.492585 -0.666112
v 0.254629 0.457951 -0.546996
v -0.160240 0.660864 -0.548158
v -0.153750 0.616464 -0.543781
v 0.252475 0.435649 -0.671167
v -0.088077 0.692039 -0.629431
v -0.178769 0.627317 -0.505786
v -0.224227 0.501566 -0.447069
v -0.122629 0.540233 -0.700096
v 0.116376 0.335765 -0.397686
v 0.138058 0.339300 -0.405232
v 0.150643 0.339557 -0.410378
v 0.158822 0.339719 -0.414148
v 0.167741 0.339721 -0.420770
v 0.176872 0.339768 -0.427100
v 0.185620 0.339688 -0.433986
v 0.193132 0.339551 -0.442631
v 0.200639 0.339639 -0.447344
v 0.213000 0.340172 -0.455086
v 0.220775 0.338675 -0.462436
v 0.228323 0.339559 -0.469756
v 0.235023 0.339522 -0.475645
v 0.240762 0.339344 -0.482989
v 0.248748 0.338989 -0.494905
v 0.254176 0.338766 -0.502682
v 0.260192 0.341326 -0.513515
v 0.267119 0.341953 -0.526297
v 0.270013 0.338921 -0.532824
v 0.274425 0.339821 -0.544135
v 0.278632 0.339156 -0.558816
v 0.059333 0.491766 -0.739440
v -0.242969 0.788874 -0.890918
v -0.221596 0.587020 -0.442912
v -0.086027 0.715818 -0.644579
v -0.162491 0.617694 -0.521336
v -0.241484 0.709035 -0.836338
v 0.240865 0.463255 -0.517337
v -0.127291 0.650737 -0.622873
v -0.136033 0.645516 -0.620995
v -0.204778 0.595833 -0.473180
v -0.000614 0.462451 -0.747415
v -0.203296 0.722004 -0.881627
v -0.239167 0.602904 -0.429058
v 0.137603 0.354158 -0.405843
v 0.150799 0.354517 -0.410040
v 0.158870 0.354663 -0.413971
v 0.168066 0.354637 -0.420173
v 0.179738 0.354817 -0.426654
v 0.188402 0.354807 -0.433708
v 0.196253 0.354676 -0.441883
v 0.203225 0.354668 -0.447391
v 0.214348 0.354744 -0.454687
v 0.227608 0.354633 -0.466741
v 0.235807 0.355550 -0.477575
v 0.242703 0.354228 -0.485188
v 0.250032 0.353058 -0.495000
v 0.254586 0.353750 -0.501976
v 0.281009 0.342306 -0.588602
v -0.124841 0.650525 -0.634804
v -0.338012 0.571027 -0.528863
v 0.269752 0.427369 -0.633441
v 0.270427 0.401742 -0.543148
v 0.264290 0.401650 -0.527584
v 0.260408 0.356317 -0.513015
v 0.266260 0.355829 -0.524196
v 0.269687 0.355611 -0.531212
v 0.275142 0.355748 -0.544636
v 0.278217 0.356792 -0.557911
v 0.279385 0.354882 -0.573281
v -0.194364 0.533306 -0.462206
v -0.320870 0.600198 -0.619357
v -0.308624 0.495680 -0.543839
v -0.275035 0.312924 -0.604706
v -0.207994 0.521284 -0.446085
v -0.195156 0.589702 -0.474870
v 0.106196 0.481024 -0.734644
v 0.235380 0.437022 -0.493828
v 0.225967 0.445436 -0.486420
v -0.221560 0.515216 -0.427346
v 0.267316 0.408348 -0.657710
v -0.277038 0.508863 -0.434002
v 0.112144 0.365301 -0.399860
v 0.122231 0.371996 -0.403301
v 0.136119 0.371050 -0.410470
v 0.148778 0.366219 -0.412884
v 0.167663 0.371162 -0.421906
v 0.178695 0.368707 -0.426788
v 0.186766 0.370075 -0.433709
v 0.196272 0.369595 -0.441771
v 0.203263 0.373138 -0.450159
v 0.214006 0.370298 -0.456066
v 0.227772 0.371258 -0.467980
v 0.235708 0.372198 -0.478360
v 0.243013 0.371321 -0.486276
v 0.250161 0.372745 -0.494722
v 0.254800 0.371705 -0.501406
v 0.260611 0.371284 -0.512620
v 0.266886 0.370936 -0.523747
v 0.269768 0.372021 -0.530844
v -0.261095 0.788690 -0.877329
v 0.225299 0.489927 -0.516397
v 0.181201 0.503242 -0.488428
v 0.238281 0.425104 -0.693617
v -0.296118 0.419345 -0.668203
v -0.202936 0.721865 -0.849822
v -0.325208 0.661933 -0.589143
v 0.142454 0.374756 -0.414270
v -0.340440 0.555806 -0.528777
v 0.219676 0.466583 -0.493223
v -0.204594 0.681608 -0.789900
v -0.023021 0.807602 -0.701131
v 0.222409 0.484123 -0.508869
v 0.185226 0.384488 -0.434091
v 0.195696 0.383286 -0.441698
v 0.216233 0.385265 -0.456588
v 0.227136 0.385678 -0.465629
v -0.274363 0.463692 -0.498489
v 0.222395 0.437339 -0.477589
v -0.320909 0.631519 -0.589007
v -0.255871 0.298921 -0.562171
v -0.230483 0.492644 -0.467288
v -0.217288 0.464057 -0.715071
v 0.134572 0.386569 -0.410012
v 0.143487 0.386589 -0.416632
v 0.202375 0.387681 -0.450021
v 0.236067 0.387171 -0.477677
v 0.241600 0.386969 -0.485340
v 0.248737 0.386753 -0.494505
v 0.254143 0.386527 -0.502201
v 0.259929 0.386118 -0.513393
v 0.203924 0.437496 -0.461511
v -0.225503 0.575737 -0.430234
v 0.078116 0.493279 -0.734569
v -0.318356 0.647778 -0.601618
v 0.225248 0.425770 -0.473584
v 0.159460 0.454604 -0.444012
v -0.086027 0.748406 -0.644477
v -0.221911 0.640492 -0.458661
v 0.045525 0.426829 -0.788593
v -0.245903 0.648810 -0.728901
v 0.268479 0.439934 -0.595822
v 0.134109 0.399050 -0.410606
v 0.141662 0.402171 -0.416248
v 0.150907 0.400638 -0.424318
v 0.183842 0.402189 -0.436030
v 0.192791 0.402177 -0.442639
v 0.200302 0.402746 -0.448912
v 0.213509 0.401162 -0.455514
v 0.227880 0.401785 -0.467069
v 0.236096 0.402084 -0.477518
v 0.241428 0.401867 -0.485389
v 0.248690 0.402045 -0.497157
v 0.253183 0.395368 -0.503648
v 0.257254 0.400931 -0.513237
v -0.272255 0.675791 -0.650012
v 0.239863 0.442747 -0.502949
v -0.200867 0.722048 -0.789925
v -0.212164 0.771091 -0.865363
v -0.257063 0.598918 -0.676837
v -0.334186 0.571032 -0.513385
v -0.031862 0.511696 -0.714842
v -0.270475 0.707928 -0.726329
v -0.073063 0.728687 -0.660994
v -0.198881 0.739190 -0.896445
v -0.199879 0.279654 -0.528775
v 0.034098 0.768615 -0.761308
v -0.214770 0.292694 -0.512790
v -0.161025 0.564802 -0.487855
v -0.246912 0.803975 -0.882057
v 0.047774 0.421027 -0.794629
v -0.137600 0.643696 -0.635677
v -0.135428 0.587690 -0.542305
v 0.011315 0.781113 -0.764196
v 0.220310 0.408292 -0.461282
v -0.204522 0.666889 -0.743185
v 0.208258 0.425791 -0.459158
v -0.031539 0.698609 -0.680770
v 0.023564 0.729987 -0.711924
v 0.256693 0.415839 -0.677928
v -0.259070 0.463149 -0.691527
v 0.031130 0.756840 -0.757653
v -0.214605 0.477874 -0.709342
v -0.294499 0.632662 -0.636268
v 0.166470 0.158068 -0.651476
v 0.163866 0.159491 -0.664882
v 0.155172 0.158183 -0.682638
v 0.153765 0.158316 -0.697092
v 0.149781 0.158001 -0.711244
v 0.171071 0.168304 -0.481989
v 0.174428 0.167751 -0.495318
v 0.181648 0.172790 -0.499719
v -0.199579 0.769773 -0.914916
v -0.260529 0.415804 -0.706752
v -0.045923 0.754693 -0.726382
v -0.199833 0.431206 -0.726566
v -0.062835 0.434015 -0.748766
v 0.257523 0.176954 -0.619744
v 0.246030 0.175608 -0.635360
v 0.171635 0.166251 -0.656180
v 0.169206 0.169041 -0.667137
v 0.165389 0.170461 -0.680717
v 0.160467 0.166406 -0.688254
v 0.159423 0.166201 -0.697157
v 0.157293 0.168571 -0.713678
v 0.152697 0.171707 -0.728346
v 0.144550 0.164721 -0.732473
v 0.137972 0.169873 -0.740660
v 0.118753 0.547615 -0.692273
v 0.182507 0.430279 -0.738163
v -0.144018 0.614400 -0.619871
v 0.178746 0.174915 -0.484314
v -0.200751 0.678991 -0.727131
v -0.277646 0.553722 -0.671507
v -0.231079 0.541466 -0.684860
v 0.275954 0.184592 -0.590793
v 0.275959 0.184828 -0.603386
v 0.274195 0.186597 -0.619804
v 0.268021 0.184337 -0.626413
v 0.262661 0.185523 -0.636194
v 0.246162 0.185256 -0.651891
v -0.136858 0.599382 -0.605388
v 0.178341 0.173606 -0.664570
v 0.163445 0.172831 -0.697217
v 0.161909 0.172665 -0.706086
v 0.030194 0.426596 -0.789353
v -0.325218 0.505102 -0.481931
v -0.046851 0.461935 -0.748155
v -0.340096 0.522690 -0.559709
v -0.317810 0.498061 -0.603853
v -0.249045 0.642210 -0.700090
v -0.203411 0.784314 -0.897468
v -0.201622 0.677036 -0.712234
v 0.287385 0.191925 -0.573524
v 0.289011 0.191897 -0.588903
v 0.290100 0.193110 -0.604371
v 0.285844 0.192735 -0.617585
v 0.276273 0.191746 -0.632906
v 0.257182 0.190225 -0.648455
v 0.204742 0.447185 -0.717626
v -0.314138 0.576071 -0.639567
v 0.185660 0.183014 -0.669149
v 0.179541 0.187540 -0.679491
v 0.172839 0.182785 -0.684902
v 0.170546 0.185457 -0.697854
v 0.168143 0.186072 -0.712814
v 0.160760 0.178899 -0.723937
v 0.148077 0.178060 -0.738883
v 0.107216 0.548177 -0.692699
v -0.205803 0.753277 -0.854267
v -0.202383 0.659834 -0.681164
v -0.205801 0.697316 -0.821040
v -0.142323 0.616769 -0.605861
v -0.204626 0.734803 -0.807006
v -0.248061 0.305515 -0.525704
v -0.141910 0.599451 -0.545372
v 0.293759 0.198689 -0.559569
v 0.296627 0.198435 -0.571570
v 0.305910 0.205116 -0.574549
v 0.304808 0.203506 -0.588960
v 0.303774 0.204175 -0.603578
v 0.298241 0.200134 -0.608837
v 0.295127 0.199836 -0.619870
v 0.292453 0.203313 -0.634337
v 0.276997 0.198105 -0.641928
v 0.215222 0.447568 -0.710139
v -0.078626 0.512033 -0.714992
v 0.242894 0.415909 -0.694374
v 0.165817 0.189154 -0.728341
v 0.152099 0.188637 -0.743306
v 0.014542 0.426684 -0.788638
v -0.331483 0.540185 -0.612994
v -0.202741 0.739397 -0.849802
v -0.205756 0.709868 -0.848504
v -0.205905 0.683452 -0.798904
v -0.241718 0.770064 -0.877685
v -0.104013 0.750978 -0.694536
v -0.293073 0.509591 -0.435664
v -0.202093 0.722042 -0.774390
v 0.302830 0.206663 -0.619936
v 0.288658 0.205950 -0.643644
v 0.277772 0.204831 -0.651810
v 0.185465 0.448409 -0.729534
v 0.076084 0.540006 -0.698932
v 0.187591 0.194933 -0.679349
v 0.177165 0.193315 -0.692925
v 0.163684 0.192304 -0.737042
v 0.151470 0.478005 -0.722836
v -0.076361 0.158531 -0.783076
v -0.228413 0.298759 -0.514644
v -0.259084 0.676261 -0.742436
v -0.290160 0.614250 -0.650370
v -0.306670 0.495562 -0.466108
v -0.143132 0.597517 -0.634469
v -0.155756 0.633456 -0.559364
v -0.318337 0.499679 -0.483469
v -0.215131 0.277544 -0.544212
v 0.029474 0.740706 -0.741127
v 0.268824 0.386654 -0.662193
v 0.312088 0.213538 -0.557933
v 0.318641 0.218824 -0.561262
v 0.319141 0.217357 -0.573491
v 0.320276 0.217557 -0.589027
v 0.319537 0.218305 -0.603637
v 0.313705 0.214121 -0.608899
v 0.309890 0.213433 -0.620012
v 0.306549 0.216451 -0.635324
v 0.291920 0.215827 -0.651618
v 0.280469 0.211256 -0.657395
v 0.250038 0.417992 -0.684900
v 0.168897 0.431867 -0.743648
v 0.059717 0.525130 -0.711977
v 0.197877 0.204235 -0.680302
v 0.187960 0.201569 -0.697173
v 0.186180 0.205698 -0.713302
v 0.174510 0.199102 -0.715293
v 0.170516 0.202208 -0.728619
v 0.163496 0.201897 -0.739631
v 0.154483 0.202905 -0.746828
v 0.210090 0.425878 -0.721522
v 0.306254 0.309370 -0.634158
v 0.319343 0.263715 -0.649210
v -0.032392 0.476618 -0.742799
v -0.323542 0.601484 -0.498022
v -0.181408 0.299197 -0.486393
v -0.209484 0.704752 -0.866882
v -0.206597 0.732387 -0.781062
v -0.230192 0.293064 -0.528511
v -0.203465 0.693931 -0.805526
v -0.062516 0.472840 -0.739521
v -0.204490 0.707862 -0.834313
v -0.086350 0.671909 -0.651424
v 0.318237 0.220640 -0.619991
v 0.302805 0.219232 -0.644060
v 0.276321 0.216605 -0.665014
v 0.212951 0.218322 -0.679269
v 0.196627 0.208413 -0.697302
v 0.193052 0.208410 -0.708253
v 0.092261 0.527093 -0.716132
v 0.000730 0.452654 -0.750356
v 0.076055 0.416929 -0.791614
v -0.333586 0.570499 -0.604266
v -0.208512 0.704108 -0.852060
v -0.159480 0.633494 -0.543728
v -0.303245 0.430689 -0.652325
v -0.213200 0.694189 -0.850042
v -0.274744 0.498255 -0.440841
v 0.326193 0.228952 -0.559099
v 0.327640 0.227554 -0.573533
v 0.328484 0.227624 -0.589065
v 0.327078 0.227545 -0.604579
v 0.325463 0.232361 -0.620976
v 0.319217 0.233762 -0.634995
v 0.312081 0.226130 -0.639868
v 0.306122 0.231767 -0.650896
v 0.286561 0.221251 -0.661707
v -0.061834 0.539396 -0.681438
v 0.123453 0.447548 -0.744328
v 0.205390 0.215420 -0.686341
v 0.203161 0.216757 -0.698508
v 0.200210 0.218142 -0.712899
v 0.186615 0.216110 -0.729842
v 0.031576 0.525220 -0.711923
v 0.015408 0.524228 -0.711540
v -0.257385 0.296293 -0.590270
v -0.115346 0.657420 -0.629922
v -0.321108 0.509758 -0.513314
v -0.107466 0.662017 -0.635511
v -0.197204 0.647376 -0.664657
v -0.132190 0.591211 -0.607056
v -0.147994 0.602388 -0.640862
v -0.217177 0.273205 -0.557312
v 0.330404 0.234082 -0.562466
v 0.331684 0.234205 -0.573557
v 0.332276 0.234181 -0.589085
v 0.330654 0.234094 -0.604605
v 0.289477 0.233036 -0.664885
v 0.181614 0.536391 -0.663761
v -0.331084 0.525201 -0.612903
v -0.092317 0.154780 -0.776238
v 0.208444 0.222309 -0.695114
v 0.194429 0.219842 -0.726161
v 0.215647 0.493423 -0.681507
v -0.015562 0.533713 -0.693727
v -0.015285 0.527599 -0.700610
v 0.183178 0.507785 -0.694760
v 0.031945 0.158493 -0.757421
v -0.166429 0.520098 -0.708766
v 0.172551 0.546424 -0.655572
v -0.324808 0.507467 -0.465642
v -0.228986 0.154040 -0.666236
v -0.230561 0.635682 -0.697419
v -0.244348 0.694353 -0.820176
v -0.304890 0.498783 -0.453377
v 0.334752 0.246846 -0.560256
v 0.336592 0.246987 -0.573575
v 0.337343 0.247041 -0.589120
v 0.335477 0.246906 -0.604643
v 0.332478 0.248899 -0.618501
v 0.329897 0.240215 -0.617914
v 0.315741 0.238910 -0.644327
v 0.045230 0.506586 -0.727613
v 0.060097 0.505903 -0.727841
v 0.218121 0.230113 -0.683760
v 0.213198 0.231996 -0.697500
v 0.209085 0.233234 -0.709639
v 0.205222 0.229688 -0.716315
v 0.199429 0.232069 -0.729195
v 0.185414 0.231335 -0.741812
v 0.001023 0.533883 -0.694082
v 0.197767 0.474515 -0.708352
v 0.289756 0.309166 -0.634011
v 0.045895 0.443953 -0.757880
v -0.046616 0.545586 -0.670421
v -0.201698 0.739344 -0.865329
v -0.305965 0.494291 -0.621766
v -0.184214 0.291611 -0.497012
v -0.160612 0.630063 -0.532624
v -0.096953 0.666162 -0.650930
v -0.275079 0.341181 -0.514223
v 0.328366 0.246164 -0.626835
v 0.324414 0.248904 -0.635637
v 0.317351 0.248234 -0.646653
v 0.310195 0.247522 -0.655337
v 0.013791 0.543988 -0.683538
v 0.016706 0.514839 -0.718525
v 0.229214 0.232046 -0.676643
v 0.192798 0.236417 -0.737357
v -0.000375 0.523055 -0.710460
v 0.107344 0.517500 -0.721841
v -0.205605 0.732891 -0.789776
v -0.209121 0.728110 -0.756459
v -0.209883 0.757843 -0.849483
v -0.261765 0.324240 -0.513243
v -0.210597 0.693613 -0.834846
v -0.311582 0.448341 -0.622812
v 0.016377 0.536451 -0.697000
v -0.076527 0.520444 -0.706024
v -0.318887 0.524759 -0.632962
v 0.167070 0.494217 -0.711689
v 0.231587 0.246303 -0.682652
v 0.218832 0.243596 -0.698526
v 0.213237 0.248320 -0.711720
v 0.206727 0.243913 -0.719861
v 0.201379 0.247363 -0.728151
v -0.028935 0.549842 -0.664841
v 0.108358 0.525746 -0.715511
v 0.189186 0.376630 -0.749809
v -0.092244 0.519635 -0.709595
v -0.291060 0.340167 -0.558909
v -0.316305 0.432519 -0.619773
v -0.159769 0.671582 -0.560577
v -0.312781 0.505465 -0.624822
v 0.339135 0.262605 -0.560252
v 0.341632 0.262826 -0.573598
v 0.342821 0.262916 -0.589156
v 0.341172 0.262798 -0.604685
v 0.336683 0.262362 -0.620194
v 0.331808 0.261950 -0.631140
v 0.327131 0.263305 -0.638363
v -0.061544 0.170026 -0.779327
v 0.225568 0.252151 -0.697347
v 0.186814 0.247308 -0.744125
v -0.013959 0.412243 -0.800727
v 0.137910 0.465897 -0.733127
v 0.015380 0.477164 -0.742084
v -0.000758 0.421098 -0.792765
v -0.320205 0.510266 -0.452578
v -0.158805 0.647153 -0.559325
v -0.048963 0.806747 -0.698653
v 0.272562 0.418271 -0.573655
v -0.260642 0.490234 -0.451522
v 0.254349 0.445366 -0.531460
v -0.153380 0.467120 -0.732915
v 0.248192 0.262523 -0.668731
v 0.242764 0.264318 -0.680959
v 0.235704 0.256212 -0.686299
v 0.232609 0.263175 -0.697390
v 0.192714 0.252033 -0.737539
v 0.178993 0.249519 -0.756466
v 0.122275 0.416106 -0.773446
v 0.183945 0.478616 -0.712117
v -0.014588 0.541218 -0.684802
v -0.269814 0.710280 -0.753680
v 0.091085 0.474359 -0.737139
v -0.076458 0.480018 -0.732955
v -0.297802 0.646383 -0.626854
v -0.201117 0.722003 -0.820992
v 0.106512 0.555591 -0.682997
v -0.152327 0.555222 -0.679861
v -0.205451 0.647173 -0.696098
v -0.285718 0.475033 -0.661382
v -0.046323 0.156988 -0.420603
v -0.142956 0.614477 -0.575570
v -0.031857 0.817940 -0.712259
v -0.333339 0.509626 -0.560181
v 0.340506 0.278092 -0.560254
v 0.343572 0.278349 -0.573602
v 0.344819 0.278451 -0.589206
v 0.343542 0.278354 -0.604751
v 0.338534 0.277918 -0.620331
v 0.332558 0.275807 -0.632374
v 0.226184 0.265654 -0.707766
v 0.217577 0.263228 -0.715973
v 0.203301 0.261724 -0.729608
v 0.195412 0.263582 -0.741022
v 0.188297 0.261030 -0.748651
v 0.181075 0.265901 -0.756120
v 0.214095 0.476572 -0.695708
v 0.193845 0.416008 -0.737762
v -0.297297 0.491299 -0.526164
v -0.321801 0.616228 -0.588980
v -0.261596 0.478136 -0.482487
v -0.228091 0.770115 -0.896236
v 0.124953 0.541680 -0.697991
v -0.203426 0.721795 -0.865321
v -0.144710 0.609816 -0.559342
v -0.250456 0.289515 -0.573658
v -0.245441 0.310109 -0.513183
v -0.045587 0.160103 -0.411090
v 0.326006 0.280271 -0.638607
v -0.275969 0.448453 -0.682941
v -0.184625 0.614501 -0.669771
v 0.238206 0.268753 -0.693133
v 0.213745 0.266938 -0.723388
v 0.152730 0.539794 -0.683094
v -0.145001 0.501623 -0.721533
v 0.166480 0.536008 -0.678537
v 0.263597 0.280883 -0.655935
v -0.182659 0.156065 -0.450769
v -0.279437 0.323470 -0.558582
v -0.313164 0.504968 -0.515690
v -0.015520 0.551093 -0.667741
v -0.154534 0.600275 -0.651240
v -0.278143 0.645991 -0.655641
v -0.315786 0.416533 -0.616851
v 0.252064 0.276325 -0.668590
v 0.247904 0.279038 -0.682021
v 0.240976 0.279421 -0.694607
v 0.235065 0.276775 -0.700594
v 0.226327 0.278325 -0.712308
v 0.220799 0.276511 -0.719811
v 0.215680 0.279238 -0.726253
v 0.204663 0.278216 -0.733439
v 0.197890 0.278737 -0.740321
v 0.305743 0.292505 -0.648087
v -0.232165 0.691898 -0.868513
v -0.225134 0.725259 -0.893729
v -0.265168 0.304939 -0.574617
v -0.274497 0.323473 -0.543307
v -0.292024 0.491594 -0.498119
v 0.343564 0.293744 -0.573628
v 0.344126 0.293786 -0.589217
v 0.341468 0.293567 -0.604807
v 0.336371 0.293100 -0.620341
v 0.331675 0.292665 -0.631389
v 0.324692 0.294186 -0.637483
v -0.302623 0.646490 -0.617983
v 0.257765 0.278496 -0.663636
v -0.290350 0.660743 -0.635116
v -0.325391 0.616520 -0.544710
v 0.216723 0.386314 -0.731130
v -0.261313 0.340274 -0.496979
v -0.242517 0.281984 -0.574625
v -0.149208 0.619923 -0.559374
v -0.326559 0.516590 -0.524200
v 0.257651 0.292901 -0.666489
v 0.254675 0.295242 -0.677588
v 0.250354 0.293941 -0.685536
v 0.243908 0.295019 -0.697021
v 0.236476 0.287336 -0.702005
v 0.229179 0.292906 -0.713182
v -0.286117 0.646131 -0.646799
v -0.249048 0.694524 -0.789128
v -0.243711 0.801420 -0.893171
v 0.137659 0.492686 -0.724705
v 0.062073 0.556126 -0.683100
v -0.015745 0.478105 -0.743090
v -0.081289 0.171318 -0.434332
v -0.030693 0.540495 -0.682945
v 0.168145 0.386224 -0.759887
v -0.327919 0.632167 -0.528831
v -0.240871 0.282941 -0.562070
v -0.229473 0.324615 -0.482730
v 0.338102 0.309990 -0.573976
v 0.339334 0.309429 -0.589850
v 0.336504 0.308970 -0.605817
v 0.333400 0.306162 -0.618333
v -0.234469 0.725358 -0.866989
v -0.252378 0.642324 -0.689110
v -0.335095 0.556334 -0.466022
v -0.322804 0.511403 -0.529325
v 0.263909 0.292972 -0.653598
v 0.217889 0.295069 -0.726285
v 0.202968 0.293687 -0.733870
v 0.196441 0.292670 -0.740437
v 0.187677 0.293049 -0.747948
v -0.239516 0.693720 -0.850295
v -0.045769 0.157931 -0.775782
v -0.230325 0.708914 -0.880900
v 0.000124 0.541249 -0.683982
v -0.027863 0.160083 -0.410350
v -0.073061 0.162147 -0.426501
v -0.258851 0.311771 -0.530043
v -0.256611 0.327647 -0.501962
v -0.229591 0.656204 -0.775552
v -0.320242 0.431859 -0.605764
v 0.071585 0.489690 -0.736248
v -0.258490 0.667009 -0.757882
v 0.265651 0.308728 -0.653028
v 0.261268 0.308255 -0.666569
v 0.256992 0.309650 -0.679241
v 0.238087 0.299974 -0.706406
v -0.169016 0.553028 -0.678491
v 0.162485 0.456832 -0.736709
v -0.062187 0.518730 -0.708768
v 0.184449 0.540493 -0.651388
v -0.142294 0.726344 -0.669788
v -0.264744 0.734642 -0.807262
v -0.193424 0.269240 -0.548129
v -0.208400 0.167506 -0.458191
v 0.000403 0.829466 -0.741668
v -0.077312 0.541291 -0.683370
v 0.252106 0.310525 -0.688826
v 0.246400 0.310043 -0.697667
v 0.238689 0.306256 -0.706451
v 0.230694 0.309138 -0.714183
v 0.214881 0.310432 -0.728653
v 0.206235 0.303367 -0.733329
v 0.199773 0.308949 -0.743474
v -0.045247 0.547948 -0.664055
v 0.169197 0.541783 -0.667377
v -0.230927 0.497090 -0.451079
v -0.330403 0.510888 -0.482121
v -0.204498 0.736766 -0.821008
v -0.291017 0.491236 -0.465912
v -0.321793 0.616663 -0.513636
v -0.281985 0.333709 -0.543019
v -0.205527 0.718475 -0.744533
v -0.261055 0.705974 -0.759649
v -0.312189 0.645659 -0.607468
v 0.255713 0.457745 -0.646700
v -0.310231 0.479697 -0.574996
v 0.137512 0.537751 -0.696459
v -0.063027 0.549267 -0.663457
v -0.204480 0.721442 -0.758187
v -0.272011 0.326303 -0.529391
v -0.061085 0.714905 -0.707329
v -0.092747 0.539486 -0.694300
v -0.251272 0.694607 -0.773604
v -0.136783 0.549035 -0.691415
v 0.274642 0.324008 -0.636790
v 0.269892 0.325194 -0.647979
v 0.267160 0.323278 -0.656266
v 0.263951 0.324027 -0.666608
v 0.257857 0.323492 -0.679863
v 0.251759 0.326100 -0.688806
v 0.244352 0.325461 -0.697604
v 0.229298 0.324196 -0.713229
v 0.217805 0.324997 -0.727973
v 0.207734 0.316059 -0.737534
v 0.137296 0.401361 -0.774950
v -0.032048 0.533696 -0.693561
v -0.230481 0.310509 -0.498026
v -0.281653 0.477648 -0.508781
v -0.246895 0.497637 -0.435355
v -0.031883 0.414816 -0.788139
v -0.184205 0.315431 -0.472842
v -0.323876 0.601547 -0.482512
v 0.280780 0.325744 -0.622767
v 0.209670 0.325626 -0.737521
v 0.200429 0.324319 -0.746372
v 0.015805 0.550052 -0.678024
v -0.151187 0.245931 -0.574494
v 0.014831 0.729082 -0.722577
v -0.327615 0.668234 -0.558286
v -0.062108 0.684805 -0.656357
v -0.158914 0.614525 -0.647490
v -0.206322 0.669094 -0.768109
v 0.280825 0.340714 -0.603721
v 0.279519 0.340322 -0.619633
v 0.276153 0.340638 -0.635571
v 0.271904 0.340840 -0.650473
v 0.268176 0.333720 -0.657777
v 0.264508 0.339638 -0.666579
v 0.257558 0.338150 -0.678563
v -0.316994 0.614575 -0.603399
v -0.293013 0.448176 -0.665695
v -0.000458 0.548926 -0.674399
v -0.136686 0.707700 -0.677653
v -0.328839 0.504480 -0.590592
v 0.198096 0.522208 -0.665822
v -0.187155 0.272338 -0.537723
v -0.288792 0.342747 -0.544053
v -0.227756 0.694210 -0.878015
v -0.213297 0.299406 -0.500369
v -0.311667 0.503430 -0.526057
v -0.184485 0.169816 -0.439573
v 0.251049 0.341619 -0.686587
v 0.242920 0.341563 -0.696750
v 0.236498 0.337282 -0.702063
v 0.229768 0.339854 -0.713087
v 0.218801 0.338925 -0.728589
v 0.210148 0.341243 -0.738287
v 0.200418 0.338662 -0.745845
v -0.227003 0.801263 -0.906239
v 0.061310 0.442768 -0.757412
v 0.268820 0.439881 -0.613558
v -0.146372 0.644001 -0.599256
v -0.238555 0.740975 -0.862726
v -0.331080 0.511814 -0.547518
v -0.271387 0.707812 -0.741710
v 0.012789 0.421336 -0.795164
v -0.242987 0.667189 -0.831134
v -0.240011 0.725413 -0.849226
v -0.032832 0.801319 -0.729129
v -0.326046 0.507204 -0.606141
v -0.249260 0.659236 -0.758989
v 0.092088 0.416623 -0.787390
v -0.326223 0.555064 -0.621920
v -0.260348 0.662223 -0.713079
v 0.280113 0.356524 -0.589107
v 0.280303 0.356534 -0.604611
v 0.279241 0.356431 -0.620113
v 0.276604 0.356191 -0.635580
v 0.272081 0.355808 -0.651063
v 0.264760 0.355220 -0.666558
v 0.257115 0.354629 -0.679781
v 0.251782 0.354212 -0.688665
v 0.246489 0.353805 -0.697508
v 0.240209 0.356461 -0.708472
v 0.232408 0.354882 -0.716412
v 0.225335 0.357873 -0.725436
v 0.216605 0.355021 -0.731872
v -0.298728 0.452569 -0.655439
v 0.093063 0.548141 -0.692515
v -0.210816 0.740787 -0.789812
v 0.000241 0.158178 -0.421474
v -0.199670 0.295331 -0.498562
v -0.236850 0.708465 -0.856181
v -0.272322 0.728720 -0.787090
v -0.280642 0.504816 -0.656240
v -0.209561 0.742309 -0.802670
v -0.205746 0.690704 -0.698982
v -0.146206 0.630292 -0.623638
v -0.217614 0.694858 -0.878555
v -0.229207 0.628948 -0.684562
v -0.265349 0.304047 -0.589512
v 0.274032 0.371067 -0.544190
v 0.276720 0.372436 -0.559410
v 0.277823 0.371879 -0.573609
v 0.278791 0.371944 -0.589132
v 0.279517 0.371995 -0.604636
v 0.278306 0.371875 -0.620110
v 0.274845 0.371571 -0.635565
v 0.270776 0.371819 -0.650533
v 0.268420 0.365003 -0.657697
v -0.094843 0.205424 -0.745433
v -0.270743 0.645896 -0.662331
v -0.312435 0.464053 -0.608138
v 0.080947 0.547539 -0.691720
v -0.149989 0.632121 -0.635743
v -0.122584 0.549353 -0.691858
v -0.152835 0.312692 -0.473411
v 0.268522 0.377322 -0.662191
v -0.093497 0.549736 -0.531438
v -0.309054 0.678031 -0.590738
v -0.206846 0.795952 -0.910957
v -0.063275 0.549913 -0.547388
v -0.107752 0.572657 -0.620574
v -0.205408 0.792962 -0.904227
v -0.213771 0.799710 -0.909152
v -0.215679 0.799366 -0.897024
v -0.120436 0.575730 -0.620639
v -0.208889 0.789896 -0.892624
v -0.149009 0.607408 -0.541918
v -0.213796 0.786062 -0.880890
v -0.218485 0.794892 -0.885393
v -0.231252 0.801305 -0.881940
v -0.077823 0.553077 -0.543819
v -0.267709 0.704137 -0.746957
v -0.218950 0.781632 -0.867979
v -0.228523 0.787600 -0.864724
v -0.232598 0.794973 -0.871235
v -0.305586 0.675604 -0.604060
v -0.129104 0.582899 -0.619198
v -0.265852 0.684279 -0.510663
v 0.024183 0.811288 -0.770968
v -0.245251 0.797845 -0.866511
v -0.245210 0.693039 -0.605038
v 0.184317 0.401680 -0.747626
v -0.173309 0.687499 -0.559248
v -0.240412 0.680874 -0.848721
v -0.243655 0.676655 -0.836367
v -0.297896 0.683053 -0.593499
v -0.289871 0.686529 -0.588783
v -0.226362 0.697480 -0.664820
v 0.046571 0.539751 -0.699779
v -0.230769 0.641015 -0.714442
v -0.216888 0.768499 -0.851413
v -0.261585 0.795941 -0.866530
v -0.197889 0.689953 -0.527934
v -0.305944 0.682188 -0.559009
v -0.292002 0.676617 -0.621610
v 0.134984 0.550318 -0.502326
v -0.295751 0.684082 -0.543891
v -0.001451 0.570905 -0.574374
v -0.016505 0.566217 -0.573629
v -0.107242 0.554800 -0.544407
v -0.226178 0.774768 -0.847543
v -0.232449 0.781819 -0.852234
v -0.239753 0.790500 -0.858876
v -0.138572 0.508983 -0.716652
v -0.025307 0.563871 -0.577845
v -0.260749 0.694168 -0.574184
v -0.060606 0.545091 -0.540333
v -0.121875 0.554623 -0.543120
v -0.107280 0.564885 -0.565055
v -0.180381 0.706024 -0.624281
v 0.010407 0.824915 -0.757772
v -0.318926 0.416781 -0.605674
v -0.272527 0.672738 -0.489235
v -0.212555 0.755142 -0.834924
v -0.244631 0.786737 -0.849531
v -0.250080 0.792918 -0.856210
v -0.253984 0.794551 -0.857674
v -0.031935 0.421276 -0.773913
v 0.182744 0.522979 -0.680844
v 0.275045 0.292066 -0.647816
v -0.229850 0.694231 -0.590453
v 0.164588 0.549118 -0.518581
v -0.134875 0.724327 -0.677015
v 0.046153 0.557284 -0.684207
v 0.145256 0.562385 -0.525691
v -0.270529 0.687277 -0.616372
v -0.262162 0.669103 -0.478984
v 0.004058 0.825974 -0.755156
v -0.220892 0.765726 -0.837026
v -0.230105 0.771374 -0.834832
v -0.260789 0.789390 -0.851223
v -0.312992 0.416335 -0.623524
v 0.112643 0.577339 -0.537636
v -0.189711 0.686350 -0.516763
v -0.170622 0.712146 -0.620760
v 0.092294 0.580510 -0.543168
v -0.262804 0.446847 -0.695406
v 0.061551 0.581877 -0.559426
v 0.007917 0.825612 -0.748101
v -0.246177 0.780749 -0.837058
v -0.286288 0.685448 -0.534066
v 0.047722 0.580583 -0.559387
v -0.031990 0.546382 -0.671540
v 0.035346 0.578738 -0.561421
v -0.252436 0.703872 -0.778072
v -0.260363 0.675827 -0.712675
v -0.325251 0.507585 -0.497214
v -0.320530 0.446931 -0.590339
v -0.092648 0.552357 -0.679942
v -0.287720 0.494238 -0.646501
v 0.025201 0.577698 -0.569387
v -0.208578 0.744411 -0.818712
v -0.216943 0.755148 -0.819665
v -0.231025 0.766815 -0.820855
v -0.241915 0.776679 -0.830842
v -0.260233 0.782390 -0.837813
v 0.324734 0.313190 -0.621960
v -0.267636 0.659716 -0.670285
v -0.332069 0.514814 -0.602891
v -0.130296 0.582698 -0.547641
v 0.031991 0.442691 -0.427117
v -0.267739 0.416365 -0.701143
v -0.263629 0.690551 -0.728330
v -0.279928 0.492835 -0.654901
v -0.061794 0.533625 -0.518626
v -0.047048 0.559981 -0.590803
v -0.245699 0.772692 -0.819594
v -0.269786 0.778194 -0.838612
v 0.321080 0.318519 -0.616364
v -0.339488 0.555442 -0.590933
v -0.168848 0.705569 -0.650002
v -0.067604 0.562841 -0.603035
v -0.299028 0.684983 -0.558088
v 0.125480 0.402429 -0.780666
v 0.200101 0.527597 -0.654275
v -0.285649 0.444738 -0.674526
v -0.143737 0.596419 -0.533232
v 0.080870 0.547169 -0.491169
v -0.091965 0.570356 -0.605422
v -0.216806 0.751799 -0.804943
v -0.224577 0.761089 -0.814914
v -0.258513 0.777786 -0.827615
v -0.266356 0.775521 -0.830846
v 0.331388 0.317612 -0.602121
v 0.321338 0.322753 -0.604822
v 0.152138 0.416135 -0.754580
v -0.274312 0.630213 -0.664651
v -0.287468 0.478433 -0.517094
v 0.226527 0.508519 -0.636624
v 0.211457 0.520459 -0.648918
v 0.195589 0.533377 -0.648506
v -0.300731 0.416941 -0.662245
v -0.165636 0.720209 -0.636288
v -0.060757 0.560893 -0.589318
v -0.226998 0.759857 -0.804374
v -0.233408 0.763947 -0.806766
v 0.306004 0.325118 -0.605674
v 0.168571 0.521729 -0.694023
v -0.138114 0.739474 -0.634487
v 0.130816 0.578705 -0.562755
v 0.213584 0.523332 -0.635425
v 0.205646 0.528732 -0.639384
v -0.304920 0.415732 -0.652290
v -0.316439 0.444774 -0.547198
v -0.242045 0.694269 -0.835712
v -0.266440 0.493403 -0.668898
v 0.024251 0.577867 -0.595378
v -0.076963 0.566053 -0.590498
v -0.168232 0.297709 -0.484435
v -0.021028 0.819877 -0.730685
v -0.244896 0.766812 -0.804134
v 0.331777 0.319713 -0.587732
v 0.322190 0.324961 -0.589918
v 0.291059 0.324358 -0.606726
v -0.313044 0.447834 -0.541000
v -0.185051 0.695661 -0.604710
v -0.170528 0.698573 -0.602032
v 0.235910 0.499117 -0.622115
v 0.229560 0.507808 -0.620597
v 0.221961 0.516387 -0.630255
v 0.198026 0.536281 -0.634280
v 0.187679 0.543382 -0.636497
v 0.176597 0.548021 -0.647028
v 0.168473 0.551964 -0.649639
v -0.281502 0.632180 -0.656653
v -0.273422 0.491592 -0.662876
v -0.078933 0.549365 -0.534976
v -0.219686 0.750509 -0.788779
v -0.229774 0.757489 -0.788883
v -0.257568 0.701937 -0.672364
v 0.307542 0.328116 -0.589846
v 0.282782 0.328889 -0.606391
v 0.010983 0.559743 -0.522599
v 0.073616 0.562017 -0.506704
v -0.067923 0.563339 -0.586834
v 0.214783 0.525297 -0.620740
v 0.180343 0.549788 -0.635078
v 0.170210 0.556504 -0.635464
v -0.106928 0.509425 -0.716549
v -0.313988 0.467725 -0.572765
v -0.236803 0.762428 -0.794051
v -0.246143 0.763397 -0.792766
v 0.331061 0.319866 -0.575904
v 0.322774 0.324369 -0.574383
v 0.290351 0.327588 -0.590453
v 0.241851 0.491907 -0.605859
v 0.236799 0.498682 -0.605867
v 0.222870 0.517243 -0.617115
v 0.199522 0.538642 -0.620691
v 0.158152 0.561738 -0.641170
v 0.152738 0.566298 -0.634738
v 0.148566 0.564193 -0.646662
v -0.331668 0.631622 -0.571384
v -0.246628 0.694440 -0.804635
v -0.255008 0.654696 -0.711290
v -0.254331 0.693135 -0.755867
v -0.061510 0.784648 -0.712055
v 0.171055 0.528538 -0.685084
v -0.012392 0.564832 -0.560244
v -0.220403 0.747046 -0.775275
v -0.244604 0.761241 -0.785819
v -0.257532 0.763094 -0.795413
v -0.262994 0.761239 -0.797591
v 0.307295 0.328090 -0.574078
v 0.283348 0.330246 -0.590516
v -0.108108 0.568593 -0.575721
v 0.229665 0.508592 -0.605219
v 0.216816 0.524612 -0.605008
v 0.189750 0.546295 -0.619999
v 0.181662 0.552120 -0.620526
v 0.138220 0.572472 -0.635886
v 0.136464 0.567378 -0.650367
v -0.214515 0.738247 -0.909425
v -0.275849 0.679215 -0.636475
v -0.072712 0.561819 -0.568930
v -0.230605 0.753495 -0.773952
v -0.261908 0.757988 -0.788219
v 0.291151 0.326512 -0.574444
v 0.223469 0.517061 -0.604304
v 0.207987 0.533160 -0.610004
v 0.200048 0.540349 -0.605119
v 0.170647 0.559263 -0.620763
v 0.163143 0.563580 -0.620410
v 0.125471 0.575876 -0.638656
v -0.298416 0.637205 -0.626866
v -0.062348 0.461647 -0.744695
v 0.060226 0.427996 -0.786171
v -0.230545 0.682745 -0.863121
v -0.216338 0.737438 -0.759472
v -0.245986 0.757501 -0.773561
v -0.261190 0.753275 -0.776219
v 0.328085 0.314865 -0.556330
v 0.319583 0.322158 -0.559686
v 0.282818 0.330370 -0.574300
v 0.280443 0.339771 -0.575130
v -0.146181 0.590852 -0.520896
v 0.236317 0.499858 -0.593266
v 0.229549 0.508926 -0.589943
v 0.183740 0.552875 -0.605157
v 0.153323 0.568669 -0.619820
v 0.138986 0.574981 -0.621420
v 0.119547 0.578961 -0.633258
v 0.106533 0.580190 -0.635881
v -0.296335 0.493179 -0.636035
v -0.109890 0.757186 -0.686259
v -0.308071 0.401660 -0.527329
v -0.226323 0.744718 -0.757097
v -0.233423 0.749807 -0.759946
v 0.099173 0.578266 -0.536089
v 0.306966 0.324315 -0.558149
v 0.291569 0.322049 -0.559355
v -0.265823 0.690137 -0.681241
v 0.223110 0.517367 -0.588536
v 0.215302 0.526363 -0.590435
v 0.208285 0.533522 -0.590951
v 0.170928 0.560843 -0.606990
v 0.123683 0.580104 -0.620180
v 0.075632 0.527294 -0.713539
v -0.264183 0.645778 -0.669155
v -0.301455 0.460806 -0.643647
v -0.331802 0.566507 -0.467565
v 0.059156 0.577607 -0.537805
v -0.011340 0.547457 -0.517418
v -0.245041 0.752267 -0.758856
v 0.320200 0.317385 -0.550489
v 0.279844 0.324673 -0.559098
v 0.236102 0.499198 -0.574301
v 0.229488 0.508412 -0.574563
v 0.198661 0.542076 -0.589383
v 0.184319 0.553120 -0.590137
v 0.164771 0.564430 -0.603912
v 0.153361 0.570134 -0.605046
v 0.108137 0.583025 -0.620248
v 0.091372 0.581373 -0.635171
v 0.077372 0.581110 -0.635059
v -0.046713 0.476005 -0.741379
v -0.315988 0.443563 -0.616840
v 0.289740 0.293191 -0.648900
v -0.282198 0.465752 -0.670150
v -0.311833 0.465317 -0.558574
v -0.030951 0.355404 -0.405541
v -0.212560 0.727029 -0.742384
v -0.219492 0.734850 -0.744380
v -0.256692 0.749572 -0.761003
v 0.306288 0.319342 -0.547821
v -0.037341 0.561511 -0.585432
v 0.215962 0.524917 -0.574350
v 0.173322 0.560337 -0.590086
v 0.140599 0.575950 -0.605534
v 0.133380 0.578597 -0.606091
v 0.091627 0.584048 -0.620654
v 0.061130 0.579771 -0.633959
v 0.057048 0.577261 -0.642303
v -0.314112 0.467655 -0.594890
v -0.265828 0.685792 -0.711437
v -0.318553 0.674286 -0.586094
v -0.243243 0.747946 -0.748620
v -0.263918 0.742578 -0.758218
v 0.307524 0.313607 -0.539644
v 0.295006 0.318063 -0.546876
v 0.282279 0.316277 -0.551620
v -0.267420 0.682270 -0.650319
v 0.222653 0.517336 -0.572878
v 0.207476 0.533914 -0.578569
v 0.045282 0.576334 -0.638817
v -0.324236 0.646797 -0.589211
v -0.314137 0.619110 -0.606750
v -0.259479 0.416550 -0.471241
v -0.131143 0.592950 -0.587336
v -0.005050 0.561817 -0.541346
v 0.048521 0.578595 -0.631187
v -0.232023 0.478493 -0.700622
v -0.288206 0.585368 -0.662222
v -0.137809 0.470335 -0.733478
v -0.260139 0.586569 -0.677516
v -0.108308 0.738567 -0.694822
v -0.000650 0.477255 -0.741819
v 0.017477 0.786259 -0.770532
v -0.015710 0.750892 -0.733322
v -0.213980 0.157024 -0.575098
v -0.200932 0.156482 -0.559088
v -0.211040 0.156464 -0.529734
v -0.215909 0.156806 -0.513388
v -0.216669 0.157269 -0.498470
v -0.216668 0.159099 -0.483098
v -0.212463 0.159492 -0.468380
v -0.190714 0.386968 -0.735159
v -0.212780 0.170053 -0.467279
v -0.200071 0.170688 -0.450783
v -0.311067 0.417663 -0.529401
v 0.153857 0.429901 -0.748025
v -0.041620 0.441965 -0.751765
v -0.265407 0.600488 -0.672292
v -0.215822 0.570702 -0.684315
v -0.178392 0.573549 -0.673501
v -0.030674 0.156797 -0.421272
v -0.244781 0.157140 -0.619812
v -0.241783 0.157674 -0.606319
v -0.230749 0.153831 -0.602165
v -0.229119 0.157638 -0.589860
v -0.223232 0.159738 -0.580841
v -0.208270 0.160520 -0.564392
v -0.213632 0.168946 -0.529849
v -0.218350 0.173246 -0.511877
v -0.220456 0.171255 -0.497877
v -0.218905 0.172073 -0.482379
v -0.192091 0.170922 -0.443081
v -0.292648 0.522428 -0.429322
v -0.273436 0.373221 -0.486257
v -0.266974 0.401487 -0.475845
v -0.092351 0.159287 -0.453111
v -0.093191 0.170142 -0.449381
v -0.086648 0.170396 -0.441674
v 0.073646 0.401864 -0.798726
v -0.073482 0.171385 -0.423736
v -0.064699 0.170350 -0.417373
v -0.057223 0.170584 -0.411148
v -0.046558 0.169024 -0.406530
v -0.259873 0.401602 -0.470422
v -0.280170 0.369553 -0.495041
v -0.244651 0.156904 -0.636294
v -0.245564 0.170327 -0.618284
v -0.242151 0.170468 -0.606940
v -0.233946 0.173401 -0.600748
v -0.227922 0.170444 -0.591142
v -0.223285 0.166158 -0.580978
v -0.214073 0.171600 -0.576443
v -0.198895 0.171211 -0.562173
v -0.206827 0.176423 -0.459921
v -0.191244 0.176911 -0.444199
v -0.259869 0.355771 -0.484367
v -0.227465 0.372345 -0.456160
v -0.088747 0.398157 -0.751473
v -0.289087 0.599811 -0.424892
v -0.234296 0.370205 -0.461086
v -0.302918 0.419001 -0.517397
v -0.094444 0.402112 -0.749838
v -0.292041 0.646776 -0.467735
v -0.262677 0.370180 -0.479167
v -0.186586 0.433328 -0.733160
v -0.046069 0.527055 -0.699810
v -0.242383 0.172259 -0.638114
v -0.220959 0.175948 -0.585527
v -0.203558 0.175767 -0.570753
v -0.190023 0.175618 -0.555464
v -0.213398 0.188372 -0.498006
v -0.212913 0.187675 -0.482532
v -0.209535 0.183343 -0.469994
v -0.204796 0.189995 -0.466531
v -0.198789 0.185262 -0.453889
v -0.284961 0.655726 -0.471961
v -0.313322 0.616408 -0.461331
v -0.310965 0.602929 -0.448744
v -0.294401 0.606191 -0.432832
v -0.049483 0.339421 -0.450181
v -0.043288 0.341366 -0.438154
v 0.001468 0.437251 -0.437113
v -0.309497 0.432748 -0.528289
v -0.045762 0.431343 -0.753246
v 0.122394 0.493576 -0.729844
v -0.256527 0.430259 -0.472097
v -0.211688 0.188103 -0.512655
v -0.302762 0.432122 -0.518244
v -0.317705 0.616248 -0.469574
v -0.050689 0.370213 -0.436354
v -0.092453 0.185520 -0.451831
v -0.085768 0.185912 -0.442988
v -0.079405 0.186672 -0.435054
v -0.072810 0.185221 -0.424442
v -0.061941 0.187090 -0.418370
v -0.054500 0.183734 -0.411314
v -0.295866 0.432146 -0.509655
v -0.326305 0.556724 -0.447894
v -0.055376 0.346817 -0.456037
v -0.246041 0.371423 -0.467618
v -0.287986 0.429988 -0.500350
v -0.045786 0.741554 -0.722193
v -0.183296 0.677089 -0.648275
v -0.287053 0.400675 -0.499532
v -0.301594 0.584018 -0.426090
v -0.239000 0.180635 -0.633766
v -0.240558 0.182377 -0.616893
v -0.238063 0.183215 -0.610657
v -0.228975 0.186331 -0.604007
v -0.216328 0.186221 -0.590200
v -0.210231 0.183920 -0.581861
v -0.197932 0.186057 -0.575382
v -0.182744 0.186143 -0.559952
v -0.267063 0.466174 -0.491628
v -0.307831 0.631586 -0.467237
v -0.197987 0.200744 -0.465873
v -0.194720 0.196509 -0.455900
v -0.272664 0.431087 -0.486733
v -0.324825 0.586098 -0.467267
v -0.266372 0.722615 -0.726722
v -0.037625 0.350824 -0.416471
v -0.309246 0.586748 -0.436356
v -0.301196 0.555174 -0.426027
v -0.306476 0.616701 -0.452492
v -0.273747 0.771146 -0.848436
v -0.304519 0.387438 -0.528722
v -0.269661 0.717534 -0.731945
v -0.322791 0.571180 -0.451679
v -0.310712 0.572232 -0.434477
v -0.308465 0.523435 -0.433123
v -0.234517 0.187507 -0.636032
v -0.233411 0.190425 -0.620254
v -0.219830 0.189314 -0.597517
v -0.205150 0.189629 -0.583953
v -0.186892 0.189461 -0.570870
v -0.242928 0.355244 -0.471911
v -0.033852 0.339062 -0.420933
v -0.310680 0.386521 -0.542233
v -0.203331 0.201898 -0.480635
v -0.295394 0.385168 -0.512639
v -0.287328 0.386289 -0.500068
v -0.261001 0.449150 -0.482220
v 0.015967 0.463977 -0.748592
v -0.296404 0.416704 -0.509515
v -0.320060 0.664738 -0.530516
v -0.088288 0.196842 -0.454504
v -0.079734 0.203243 -0.449421
v -0.074315 0.197613 -0.437664
v -0.069512 0.195538 -0.428043
v -0.048217 0.356268 -0.436123
v -0.309443 0.553549 -0.431870
v -0.015669 0.436484 -0.446598
v -0.293487 0.370665 -0.513245
v -0.286875 0.371779 -0.502606
v -0.318105 0.630269 -0.484074
v -0.266223 0.386549 -0.476161
v -0.039715 0.413092 -0.439187
v -0.226618 0.197590 -0.620156
v -0.225290 0.195144 -0.607950
v -0.214876 0.199886 -0.605845
v -0.211894 0.195330 -0.596150
v -0.199787 0.197568 -0.590862
v -0.183393 0.196002 -0.577646
v -0.014521 0.324989 -0.408412
v -0.320818 0.538447 -0.438950
v -0.319611 0.552623 -0.439803
v -0.325624 0.521368 -0.449276
v -0.190006 0.205846 -0.461913
v -0.292912 0.448830 -0.511726
v -0.287507 0.354840 -0.514508
v -0.247068 0.661468 -0.790473
v -0.316843 0.645037 -0.500383
v -0.064501 0.205683 -0.435849
v -0.014400 0.412600 -0.409890
v -0.289880 0.463205 -0.514329
v -0.052525 0.353463 -0.446526
v -0.290898 0.616779 -0.437977
v -0.198579 0.539690 -0.685470
v -0.327672 0.575049 -0.465834
v -0.297859 0.463869 -0.524121
v -0.315517 0.625334 -0.471987
v -0.302757 0.462026 -0.530877
v -0.031805 0.417813 -0.434683
v -0.265385 0.351169 -0.492796
v -0.216076 0.204392 -0.618638
v -0.200478 0.205114 -0.603666
v -0.184308 0.203380 -0.589454
v -0.169538 0.201769 -0.576279
v -0.317803 0.402411 -0.545894
v -0.302249 0.537761 -0.427981
v -0.302213 0.643615 -0.473158
v -0.042253 0.355440 -0.423173
v -0.146077 0.735835 -0.638953
v -0.321608 0.645673 -0.513226
v -0.193201 0.210526 -0.483407
v -0.182804 0.214007 -0.483079
v -0.183494 0.211139 -0.468358
v -0.287591 0.415742 -0.499513
v -0.042444 0.385357 -0.423134
v -0.281495 0.400907 -0.492584
v -0.230461 0.461362 -0.708847
v -0.301429 0.401488 -0.518149
v -0.053062 0.390569 -0.444070
v -0.310679 0.539270 -0.431339
v -0.333730 0.540962 -0.454530
v -0.016972 0.420005 -0.419148
v -0.306221 0.659690 -0.499305
v -0.039252 0.361352 -0.413084
v -0.306379 0.447729 -0.528722
v -0.188489 0.206123 -0.597854
v -0.172720 0.206241 -0.585399
v -0.158096 0.204961 -0.570184
v -0.026709 0.340522 -0.410342
v -0.293570 0.569077 -0.416877
v -0.307119 0.645976 -0.482636
v -0.317550 0.657221 -0.515762
v -0.042911 0.370646 -0.420421
v -0.291151 0.569758 -0.665594
v -0.274315 0.386331 -0.483681
v 0.015306 0.799961 -0.771588
v -0.318821 0.585851 -0.453265
v -0.073908 0.213565 -0.455403
v -0.062352 0.217854 -0.451481
v -0.058162 0.212454 -0.439905
v -0.023748 0.371019 -0.397566
v -0.295138 0.400278 -0.510271
v -0.270098 0.734208 -0.759791
v -0.155363 0.727973 -0.634202
v -0.028400 0.411607 -0.422227
v -0.256679 0.346455 -0.487500
v -0.272441 0.415542 -0.484555
v -0.300484 0.529872 -0.427564
v -0.272077 0.739261 -0.774693
v -0.290168 0.539307 -0.426696
v -0.272352 0.748780 -0.790175
v -0.032576 0.370887 -0.404373
v -0.282375 0.384973 -0.493276
v -0.197839 0.210683 -0.618361
v -0.181568 0.215101 -0.606618
v -0.176804 0.211819 -0.597157
v -0.167024 0.216631 -0.591379
v -0.151783 0.217752 -0.574441
v -0.049568 0.384792 -0.436081
v -0.328500 0.541177 -0.447126
v -0.031308 0.462023 -0.749288
v -0.281585 0.517542 -0.430367
v -0.250074 0.354997 -0.476635
v -0.297769 0.365900 -0.525586
v -0.314777 0.666745 -0.523801
v -0.310454 0.663564 -0.511950
v -0.279940 0.350490 -0.508573
v -0.051212 0.222137 -0.447045
v -0.312728 0.647698 -0.494087
v -0.331846 0.554860 -0.455714
v -0.040318 0.397401 -0.425598
v -0.023233 0.361801 -0.397792
v -0.174046 0.712079 -0.634785
v -0.183324 0.218764 -0.618678
v -0.172754 0.222023 -0.601522
v -0.157028 0.222436 -0.585858
v -0.135771 0.692323 -0.676498
v -0.181334 0.401953 -0.739765
v -0.151646 0.230875 -0.497964
v -0.149154 0.226188 -0.487438
v -0.024711 0.427091 -0.442008
v -0.285121 0.644019 -0.458905
v -0.065157 0.223324 -0.461369
v -0.254724 0.666729 -0.787067
v -0.256328 0.374439 -0.473121
v -0.291678 0.527806 -0.427795
v -0.014941 0.429864 -0.436168
v -0.312000 0.637378 -0.478920
v -0.303962 0.599696 -0.437274
v -0.267368 0.710333 -0.710543
v -0.303161 0.625778 -0.456039
v -0.244851 0.386640 -0.463039
v -0.156229 0.232034 -0.512682
v -0.012294 0.427264 -0.426224
v -0.059336 0.228665 -0.467319
v -0.044028 0.232918 -0.467003
v -0.279670 0.415950 -0.491783
v -0.303418 0.570863 -0.424923
v -0.247308 0.679413 -0.819467
v -0.286521 0.444561 -0.503558
v -0.134260 0.748619 -0.651148
v -0.274332 0.769943 -0.836610
v -0.172140 0.233530 -0.606246
v -0.163450 0.232887 -0.595426
v -0.155878 0.233156 -0.587310
v -0.148032 0.233508 -0.573889
v -0.144953 0.237691 -0.492131
v -0.319181 0.525214 -0.440192
v -0.331786 0.524442 -0.456280
v -0.048292 0.237548 -0.478503
v -0.282085 0.463464 -0.506450
v -0.217300 0.495392 -0.701362
v 0.119521 0.400974 -0.783003
v -0.274882 0.356103 -0.497808
v -0.149521 0.248628 -0.501198
v -0.144538 0.246783 -0.492778
v -0.137387 0.247099 -0.484159
v -0.129179 0.247264 -0.476551
v -0.274346 0.401197 -0.484082
v -0.313799 0.397613 -0.538897
v -0.027149 0.325638 -0.421705
v -0.169670 0.246260 -0.603754
v -0.157479 0.246374 -0.587607
v -0.155909 0.247240 -0.542351
v -0.156582 0.248347 -0.527137
v -0.154346 0.249374 -0.514060
v -0.316910 0.567399 -0.441703
v -0.235081 0.392112 -0.720109
v -0.039896 0.249016 -0.471592
v -0.034950 0.249375 -0.464041
v -0.008333 0.250966 -0.427968
v -0.291044 0.553432 -0.665366
v -0.300566 0.374411 -0.528806
v -0.313903 0.435427 -0.536537
v -0.149201 0.263385 -0.500285
v -0.144688 0.261990 -0.493109
v -0.137702 0.262348 -0.484342
v -0.130078 0.262626 -0.476205
v -0.231355 0.599818 -0.682263
v -0.298661 0.649608 -0.476866
v -0.167363 0.257556 -0.556089
v -0.167638 0.264102 -0.542817
v -0.159359 0.258809 -0.543753
v -0.158981 0.262069 -0.528362
v -0.155427 0.263918 -0.513757
v -0.035307 0.261792 -0.464036
v -0.027627 0.262313 -0.452889
v -0.022759 0.262713 -0.445179
v -0.016478 0.263151 -0.435822
v -0.010187 0.263565 -0.426501
v -0.256903 0.666918 -0.774005
v -0.244788 0.665209 -0.818176
v -0.065857 0.754598 -0.717690
v -0.034637 0.325808 -0.435322
v -0.270502 0.445004 -0.488248
v -0.267146 0.744098 -0.767265
v -0.316418 0.599840 -0.456253
v -0.269345 0.705148 -0.713736
v -0.265280 0.319453 -0.526630
v -0.156112 0.659386 -0.656353
v -0.145303 0.274235 -0.492823
v -0.137685 0.278015 -0.483067
v -0.130566 0.274829 -0.476090
v -0.035325 0.276211 -0.461936
v -0.027894 0.278457 -0.451146
v -0.017965 0.278149 -0.435652
v -0.011097 0.280112 -0.424310
v -0.004499 0.279488 -0.416993
v -0.037687 0.385685 -0.415369
v -0.168400 0.569541 -0.670537
v -0.107254 0.708813 -0.693639
v -0.284658 0.599004 -0.660647
v -0.096984 0.737922 -0.702004
v -0.063652 0.771900 -0.716219
v -0.170359 0.691413 -0.653202
v -0.188006 0.494887 -0.716831
v -0.302988 0.655251 -0.488321
v -0.212624 0.430204 -0.723640
v -0.202983 0.529744 -0.687491
v -0.285334 0.578382 -0.412676
v -0.285858 0.626192 -0.441956
v -0.262015 0.541073 -0.678277
v -0.168972 0.492135 -0.724019
v -0.116787 0.714523 -0.690077
v -0.186306 0.569818 -0.677224
v -0.076658 0.705112 -0.699555
v -0.049638 0.713960 -0.706943
v -0.184476 0.160677 -0.441612
v -0.268093 0.727275 -0.741373
v -0.299960 0.614053 -0.443218
v -0.125756 0.674888 -0.671001
v -0.250834 0.302900 -0.538502
v -0.200493 0.586799 -0.680093
v -0.137535 0.400487 -0.742265
v -0.297423 0.620001 -0.445916
v -0.038104 0.290010 -0.462050
v -0.032786 0.293618 -0.451826
v -0.025394 0.294889 -0.438593
v -0.020643 0.293610 -0.431559
v -0.014069 0.295115 -0.420465
v -0.005222 0.292144 -0.413536
v -0.309711 0.504500 -0.447967
v -0.191784 0.599655 -0.675274
v -0.179262 0.490840 -0.722095
v -0.001483 0.402095 -0.809624
v -0.314626 0.589463 -0.446754
v -0.154159 0.492056 -0.726322
v -0.039368 0.367488 -0.413164
v 0.000411 0.784429 -0.756987
v -0.168941 0.463718 -0.730733
v -0.270908 0.540867 -0.674758
v -0.169468 0.645004 -0.651428
v -0.215967 0.599810 -0.681166
v -0.231001 0.525204 -0.683474
v -0.253154 0.480179 -0.688364
v -0.326193 0.663493 -0.541429
v -0.297181 0.637809 -0.462343
v -0.036473 0.307334 -0.449633
v -0.029915 0.310118 -0.436391
v -0.019491 0.307305 -0.420349
v -0.011471 0.308057 -0.410933
v -0.122490 0.462140 -0.738585
v -0.138687 0.677979 -0.668793
v -0.260827 0.400856 -0.707633
v -0.121943 0.480400 -0.731416
v -0.041117 0.312899 -0.454802
v -0.025141 0.313739 -0.425667
v -0.181066 0.703844 -0.634689
v -0.298860 0.454010 -0.520771
v -0.300415 0.445057 -0.518899
v -0.299694 0.471533 -0.532953
v -0.053954 0.372212 -0.442681
v -0.270914 0.553925 -0.675829
v -0.107896 0.493302 -0.726314
v -0.248340 0.494415 -0.684850
v -0.076943 0.460934 -0.740765
v -0.093413 0.464208 -0.735409
v -0.020513 0.319401 -0.415849
v -0.014997 0.771248 -0.743101
v -0.039691 0.328525 -0.442930
v -0.302173 0.543341 -0.659632
v -0.003040 0.438790 -0.445153
v -0.200729 0.616054 -0.675716
v -0.038002 0.322213 -0.444385
v -0.119118 0.154903 -0.757993
v -0.124138 0.154121 -0.743003
v -0.125874 0.153179 -0.728009
v -0.131805 0.158545 -0.726113
v -0.135413 0.154949 -0.711952
v -0.138487 0.154319 -0.697318
v 0.015640 0.433408 -0.775312
v 0.092168 0.447921 -0.745121
v -0.234414 0.174298 -0.650064
v -0.110115 0.154248 -0.760173
v -0.118694 0.166529 -0.756715
v -0.123511 0.170820 -0.744035
v -0.127872 0.172735 -0.730425
v -0.131347 0.167567 -0.723463
v -0.133728 0.171250 -0.712579
v -0.138914 0.171549 -0.700145
v -0.279154 0.337760 -0.527714
v -0.334260 0.512898 -0.591541
v 0.030549 0.420521 -0.796453
v 0.199338 0.355371 -0.744348
v -0.269076 0.747496 -0.778307
v 0.188345 0.512220 -0.685219
v -0.132629 0.748972 -0.665130
v -0.220932 0.753540 -0.902815
v -0.225793 0.753526 -0.893851
v -0.242311 0.755793 -0.865604
v -0.247735 0.751290 -0.851984
v -0.196218 0.173242 -0.544564
v -0.204736 0.174207 -0.533485
v -0.272809 0.758022 -0.834943
v -0.255067 0.768745 -0.860795
v -0.236188 0.768065 -0.883559
v -0.103887 0.770432 -0.679694
v -0.329816 0.577157 -0.493458
v -0.329409 0.577155 -0.482386
v -0.328964 0.631599 -0.577992
v -0.112831 0.173451 -0.760222
v -0.061678 0.492733 -0.725842
v -0.214305 0.187235 -0.666766
v -0.224157 0.181993 -0.662140
v 0.124032 0.161810 -0.743804
v -0.227622 0.186400 -0.649128
v -0.264939 0.716328 -0.773728
v -0.248318 0.722365 -0.820374
v -0.238922 0.709768 -0.846875
v -0.187612 0.186818 -0.546114
v -0.197464 0.181650 -0.541652
v -0.201144 0.188589 -0.530807
v -0.209866 0.182588 -0.525873
v -0.250966 0.706498 -0.790117
v -0.147635 0.736246 -0.649613
v -0.257880 0.738324 -0.820205
v -0.249617 0.678978 -0.804573
v -0.103437 0.172864 -0.768533
v -0.130131 0.177865 -0.717567
v -0.219103 0.191438 -0.654034
v -0.302921 0.624832 -0.633294
v -0.236778 0.747221 -0.869459
v -0.122325 0.509893 -0.716387
v -0.011673 0.424612 -0.783098
v -0.304599 0.584941 -0.648452
v -0.273543 0.725675 -0.773752
v -0.311840 0.585162 -0.639555
v -0.100462 0.180965 -0.766471
v -0.105430 0.184650 -0.757584
v -0.110087 0.188260 -0.747568
v -0.119073 0.185081 -0.741344
v -0.121448 0.186421 -0.728772
v -0.126101 0.186922 -0.713215
v -0.138636 0.186890 -0.696224
v -0.227477 0.195901 -0.634304
v -0.317522 0.585380 -0.633055
v -0.325084 0.585563 -0.619889
v -0.257499 0.676179 -0.757956
v -0.255583 0.676078 -0.773482
v -0.175147 0.189561 -0.560197
v -0.206557 0.193183 -0.518167
v -0.331556 0.584184 -0.603260
v -0.163826 0.718737 -0.648311
v -0.334240 0.585792 -0.588859
v -0.091919 0.186192 -0.769551
v -0.128872 0.190524 -0.700212
v 0.185099 0.416888 -0.741621
v -0.197887 0.196634 -0.665461
v -0.210806 0.198824 -0.650618
v -0.215462 0.202313 -0.636549
v -0.264652 0.676600 -0.682569
v -0.335472 0.585920 -0.573352
v -0.165909 0.196198 -0.558855
v -0.167470 0.202396 -0.544730
v -0.179181 0.196328 -0.542473
v -0.183444 0.202015 -0.528454
v -0.194894 0.198014 -0.524732
v -0.199354 0.201052 -0.512781
v -0.201929 0.203872 -0.499478
v -0.207717 0.199552 -0.495900
v -0.336674 0.586014 -0.560050
v -0.335309 0.586127 -0.544506
v -0.097376 0.193379 -0.757701
v -0.107715 0.199457 -0.741719
v -0.108730 0.202929 -0.729582
v -0.116131 0.195378 -0.726608
v -0.118939 0.198184 -0.712417
v -0.123226 0.201907 -0.697286
v -0.061350 0.510618 -0.716563
v -0.185378 0.202840 -0.665832
v -0.201741 0.203174 -0.650139
v -0.206229 0.204388 -0.642201
v -0.331064 0.656128 -0.544917
v -0.157353 0.204015 -0.558929
v -0.172260 0.206573 -0.532546
v -0.185398 0.207447 -0.516649
v -0.333013 0.585583 -0.529853
v -0.253066 0.716262 -0.795897
v -0.274715 0.739554 -0.803748
v -0.331423 0.583168 -0.517883
v -0.075993 0.170827 -0.779838
v -0.091483 0.199873 -0.757643
v -0.110598 0.206399 -0.714472
v 0.093719 0.542761 -0.700099
v 0.139424 0.509354 -0.716109
v -0.256209 0.707563 -0.772815
v 0.091921 0.519495 -0.723944
v -0.172378 0.205777 -0.672215
v -0.188335 0.209152 -0.651259
v -0.197954 0.209982 -0.635684
v -0.328375 0.587209 -0.512000
v -0.246719 0.653343 -0.741770
v -0.326517 0.586272 -0.497941
v -0.159485 0.206771 -0.549193
v -0.186643 0.209680 -0.509264
v -0.183836 0.212999 -0.499152
v -0.193559 0.210462 -0.491532
v -0.251296 0.747119 -0.840599
v -0.264941 0.768062 -0.853697
v -0.326086 0.586311 -0.482427
v -0.114802 0.207851 -0.702270
v -0.168306 0.217697 -0.668527
v -0.176924 0.214329 -0.660359
v -0.180085 0.217734 -0.651410
v -0.184407 0.218232 -0.635805
v -0.151469 0.218435 -0.558192
v -0.157413 0.215965 -0.544851
v -0.164410 0.214853 -0.527948
v -0.168268 0.217164 -0.513752
v -0.275406 0.738042 -0.789340
v -0.251722 0.734760 -0.824950
v 0.291545 0.283023 -0.656520
v 0.015952 0.506611 -0.723061
v -0.314103 0.606733 -0.626644
v -0.076389 0.213181 -0.742831
v -0.086585 0.210870 -0.739692
v -0.091874 0.212279 -0.725772
v -0.091202 0.215072 -0.713684
v -0.109121 0.216695 -0.696982
v 0.163133 0.412934 -0.752284
v -0.329119 0.646850 -0.575897
v -0.330933 0.646880 -0.569255
v -0.331637 0.646938 -0.558156
v -0.160450 0.219446 -0.531529
v -0.163367 0.219853 -0.500466
v -0.256437 0.713059 -0.782658
v -0.258054 0.750144 -0.836225
v 0.154351 0.465559 -0.730809
v 0.276682 0.309638 -0.635632
v 0.198432 0.463121 -0.715081
v -0.060821 0.212793 -0.756024
v -0.061853 0.219064 -0.742835
v -0.077337 0.216518 -0.728889
v -0.093385 0.218301 -0.701350
v 0.153169 0.446569 -0.744442
v 0.032052 0.491022 -0.739294
v -0.016689 0.513715 -0.717127
v -0.160836 0.231130 -0.673756
v -0.168800 0.231959 -0.664757
v -0.174626 0.233842 -0.654152
v -0.177575 0.231376 -0.648130
v -0.179635 0.233202 -0.635860
v -0.178644 0.231159 -0.621632
v -0.154906 0.231281 -0.544955
v -0.157578 0.231636 -0.529367
v -0.248380 0.737880 -0.836049
v -0.155310 0.725798 -0.653263
v 0.230986 0.447415 -0.697117
v -0.052263 0.221374 -0.749636
v -0.066762 0.222192 -0.726749
v -0.069014 0.222444 -0.717864
v -0.072661 0.222812 -0.711219
v -0.079747 0.222328 -0.701817
v -0.175906 0.237087 -0.617179
v -0.245392 0.632291 -0.682856
v -0.150390 0.233859 -0.558286
v -0.015718 0.420119 -0.789973
v 0.078078 0.555362 -0.682393
v 0.199067 0.492844 -0.695441
v -0.044762 0.232069 -0.758361
v -0.051729 0.231801 -0.748039
v -0.055948 0.234548 -0.739615
v -0.058748 0.230938 -0.726797
v -0.062337 0.231340 -0.713496
v -0.066377 0.231793 -0.702606
v -0.183349 0.524422 -0.699431
v -0.068558 0.787306 -0.702950
v -0.303756 0.661724 -0.617916
v -0.248011 0.706857 -0.804707
v -0.123543 0.524987 -0.710731
v 0.170460 0.510355 -0.702082
v -0.077879 0.492914 -0.727498
v 0.275330 0.299835 -0.642242
v 0.234854 0.417715 -0.702175
v 0.014535 0.494386 -0.731150
v -0.167590 0.247245 -0.667127
v -0.174695 0.247915 -0.651587
v -0.178237 0.248413 -0.635993
v -0.177661 0.249382 -0.623269
v -0.175967 0.247204 -0.617253
v -0.246047 0.663086 -0.803838
v 0.135546 0.413345 -0.768250
v -0.092717 0.492156 -0.728816
v 0.205800 0.404241 -0.734140
v -0.038827 0.238289 -0.766901
v -0.060254 0.246709 -0.726911
v -0.062739 0.247009 -0.713572
v -0.066529 0.248625 -0.703009
v -0.169477 0.507869 -0.715605
v 0.214925 0.401683 -0.729670
v 0.000534 0.495137 -0.732173
v -0.155135 0.247473 -0.681216
v -0.329316 0.588718 -0.606617
v -0.311255 0.663232 -0.607710
v -0.317642 0.660566 -0.601728
v -0.008732 0.806945 -0.751605
v 0.165511 0.506029 -0.707387
v -0.031275 0.246835 -0.776515
v -0.041518 0.248963 -0.768416
v -0.047788 0.248555 -0.758022
v -0.052084 0.249000 -0.749132
v -0.056382 0.249421 -0.740249
v 0.215140 0.432260 -0.713583
v -0.015176 0.489754 -0.736197
v -0.164185 0.263826 -0.679213
v -0.171542 0.262313 -0.666651
v -0.175123 0.259238 -0.654599
v -0.182133 0.266517 -0.649842
v -0.183490 0.261607 -0.635409
v -0.185549 0.260072 -0.619349
v -0.183253 0.258711 -0.605010
v -0.176582 0.256286 -0.597689
v -0.251967 0.685346 -0.773554
v -0.000063 0.816115 -0.757682
v -0.330010 0.589251 -0.524546
v -0.132252 0.735993 -0.675685
v -0.237381 0.722345 -0.856618
v -0.025410 0.796239 -0.738061
v -0.137829 0.524627 -0.710267
v 0.185310 0.495558 -0.700570
v -0.034293 0.256695 -0.780196
v -0.044358 0.264386 -0.773053
v -0.050723 0.262664 -0.758699
v -0.053400 0.258531 -0.749112
v -0.056573 0.262312 -0.741587
v -0.062347 0.262518 -0.727009
v -0.066361 0.262963 -0.713657
v -0.068327 0.263174 -0.704791
v 0.197099 0.445479 -0.723163
v 0.143925 0.407874 -0.764688
v 0.107801 0.420625 -0.776961
v 0.108748 0.401563 -0.788172
v -0.044469 0.722817 -0.712625
v -0.160115 0.710513 -0.657612
v 0.108007 0.542985 -0.700521
v -0.107338 0.480025 -0.732895
v -0.030499 0.264178 -0.786779
v 0.019721 0.489277 -0.735760
v 0.045409 0.493527 -0.740321
v 0.076144 0.508506 -0.729812
v -0.215944 0.278559 -0.652044
v -0.226536 0.284002 -0.650004
v -0.301348 0.673488 -0.615593
v -0.242795 0.652642 -0.754184
v -0.283937 0.667517 -0.640135
v -0.177740 0.520290 -0.705261
v -0.053473 0.274125 -0.760303
v -0.055948 0.279571 -0.756641
v -0.060388 0.277919 -0.742597
v -0.066108 0.277645 -0.727683
v -0.068090 0.272481 -0.715928
v -0.074360 0.281063 -0.711355
v 0.172812 0.454078 -0.733743
v 0.218306 0.464883 -0.700954
v 0.106656 0.433952 -0.757877
v 0.061481 0.420129 -0.793293
v 0.209010 0.353275 -0.737282
v -0.213070 0.281752 -0.661407
v -0.233077 0.290395 -0.652062
v -0.235895 0.286961 -0.640304
v -0.169746 0.677799 -0.654929
v -0.246555 0.541302 -0.682342
v 0.083971 0.484140 -0.735259
v -0.225568 0.710732 -0.891325
v -0.258034 0.691637 -0.742568
v 0.000631 0.529967 -0.701060
v -0.031101 0.279110 -0.792296
v -0.040375 0.279100 -0.784845
v -0.048921 0.279441 -0.774673
v -0.013304 0.158113 -0.768428
v -0.228050 0.296195 -0.664436
v -0.241362 0.297741 -0.650958
v -0.247512 0.294606 -0.637863
v -0.264917 0.464962 -0.686734
v -0.256091 0.314862 -0.518819
v -0.231915 0.652056 -0.757859
v -0.259007 0.297226 -0.606134
v -0.087821 0.724778 -0.706563
v -0.258391 0.759530 -0.847309
v -0.297442 0.661632 -0.626871
v -0.259048 0.664058 -0.729036
v 0.150771 0.519390 -0.706231
v -0.054894 0.283493 -0.767159
v -0.070106 0.285020 -0.722758
v 0.199448 0.369341 -0.742304
v 0.107025 0.445744 -0.743390
v -0.256533 0.300342 -0.633338
v -0.258838 0.298289 -0.618265
v -0.137775 0.461013 -0.737976
v -0.235244 0.737234 -0.868016
v -0.302237 0.598667 -0.645093
v -0.258379 0.665529 -0.741243
v -0.031641 0.527737 -0.700662
v -0.036499 0.291449 -0.792671
v -0.044003 0.297020 -0.788049
v -0.049787 0.292440 -0.778299
v -0.057263 0.293109 -0.769407
v -0.061312 0.293534 -0.758256
v -0.064870 0.293957 -0.742662
v -0.067768 0.291062 -0.731625
v -0.071626 0.295117 -0.726383
v -0.079531 0.294342 -0.714110
v 0.137980 0.459381 -0.739440
v 0.153965 0.458533 -0.738532
v 0.224263 0.432287 -0.706218
v -0.233298 0.304722 -0.669073
v -0.243634 0.310239 -0.666421
v -0.249459 0.307511 -0.653178
v -0.262481 0.310427 -0.636325
v -0.264176 0.306633 -0.622534
v -0.267220 0.307339 -0.605464
v -0.262476 0.615633 -0.672415
v -0.233050 0.304597 -0.509006
v -0.154502 0.509682 -0.717002
v -0.317549 0.594516 -0.630863
v -0.222678 0.766088 -0.902887
v 0.156623 0.391293 -0.765240
v -0.252959 0.660889 -0.744539
v 0.168589 0.463497 -0.727442
v -0.258883 0.313043 -0.649672
v -0.272592 0.314642 -0.620166
v -0.274976 0.311867 -0.574812
v -0.267815 0.678230 -0.668156
v -0.330938 0.659043 -0.571508
v -0.331449 0.659116 -0.558222
v -0.197982 0.506751 -0.706367
v -0.050547 0.301779 -0.780698
v -0.059188 0.309484 -0.773255
v -0.064998 0.309492 -0.758297
v -0.067378 0.305090 -0.746044
v -0.071452 0.312466 -0.741104
v -0.075537 0.308520 -0.728160
v -0.185833 0.171346 -0.687003
v -0.246798 0.321604 -0.681240
v -0.262660 0.321359 -0.666437
v -0.267012 0.319827 -0.651833
v -0.274807 0.323054 -0.637318
v -0.280596 0.321471 -0.622180
v -0.281881 0.320009 -0.610437
v -0.286805 0.325709 -0.603771
v -0.286132 0.324709 -0.589712
v -0.285707 0.326550 -0.575510
v -0.282221 0.320313 -0.572166
v -0.263446 0.746995 -0.827339
v -0.259565 0.679312 -0.726964
v -0.168039 0.528775 -0.701788
v -0.041243 0.309191 -0.799058
v -0.049803 0.310466 -0.790437
v -0.032705 0.493897 -0.730497
v -0.027026 0.489384 -0.735769
v 0.154043 0.551656 -0.665025
v -0.260327 0.328183 -0.677945
v -0.272666 0.329857 -0.665653
v -0.274026 0.326394 -0.651870
v -0.284203 0.327158 -0.629776
v -0.286669 0.327648 -0.620777
v -0.170945 0.307489 -0.476837
v -0.330370 0.594951 -0.582278
v -0.252196 0.654754 -0.724563
v -0.253269 0.654759 -0.720132
v -0.328881 0.664502 -0.575529
v -0.331264 0.595036 -0.573409
v -0.331115 0.595119 -0.560098
v -0.055617 0.314711 -0.785129
v 0.199400 0.385950 -0.741415
v -0.138279 0.494604 -0.724193
v 0.092989 0.436264 -0.759375
v -0.279273 0.340403 -0.664833
v -0.281079 0.335407 -0.652834
v -0.280867 0.333081 -0.643014
v -0.290961 0.340390 -0.635812
v -0.294660 0.339449 -0.621433
v -0.292845 0.337144 -0.605300
v -0.291038 0.337097 -0.589777
v -0.283848 0.333542 -0.554179
v -0.330498 0.595172 -0.551221
v -0.330613 0.644023 -0.533738
v -0.237131 0.697248 -0.857918
v -0.044747 0.324455 -0.802892
v -0.051714 0.320620 -0.794144
v -0.057239 0.324788 -0.788835
v -0.064415 0.324885 -0.774039
v -0.068513 0.322177 -0.762878
v -0.071554 0.326261 -0.757504
v -0.075951 0.326101 -0.742845
v 0.155462 0.403297 -0.760892
v 0.091889 0.509687 -0.730400
v 0.106686 0.507391 -0.728672
v 0.059717 0.450862 -0.747724
v 0.091785 0.429766 -0.773154
v -0.261785 0.339483 -0.684021
v -0.271130 0.342683 -0.676824
v -0.286786 0.344007 -0.650842
v -0.293205 0.646273 -0.635674
v 0.077179 0.448391 -0.747590
v -0.252990 0.685395 -0.764684
v 0.168531 0.400669 -0.754888
v 0.153206 0.508414 -0.711278
v 0.076880 0.432709 -0.773345
v -0.299969 0.346727 -0.616432
v -0.300489 0.346902 -0.605342
v -0.299887 0.346911 -0.589818
v -0.300463 0.346797 -0.574394
v -0.286947 0.673144 -0.633101
v 0.144608 0.498908 -0.719590
v -0.055114 0.339761 -0.798688
v -0.062686 0.340358 -0.789784
v -0.067527 0.338670 -0.777833
v -0.071443 0.343312 -0.770390
v -0.075610 0.338504 -0.758433
v -0.078814 0.338810 -0.742948
v 0.000181 0.507878 -0.724371
v -0.251522 0.348478 -0.701118
v -0.259227 0.356015 -0.695545
v -0.263806 0.350441 -0.686985
v -0.076538 0.210388 -0.752956
v -0.274365 0.357123 -0.680302
v -0.281893 0.352875 -0.668518
v -0.285475 0.355238 -0.662467
v -0.289927 0.354671 -0.652042
v -0.295568 0.354824 -0.637368
v -0.302779 0.355862 -0.620888
v -0.305975 0.356189 -0.605388
v -0.307281 0.356366 -0.589861
v -0.306840 0.356445 -0.574360
v -0.302880 0.354833 -0.559848
v -0.295941 0.354708 -0.543315
v -0.030742 0.431506 -0.756635
v 0.153359 0.492442 -0.717755
v -0.016547 0.507407 -0.723787
v -0.246020 0.357273 -0.710411
v -0.299494 0.358545 -0.629798
v -0.300808 0.359192 -0.550072
v -0.254954 0.631855 -0.675634
v -0.262649 0.630624 -0.671496
v -0.269474 0.741161 -0.813694
v -0.315646 0.515593 -0.630787
v -0.076037 0.354160 -0.758543
v -0.080746 0.354142 -0.745634
v -0.291170 0.369584 -0.665576
v -0.295037 0.365543 -0.653181
v -0.297411 0.364348 -0.638719
v -0.304830 0.372893 -0.635786
v -0.307451 0.371087 -0.621014
v -0.309284 0.371378 -0.605458
v -0.310476 0.371543 -0.589945
v -0.309990 0.371581 -0.574443
v -0.307946 0.371503 -0.558933
v -0.303282 0.371776 -0.543588
v -0.299312 0.364919 -0.541093
v -0.046263 0.354822 -0.807111
v -0.056263 0.355563 -0.798693
v -0.063183 0.356153 -0.789797
v -0.068331 0.356586 -0.780791
v -0.070954 0.356831 -0.771860
v -0.180309 0.167062 -0.690730
v 0.095553 0.423675 -0.781426
v -0.046185 0.511173 -0.714221
v -0.108645 0.522808 -0.709282
v -0.257395 0.370128 -0.707882
v -0.264840 0.370664 -0.698960
v -0.271024 0.368924 -0.691787
v -0.279421 0.371266 -0.682137
v -0.301255 0.374149 -0.651177
v 0.210137 0.504287 -0.676664
v -0.182468 0.508343 -0.711706
v -0.092325 0.173639 -0.774353
v -0.076710 0.526821 -0.699359
v -0.060393 0.527597 -0.698342
v -0.285334 0.375296 -0.674332
v -0.010830 0.826708 -0.738808
v -0.047358 0.371617 -0.805861
v -0.055136 0.368051 -0.798902
v -0.059850 0.371607 -0.789878
v -0.065846 0.373341 -0.779116
v -0.070972 0.368741 -0.771059
v -0.075113 0.369711 -0.758652
v -0.082247 0.371255 -0.747691
v -0.267106 0.386005 -0.701170
v -0.272738 0.386398 -0.694458
v -0.280506 0.386207 -0.683856
v -0.287058 0.388862 -0.675729
v -0.294831 0.384361 -0.666404
v -0.303918 0.385656 -0.652115
v -0.311038 0.386201 -0.636575
v -0.316240 0.386693 -0.621038
v -0.317156 0.387296 -0.605206
v -0.314635 0.383791 -0.607733
v -0.317906 0.386970 -0.590040
v -0.313823 0.383765 -0.576717
v -0.317382 0.388786 -0.573192
v -0.313830 0.383866 -0.558988
v -0.013328 0.828895 -0.729277
v -0.001443 0.426153 -0.784680
v -0.299680 0.388307 -0.661051
v -0.317392 0.390100 -0.559030
v -0.315038 0.389886 -0.550129
v 0.137041 0.522728 -0.709825
v -0.062858 0.386541 -0.774028
v -0.069210 0.378653 -0.767590
v -0.076094 0.384847 -0.756535
v -0.082966 0.380920 -0.750623
v -0.296660 0.398836 -0.668316
v -0.301186 0.401925 -0.662241
v -0.304480 0.400722 -0.652213
v -0.309621 0.401574 -0.637214
v -0.314870 0.395418 -0.629927
v -0.316955 0.400811 -0.620525
v -0.320237 0.401856 -0.605595
v -0.322372 0.402077 -0.590103
v -0.322463 0.402159 -0.574594
v -0.321395 0.402192 -0.559093
v -0.254629 0.648674 -0.695702
v -0.269524 0.673657 -0.664830
v -0.051926 0.437589 -0.750491
v -0.200079 0.154127 -0.683509
v -0.044755 0.385468 -0.803643
v -0.056331 0.386462 -0.789039
v -0.066821 0.388926 -0.761581
v -0.152189 0.154026 -0.699021
v -0.267855 0.401186 -0.701072
v -0.272667 0.401495 -0.694544
v -0.279668 0.401920 -0.685775
v -0.289416 0.402519 -0.676977
v -0.051891 0.389952 -0.794406
v 0.140698 0.544605 -0.686128
v -0.149075 0.547941 -0.690092
v -0.313743 0.407351 -0.625522
v -0.315105 0.625263 -0.600067
v -0.136791 0.540078 -0.699821
v -0.315531 0.563929 -0.644149
v -0.330671 0.564319 -0.613087
v 0.321430 0.306381 -0.632222
v -0.046528 0.215544 -0.758621
v 0.180538 0.279321 -0.754447
v -0.092444 0.510301 -0.717581
v 0.274493 0.281748 -0.655252
v 0.168107 0.447391 -0.739916
v 0.199112 0.432091 -0.728129
v -0.045678 0.521163 -0.706984
v 0.045622 0.525170 -0.711952
v 0.030251 0.413163 -0.802237
v -0.064007 0.206707 -0.763712
v 0.092681 0.556186 -0.683497
v 0.201708 0.417028 -0.732484
v 0.208049 0.388905 -0.735786
v -0.164937 0.558082 -0.673849
v 0.121791 0.428495 -0.759930
v 0.212620 0.416604 -0.725638
v 0.169437 0.417463 -0.747231
v 0.218048 0.419987 -0.718207
v 0.227473 0.416551 -0.711590
v -0.043052 0.171862 -0.775290
v 0.108132 0.494578 -0.732971
v 0.181243 0.383329 -0.753226
v 0.107172 0.534873 -0.708617
v 0.306209 0.300294 -0.642660
v -0.079096 0.205368 -0.759642
v 0.233572 0.402984 -0.714992
v 0.229276 0.386880 -0.723517
v -0.169784 0.155619 -0.695815
v 0.142634 0.528471 -0.702735
v 0.201620 0.480996 -0.701747
v 0.030961 0.434538 -0.775521
v -0.022142 0.422389 -0.780862
v 0.304752 0.262589 -0.661934
v 0.312136 0.262776 -0.657131
v -0.152329 0.523775 -0.709221
v -0.185894 0.152614 -0.681824
v -0.123120 0.492134 -0.725029
v -0.030313 0.401581 -0.803063
v 0.169461 0.371377 -0.762797
v 0.182748 0.368507 -0.756031
v 0.307576 0.279968 -0.655148
v 0.104508 0.414593 -0.784438
v 0.121731 0.506868 -0.723740
v 0.188206 0.279469 -0.748369
v -0.076604 0.197621 -0.769762
v 0.002896 0.394051 -0.814004
v 0.015987 0.385372 -0.816332
v 0.291265 0.318911 -0.621725
v 0.134294 0.427455 -0.754393
v -0.100219 0.209778 -0.724816
v -0.091614 0.545476 -0.687882
v 0.000199 0.514649 -0.718223
v 0.306754 0.319807 -0.619764
v 0.044860 0.159374 -0.754891
v 0.210032 0.488626 -0.690888
v 0.031910 0.390715 -0.810340
v -0.131711 0.500093 -0.719927
v 0.289798 0.300202 -0.642656
v -0.122528 0.499826 -0.719744
v -0.165329 0.537020 -0.694701
v 0.122180 0.514368 -0.718487
v -0.016362 0.402048 -0.807088
v 0.001257 0.155526 -0.759502
v 0.151054 0.383552 -0.771429
v -0.063617 0.152913 -0.775157
v -0.074604 0.770496 -0.709377
v -0.050116 0.789520 -0.719741
v -0.045745 0.705989 -0.699212
v 0.138061 0.557084 -0.667034
v 0.148584 0.397155 -0.768364
v 0.045059 0.434681 -0.775572
v -0.092190 0.528696 -0.701317
v -0.101079 0.527473 -0.704507
v -0.017289 0.519245 -0.709598
v -0.045759 0.783484 -0.725568
v -0.092972 0.502523 -0.722731
v -0.031654 0.521044 -0.706937
v 0.000220 0.430626 -0.774136
v 0.036189 0.547502 -0.691265
v -0.001675 0.173139 -0.767478
v 0.017148 0.447130 -0.753234
v -0.063035 0.197899 -0.772228
v -0.076602 0.502419 -0.722691
v -0.154344 0.501650 -0.721509
v -0.202696 0.189003 -0.672016
v 0.017573 0.813388 -0.770715
v -0.105178 0.501505 -0.721575
v -0.014596 0.427757 -0.772231
v 0.015465 0.402612 -0.809355
v 0.031172 0.506079 -0.725891
v -0.197952 0.687592 -0.632768
v -0.154250 0.705830 -0.664076
v -0.116302 0.737071 -0.689602
v 0.219824 0.481694 -0.686390
v -0.015896 0.496773 -0.730948
v 0.030489 0.446014 -0.755514
v -0.179861 0.689656 -0.646140
v -0.143624 0.709664 -0.672269
v 0.137930 0.549631 -0.679732
v -0.169608 0.170831 -0.693256
v -0.015922 0.433922 -0.757376
v -0.001536 0.436242 -0.758621
v 0.106361 0.427254 -0.769734
v 0.012689 0.438516 -0.759818
v -0.016115 0.449431 -0.751721
v -0.209686 0.683097 -0.640105
v -0.198207 0.682380 -0.639787
v -0.187211 0.684826 -0.642938
v 0.046191 0.548534 -0.692519
v -0.015237 0.170069 -0.770477
v -0.200257 0.170109 -0.682160
v 0.226813 0.461330 -0.695670
v -0.200813 0.675826 -0.647528
v 0.182147 0.460505 -0.724376
v 0.134449 0.502013 -0.722901
v -0.060820 0.185678 -0.777622
v 0.076829 0.441170 -0.755768
v 0.137977 0.448123 -0.745298
v -0.078390 0.186159 -0.775827
v 0.191901 0.458841 -0.721143
v 0.048524 0.451840 -0.748963
v 0.205171 0.498704 -0.686955
v 0.075040 0.518503 -0.722776
v 0.315940 0.289591 -0.644910
v 0.112051 0.436585 -0.750809
v -0.198143 0.664761 -0.653748
v -0.184687 0.661206 -0.652341
v 0.014029 0.413577 -0.802784
v -0.198802 0.310503 -0.481839
v 0.013698 0.557956 -0.666477
v 0.123175 0.435474 -0.749584
v 0.180141 0.489001 -0.706839
v 0.064668 0.516671 -0.720739
v 0.056886 0.515363 -0.719275
v 0.139066 0.431738 -0.749192
v 0.075741 0.426213 -0.784218
v -0.164250 0.501322 -0.720535
v -0.001304 0.553861 -0.666290
v -0.046676 0.198772 -0.771537
v 0.093826 0.535181 -0.707510
v -0.170004 0.187391 -0.685727
v 0.044999 0.514944 -0.718756
v 0.014913 0.156656 -0.757936
v 0.226735 0.398980 -0.722644
v -0.199082 0.183153 -0.677741
v 0.012638 0.393894 -0.813982
v -0.076966 0.533036 -0.692512
v -0.183003 0.185624 -0.681843
v 0.121673 0.535586 -0.705923
v 0.186889 0.467221 -0.718279
v 0.027160 0.497532 -0.732706
v 0.222586 0.409214 -0.721587
v 0.170415 0.276130 -0.761706
v -0.104764 0.211107 -0.710903
v -0.035518 0.423148 -0.764009
v 0.057655 0.547795 -0.691826
v 0.155840 0.546312 -0.673209
v 0.149621 0.547932 -0.674962
v 0.221027 0.498092 -0.669952
v -0.023812 0.425669 -0.770998
v -0.108726 0.548825 -0.691412
v -0.154242 0.170786 -0.697081
v 0.261282 0.262036 -0.666252
v -0.179662 0.635121 -0.656343
v 0.179955 0.395542 -0.751557
v 0.269223 0.310248 -0.644322
v -0.032035 0.502318 -0.722728
v -0.168104 0.200795 -0.677962
v 0.029518 0.383042 -0.814548
v -0.031880 0.157712 -0.772174
v -0.081702 0.550767 -0.675696
v 0.179880 0.440491 -0.737113
v 0.041596 0.535258 -0.704969
v -0.099744 0.547941 -0.690538
v 0.065737 0.496491 -0.734673
v -0.185460 0.629407 -0.663153
v -0.169426 0.630482 -0.653766
v -0.201671 0.512059 -0.700681
v 0.224773 0.471599 -0.690351
v -0.181786 0.196634 -0.674625
v 0.031276 0.372759 -0.814893
v 0.304338 0.273540 -0.660194
v 0.059832 0.413653 -0.798076
v -0.000338 0.412821 -0.802097
v -0.107114 0.155846 -0.770215
v 0.312583 0.316938 -0.624151
v 0.188612 0.386910 -0.748741
v 0.184879 0.355580 -0.755354
v 0.293341 0.275000 -0.661783
v 0.317799 0.277869 -0.647858
v -0.182593 0.533196 -0.691880
v 0.084019 0.535586 -0.705599
v 0.138771 0.385705 -0.778187
v 0.148021 0.534826 -0.693345
v -0.030616 0.447448 -0.751790
v -0.172630 0.615769 -0.661212
v -0.165492 0.617202 -0.652929
v -0.136806 0.584760 -0.635660
v 0.291882 0.262600 -0.666546
v 0.276482 0.274045 -0.660857
v 0.086765 0.424798 -0.782681
v -0.196964 0.622415 -0.672543
v -0.164999 0.607470 -0.655763
v 0.276525 0.263510 -0.666989
v 0.025724 0.545434 -0.688852
v -0.025043 0.412430 -0.797417
v 0.005414 0.170323 -0.764919
v 0.161244 0.547480 -0.665629
v 0.030609 0.514565 -0.718300
v -0.169872 0.600412 -0.663214
v -0.149763 0.587621 -0.653535
v -0.143280 0.583465 -0.647383
v -0.060139 0.502420 -0.722739
v -0.007033 0.161921 -0.766982
v 0.024278 0.439442 -0.762984
v -0.181407 0.153860 -0.692393
v 0.077749 0.438571 -0.761951
v -0.157756 0.594316 -0.659405
v -0.133973 0.576785 -0.640001
v -0.000497 0.445664 -0.751795
v 0.061575 0.574312 -0.651856
v 0.074418 0.574583 -0.652262
v 0.078862 0.578306 -0.644943
v 0.093010 0.578361 -0.645216
v 0.102211 0.577956 -0.644877
v 0.108277 0.574533 -0.651261
v 0.122531 0.571929 -0.650445
v 0.010335 0.447070 -0.750402
v -0.168285 0.586933 -0.667846
v -0.156931 0.584411 -0.662104
v -0.137883 0.573765 -0.650972
v -0.123572 0.569826 -0.652069
v 0.208919 0.517460 -0.659764
v -0.071800 0.547116 -0.671755
v 0.030845 0.570051 -0.650602
v 0.046488 0.572789 -0.651872
v 0.091917 0.574271 -0.654135
v 0.092663 0.493730 -0.735251
v -0.180918 0.588243 -0.672971
v -0.153468 0.569250 -0.665558
v -0.148470 0.575920 -0.657209
v 0.159202 0.481767 -0.718973
v -0.001152 0.559879 -0.652958
v 0.003073 0.563913 -0.645861
v 0.016907 0.565766 -0.652660
v 0.154320 0.558200 -0.652332
v 0.209527 0.206314 -0.674310
v -0.157023 0.546304 -0.688173
v -0.051234 0.501513 -0.721795
v -0.046756 0.532437 -0.692071
v -0.138206 0.567205 -0.665024
v -0.015816 0.557261 -0.651757
v 0.031014 0.564667 -0.665202
v 0.045186 0.566969 -0.667096
v 0.061638 0.566684 -0.668706
v 0.076847 0.566027 -0.667271
v 0.091337 0.566718 -0.668245
v 0.107008 0.566667 -0.667572
v 0.122601 0.565599 -0.662903
v 0.143219 0.562172 -0.654769
v -0.046427 0.185499 -0.775705
v -0.123413 0.565366 -0.667990
v -0.109318 0.564015 -0.665186
v -0.098515 0.563091 -0.662226
v -0.008283 0.453318 -0.750972
v 0.128562 0.423529 -0.763516
v -0.106307 0.562001 -0.669785
v 0.027272 0.561236 -0.670365
v 0.114850 0.562208 -0.672550
v 0.123373 0.560498 -0.670722
v 0.106611 0.157359 -0.742117
v 0.091381 0.155452 -0.743299
v 0.077109 0.154331 -0.745117
v 0.062034 0.153328 -0.743579
v 0.059429 0.160263 -0.754122
v 0.137930 0.157345 -0.727546
v 0.133815 0.161340 -0.738821
v 0.089762 0.162154 -0.751882
v 0.076440 0.162300 -0.753893
v -0.030125 0.170265 -0.773479
v 0.016937 0.758887 -0.755238
v -0.013772 0.759777 -0.738511
v -0.287737 0.527967 -0.661822
v -0.215776 0.154721 -0.677553
v 0.122998 0.171344 -0.746936
v 0.109677 0.171573 -0.749609
v 0.103012 0.171708 -0.751113
v 0.091904 0.171885 -0.753264
v 0.076377 0.172070 -0.755740
v 0.060857 0.172185 -0.757500
v 0.045331 0.172278 -0.758950
v 0.029791 0.172382 -0.760566
v 0.014229 0.172604 -0.763197
v -0.220563 0.434937 -0.719033
v -0.230809 0.433598 -0.716093
v -0.246353 0.433208 -0.710791
v 0.003568 0.771978 -0.754289
v -0.034915 0.771188 -0.733589
v -0.123977 0.707222 -0.685294
v -0.240369 0.157742 -0.649968
v 0.183067 0.168495 -0.654846
v -0.014728 0.738405 -0.726124
v -0.278791 0.540027 -0.670169
v -0.214507 0.170274 -0.676949
v -0.227704 0.169285 -0.668313
v 0.227471 0.169602 -0.636407
v 0.214872 0.170827 -0.647319
v 0.198423 0.168661 -0.650081
v -0.000997 0.737587 -0.729069
v -0.296683 0.586958 -0.655792
v 0.139158 0.185521 -0.747357
v 0.122992 0.180996 -0.748290
v 0.107428 0.181155 -0.749790
v 0.092614 0.185614 -0.752655
v 0.076338 0.187112 -0.755245
v 0.060816 0.184956 -0.757856
v 0.045275 0.185112 -0.759852
v 0.029755 0.185172 -0.761333
v 0.014221 0.185396 -0.764223
v 0.000884 0.185733 -0.768029
v -0.014642 0.186054 -0.771941
v -0.030172 0.186190 -0.774013
v -0.218869 0.176239 -0.673073
v -0.240642 0.169136 -0.646611
v 0.240513 0.178069 -0.645959
v 0.231038 0.175213 -0.646692
v 0.229467 0.180581 -0.654686
v 0.213976 0.179145 -0.657146
v 0.198250 0.186861 -0.666684
v 0.200832 0.178526 -0.659778
v 0.122937 0.187679 -0.751308
v 0.107390 0.187632 -0.751257
v 0.014506 0.159954 -0.423101
v -0.153490 0.185336 -0.692779
v -0.165170 0.180540 -0.691589
v -0.231116 0.493583 -0.694633
v 0.228527 0.189772 -0.662401
v 0.213935 0.189578 -0.664789
v 0.137854 0.201627 -0.753923
v 0.122876 0.200958 -0.756574
v 0.107342 0.200961 -0.757543
v 0.091829 0.199359 -0.758987
v 0.076308 0.199333 -0.760713
v 0.062123 0.195905 -0.760073
v 0.045256 0.194552 -0.761168
v 0.029722 0.194570 -0.761704
v 0.014211 0.194837 -0.763685
v 0.005362 0.195042 -0.766019
v 0.000269 0.202602 -0.770355
v -0.014713 0.201727 -0.769638
v -0.029660 0.200937 -0.770232
v -0.246630 0.554331 -0.682802
v -0.026078 0.771215 -0.737739
v -0.184439 0.479189 -0.723576
v -0.054854 0.771101 -0.722128
v 0.242685 0.192553 -0.661184
v 0.059746 0.205934 -0.772564
v 0.045158 0.205602 -0.774858
v 0.029632 0.205463 -0.773874
v 0.014107 0.205256 -0.772864
v -0.235516 0.468268 -0.703256
v -0.156279 0.193065 -0.687887
v -0.047744 0.449703 -0.749667
v -0.062328 0.448991 -0.746344
v -0.077864 0.448837 -0.744350
v -0.034921 0.784312 -0.733215
v -0.093374 0.448615 -0.741985
v 0.262773 0.197809 -0.652078
v 0.259020 0.204509 -0.662831
v 0.244860 0.202868 -0.666726
v 0.229410 0.203150 -0.670242
v 0.214736 0.202598 -0.671738
v 0.202762 0.199987 -0.672598
v -0.106663 0.448454 -0.740371
v 0.147291 0.207019 -0.751437
v 0.089567 0.208403 -0.769551
v 0.076217 0.208665 -0.772466
v -0.034710 0.207747 -0.766302
v -0.045755 0.207485 -0.765228
v -0.253553 0.615848 -0.675535
v -0.122178 0.448401 -0.740638
v 0.015096 0.770635 -0.761721
v -0.135526 0.202626 -0.691097
v -0.143853 0.204052 -0.687963
v -0.154148 0.202506 -0.683792
v -0.137712 0.448407 -0.741522
v -0.153286 0.448378 -0.741319
v -0.026121 0.784356 -0.738672
v -0.168010 0.447492 -0.737964
v -0.184404 0.447550 -0.730186
v 0.173931 0.211836 -0.734035
v 0.168599 0.216361 -0.741864
v 0.156945 0.215599 -0.747196
v 0.148726 0.217818 -0.753334
v 0.138403 0.217311 -0.760437
v 0.122790 0.214496 -0.764459
v 0.111723 0.214539 -0.766085
v 0.106375 0.218680 -0.769435
v 0.091672 0.218606 -0.775042
v 0.076157 0.218923 -0.779481
v 0.061939 0.216948 -0.779642
v 0.045105 0.215633 -0.780167
v 0.029570 0.215514 -0.780146
v 0.014037 0.215457 -0.779921
v -0.000217 0.217783 -0.778869
v -0.014863 0.218011 -0.774523
v -0.027384 0.218537 -0.768577
v -0.033299 0.216088 -0.765009
v -0.199889 0.447202 -0.726817
v -0.112262 0.701210 -0.688989
v -0.210879 0.446911 -0.722574
v 0.260349 0.216155 -0.669897
v 0.244886 0.216391 -0.672627
v 0.229357 0.215311 -0.673361
v 0.218252 0.212990 -0.672984
v -0.219685 0.446548 -0.717546
v 0.180447 0.218769 -0.738164
v 0.122794 0.221234 -0.769100
v 0.058393 0.222213 -0.781860
v 0.045089 0.222075 -0.782052
v 0.031761 0.222214 -0.783103
v 0.016233 0.222172 -0.783406
v 0.005131 0.222049 -0.782707
v -0.290787 0.489875 -0.481414
v -0.230896 0.446252 -0.712559
v -0.123176 0.216403 -0.692188
v -0.138677 0.215855 -0.686879
v -0.154189 0.218297 -0.679360
v -0.162847 0.211335 -0.675539
v -0.243300 0.445282 -0.708098
v -0.106518 0.691128 -0.685764
v -0.246206 0.487851 -0.466914
v -0.251978 0.448792 -0.702774
v 0.229298 0.219753 -0.674417
v 0.171658 0.225972 -0.749341
v 0.168704 0.234898 -0.758024
v 0.154587 0.231147 -0.761120
v 0.141217 0.229410 -0.764870
v 0.135342 0.231749 -0.767873
v 0.122761 0.231067 -0.772586
v 0.107192 0.231299 -0.776134
v 0.091611 0.231424 -0.777373
v 0.078321 0.231685 -0.780402
v 0.071658 0.231799 -0.781893
v 0.060631 0.231940 -0.784323
v 0.045063 0.232143 -0.787767
v 0.031749 0.232231 -0.789927
v 0.016156 0.232040 -0.788574
v 0.000581 0.231777 -0.786721
v -0.009793 0.232495 -0.783185
v -0.018014 0.230398 -0.778072
v -0.030958 0.232698 -0.770872
v -0.231163 0.554448 -0.684585
v -0.030792 0.724221 -0.713697
v -0.224993 0.787629 -0.907371
v 0.275718 0.232192 -0.671032
v 0.266917 0.226112 -0.673428
v 0.259723 0.233021 -0.675305
v 0.245425 0.231536 -0.674876
v -0.211180 0.519233 -0.690399
v -0.272090 0.313590 -0.558488
v -0.076803 0.232526 -0.692234
v -0.092329 0.232515 -0.692861
v -0.107847 0.232578 -0.694267
v -0.123312 0.232380 -0.692476
v -0.139399 0.231147 -0.686152
v -0.004664 0.770192 -0.748187
v 0.297770 0.231138 -0.658642
v 0.178375 0.238804 -0.751650
v 0.151595 0.240172 -0.768482
v 0.138205 0.246864 -0.772785
v 0.122657 0.247216 -0.777500
v 0.107670 0.246669 -0.780806
v 0.093813 0.244637 -0.780352
v 0.078312 0.241097 -0.781317
v 0.075398 0.249549 -0.786100
v 0.060525 0.247977 -0.789120
v 0.044979 0.248190 -0.792090
v 0.031654 0.248409 -0.794975
v 0.016101 0.245150 -0.794760
v -0.000100 0.246291 -0.793421
v -0.014390 0.248157 -0.788193
v -0.021597 0.240574 -0.779868
v -0.154298 0.234112 -0.678435
v -0.015229 0.722924 -0.713653
v 0.240265 0.238560 -0.673893
v 0.169240 0.249354 -0.763614
v 0.153730 0.249842 -0.770053
v 0.088440 0.251496 -0.784670
v -0.132283 0.238480 -0.690733
v -0.222283 0.512709 -0.689287
v 0.020382 0.774646 -0.768068
v 0.303654 0.248199 -0.661078
v 0.291139 0.247720 -0.667930
v 0.275775 0.247948 -0.672116
v 0.260011 0.248284 -0.672597
v 0.262542 0.244828 -0.674328
v 0.244535 0.247865 -0.672006
v -0.231265 0.676314 -0.850268
v 0.102660 0.253816 -0.781984
v 0.016080 0.254825 -0.798261
v 0.002727 0.254822 -0.798547
v -0.026024 0.253528 -0.784282
v -0.076879 0.248398 -0.693152
v -0.092391 0.248398 -0.693891
v -0.107938 0.248523 -0.695630
v -0.123409 0.248467 -0.695143
v -0.136680 0.248128 -0.692015
v -0.145538 0.247751 -0.688308
v -0.212645 0.328377 -0.471941
v -0.214443 0.311815 -0.486685
v -0.257467 0.429660 -0.706206
v 0.169250 0.261864 -0.763125
v 0.152708 0.261864 -0.769087
v 0.138155 0.262627 -0.773453
v 0.122584 0.262912 -0.777443
v 0.107087 0.263101 -0.780699
v 0.091552 0.263531 -0.786510
v 0.075981 0.263861 -0.791506
v 0.061382 0.263617 -0.794188
v 0.044901 0.261029 -0.795849
v 0.033822 0.261001 -0.796151
v 0.030481 0.265853 -0.798586
v 0.016028 0.264589 -0.802433
v 0.000460 0.264505 -0.802285
v -0.009902 0.265237 -0.799101
v -0.018206 0.263063 -0.793946
v -0.154008 0.646683 -0.649308
v -0.244567 0.586729 -0.681644
v -0.137833 0.479768 -0.729940
v 0.160374 0.265199 -0.765815
v 0.053778 0.267475 -0.798225
v 0.044860 0.267558 -0.799018
v -0.200543 0.599725 -0.677588
v -0.076939 0.261370 -0.697092
v -0.093104 0.262615 -0.696174
v -0.108024 0.261448 -0.697696
v -0.123488 0.261434 -0.698622
v -0.138973 0.264279 -0.696272
v -0.155654 0.262404 -0.685639
v -0.093357 0.688949 -0.686459
v -0.123217 0.691317 -0.680974
v 0.160299 0.271427 -0.765704
v 0.152974 0.278633 -0.770357
v 0.138089 0.278417 -0.775784
v 0.124803 0.275894 -0.778346
v 0.111581 0.272235 -0.780702
v 0.106436 0.279795 -0.785152
v 0.091442 0.279550 -0.790840
v 0.075953 0.276750 -0.795542
v 0.067020 0.273748 -0.796952
v 0.059416 0.277519 -0.799855
v 0.044820 0.277214 -0.802190
v 0.031474 0.277215 -0.802988
v 0.015983 0.277485 -0.806989
v 0.000402 0.277285 -0.805609
v -0.014222 0.277332 -0.801863
v -0.021840 0.273242 -0.796379
v 0.014400 0.751485 -0.747527
v -0.150014 0.266941 -0.691057
v -0.153375 0.479644 -0.729682
v -0.236417 0.500060 -0.435393
v -0.078584 0.696084 -0.692832
v -0.035735 0.452600 -0.750856
v -0.261385 0.526681 -0.676666
v 0.119397 0.282764 -0.783359
v -0.080103 0.273782 -0.702083
v -0.091628 0.275001 -0.701392
v -0.108082 0.274439 -0.701366
v -0.123540 0.274456 -0.702820
v -0.241573 0.299563 -0.530553
v -0.168914 0.479426 -0.727018
v -0.200947 0.479497 -0.717493
v 0.164739 0.283986 -0.766364
v 0.075857 0.291581 -0.797803
v 0.071478 0.286293 -0.797364
v 0.060317 0.292680 -0.799467
v 0.044760 0.292868 -0.802581
v 0.031456 0.293000 -0.804812
v 0.016537 0.292758 -0.809524
v -0.000763 0.288548 -0.809896
v -0.015851 0.292369 -0.807261
v -0.026308 0.285947 -0.798598
v -0.140047 0.279868 -0.699993
v -0.153590 0.280314 -0.692365
v -0.158944 0.276125 -0.688218
v -0.166623 0.279347 -0.680916
v -0.173943 0.274497 -0.669009
v -0.183335 0.278667 -0.668240
v -0.186661 0.272687 -0.658050
v -0.200816 0.273641 -0.652846
v -0.173384 0.451060 -0.733742
v 0.179368 0.293722 -0.756223
v 0.172039 0.292249 -0.764188
v 0.166163 0.294634 -0.768428
v 0.153531 0.293982 -0.773410
v 0.137972 0.294387 -0.779013
v 0.127613 0.295543 -0.781115
v 0.119316 0.294123 -0.783953
v 0.106895 0.295065 -0.788319
v 0.091376 0.295391 -0.792951
v 0.001221 0.297340 -0.813413
v -0.029851 0.296179 -0.801250
v -0.092576 0.284266 -0.706217
v -0.108114 0.284289 -0.706054
v -0.123581 0.284159 -0.706064
v -0.132389 0.284057 -0.705053
v -0.198853 0.280684 -0.666338
v -0.195591 0.475876 -0.721329
v -0.206477 0.321356 -0.474995
v -0.264187 0.518216 -0.672683
v -0.036897 0.734920 -0.719887
v 0.077981 0.298746 -0.796356
v 0.009213 0.299810 -0.812771
v -0.008617 0.299686 -0.812958
v -0.092625 0.294053 -0.710172
v -0.108174 0.294192 -0.711034
v -0.123658 0.294006 -0.711055
v -0.136112 0.294189 -0.707415
v -0.144250 0.292133 -0.702150
v -0.154578 0.292616 -0.695547
v -0.167661 0.288427 -0.684955
v -0.183468 0.291478 -0.683195
v -0.198165 0.291518 -0.679156
v -0.203301 0.287553 -0.672815
v -0.216641 0.290610 -0.668195
v -0.116900 0.724501 -0.690142
v -0.212933 0.726292 -0.906722
v 0.183128 0.309034 -0.756439
v 0.173382 0.309059 -0.764890
v 0.166746 0.309410 -0.769632
v 0.153483 0.309823 -0.775432
v 0.141221 0.308663 -0.780873
v 0.135260 0.311680 -0.783780
v 0.123237 0.309213 -0.784687
v 0.106809 0.307640 -0.789110
v 0.091276 0.307914 -0.793121
v 0.076887 0.306478 -0.795627
v 0.062423 0.308376 -0.800328
v 0.046909 0.308687 -0.805055
v 0.031400 0.308789 -0.807455
v 0.022503 0.305883 -0.809905
v 0.014923 0.309675 -0.813739
v 0.000283 0.309300 -0.815003
v -0.014337 0.309599 -0.814055
v -0.022014 0.305643 -0.810664
v -0.030830 0.308463 -0.806634
v -0.168031 0.295261 -0.691610
v -0.211330 0.298267 -0.680225
v -0.061254 0.689959 -0.681337
v 0.191183 0.307840 -0.749321
v 0.073557 0.311262 -0.797560
v -0.281598 0.486901 -0.496587
v -0.082353 0.306285 -0.718802
v -0.092702 0.308499 -0.716380
v -0.107303 0.306830 -0.717166
v -0.124367 0.308427 -0.717307
v -0.139220 0.309732 -0.711409
v -0.154696 0.302761 -0.703264
v -0.168014 0.302697 -0.701682
v -0.181342 0.302315 -0.698196
v -0.190285 0.301495 -0.694726
v -0.199910 0.304695 -0.697182
v -0.215370 0.321164 -0.478966
v -0.226662 0.474878 -0.704955
v -0.222243 0.481270 -0.704419
v 0.121405 0.324486 -0.787910
v 0.107281 0.322956 -0.794612
v 0.097873 0.317607 -0.796499
v 0.090598 0.324555 -0.798879
v 0.075670 0.324167 -0.801854
v 0.062390 0.324218 -0.803764
v 0.046853 0.324465 -0.807323
v 0.032232 0.320902 -0.811206
v 0.015761 0.325055 -0.815823
v 0.000210 0.325130 -0.817641
v -0.015360 0.324997 -0.817109
v -0.028281 0.325964 -0.814347
v -0.034167 0.322817 -0.809993
v -0.267820 0.477566 -0.491422
v -0.108257 0.313789 -0.720701
v -0.154810 0.312885 -0.710816
v -0.168127 0.312972 -0.711459
v -0.183620 0.312857 -0.711855
v -0.198032 0.314052 -0.709113
v -0.213552 0.312050 -0.696866
v -0.221010 0.307804 -0.685219
v -0.229775 0.310431 -0.680013
v 0.184461 0.324199 -0.757795
v 0.171841 0.325763 -0.764754
v 0.165893 0.323880 -0.767864
v 0.153336 0.325392 -0.774101
v 0.140735 0.326833 -0.779692
v 0.134863 0.324978 -0.782769
v 0.030197 0.329555 -0.813173
v -0.082021 0.322590 -0.727620
v -0.092759 0.316991 -0.721110
v -0.108929 0.324084 -0.724418
v -0.123160 0.325285 -0.723808
v -0.123805 0.316805 -0.721205
v -0.225464 0.314529 -0.691270
v -0.238821 0.312923 -0.675047
v 0.102252 0.330202 -0.797670
v -0.092797 0.326655 -0.724293
v -0.137967 0.325412 -0.717635
v -0.151732 0.325550 -0.717126
v -0.168188 0.322891 -0.718395
v -0.183672 0.322864 -0.718985
v -0.200119 0.324981 -0.716729
v -0.213705 0.325765 -0.711746
v -0.221121 0.321636 -0.702591
v -0.230881 0.323714 -0.697538
v -0.142885 0.655705 -0.656920
v 0.184337 0.339837 -0.757141
v 0.169429 0.341098 -0.763890
v 0.164460 0.334234 -0.766391
v 0.153295 0.340855 -0.771639
v 0.138469 0.339567 -0.778922
v 0.122270 0.338822 -0.787172
v 0.108929 0.339484 -0.796166
v 0.102239 0.339569 -0.797540
v 0.091134 0.339750 -0.800382
v 0.075615 0.339944 -0.803838
v 0.062317 0.340106 -0.806777
v 0.047747 0.339900 -0.810848
v 0.031220 0.340553 -0.813817
v 0.015689 0.340652 -0.815821
v 0.000150 0.340722 -0.817465
v -0.015437 0.340705 -0.818234
v -0.030064 0.339778 -0.815110
v -0.046361 0.339547 -0.804942
v -0.132665 0.329403 -0.720406
v -0.159343 0.329274 -0.720455
v -0.168231 0.329436 -0.722446
v -0.183754 0.329235 -0.722542
v -0.194810 0.329102 -0.720428
v -0.225659 0.328161 -0.707191
v -0.240824 0.327416 -0.694220
v -0.302182 0.562975 -0.660172
v 0.040092 0.343599 -0.812439
v -0.035358 0.343280 -0.812164
v -0.083993 0.339755 -0.730580
v -0.092855 0.339535 -0.727973
v -0.108391 0.339511 -0.727861
v -0.123895 0.339324 -0.726771
v -0.137196 0.339176 -0.724858
v -0.152763 0.339319 -0.726974
v -0.168264 0.339383 -0.729117
v -0.183808 0.339137 -0.728042
v -0.199324 0.338801 -0.724225
v -0.211527 0.340154 -0.722334
v -0.218116 0.336679 -0.717991
v -0.230807 0.340231 -0.712728
v -0.246509 0.339396 -0.699430
v -0.252023 0.333236 -0.688382
v 0.139464 0.355208 -0.779602
v 0.133300 0.354146 -0.782552
v 0.122175 0.354498 -0.787502
v 0.106658 0.355045 -0.795180
v 0.089365 0.353877 -0.799165
v 0.075554 0.355560 -0.803933
v 0.062253 0.355816 -0.808028
v 0.051586 0.357287 -0.811568
v 0.043187 0.355276 -0.813354
v 0.031151 0.356137 -0.813719
v 0.015641 0.356295 -0.817083
v 0.000085 0.356355 -0.818065
v -0.015484 0.356309 -0.818338
v -0.031015 0.355959 -0.814632
v -0.024054 0.761386 -0.736168
v -0.240453 0.344988 -0.708766
v 0.168829 0.355975 -0.763741
v 0.153248 0.356548 -0.771994
v 0.096293 0.359263 -0.796370
v -0.084040 0.349308 -0.731998
v -0.093800 0.351805 -0.732212
v -0.108256 0.355026 -0.732845
v -0.123978 0.355536 -0.732773
v -0.136653 0.353697 -0.732254
v -0.151325 0.351200 -0.732369
v -0.168317 0.349029 -0.732780
v -0.185641 0.353770 -0.732410
v -0.199410 0.354878 -0.729220
v -0.214937 0.354512 -0.725060
v -0.231515 0.353961 -0.718441
v -0.256721 0.345582 -0.691412
v -0.091859 0.360759 -0.738072
v -0.154325 0.359988 -0.737935
v -0.168381 0.358888 -0.738477
v -0.178756 0.359778 -0.737196
v -0.227527 0.358395 -0.721667
v 0.214732 0.370014 -0.732008
v -0.153317 0.457767 -0.737749
v 0.154063 0.370867 -0.770711
v 0.137694 0.369517 -0.778593
v 0.121189 0.369546 -0.785588
v 0.106565 0.370456 -0.792479
v 0.095474 0.370705 -0.796393
v 0.087306 0.369818 -0.798958
v 0.076707 0.371679 -0.804612
v 0.062148 0.371624 -0.810460
v 0.046605 0.371761 -0.813120
v 0.015558 0.372019 -0.818155
v -0.000010 0.372067 -0.819466
v -0.015544 0.371851 -0.817425
v -0.030188 0.370911 -0.814180
v -0.110710 0.362102 -0.735853
v -0.139545 0.362026 -0.736727
v -0.203936 0.728343 -0.908798
v 0.128815 0.372771 -0.781204
v -0.035544 0.374461 -0.811844
v -0.159020 0.633106 -0.646433
v -0.093057 0.372116 -0.742987
v -0.108539 0.371745 -0.738949
v -0.124062 0.371659 -0.738539
v -0.137381 0.371745 -0.740070
v -0.152903 0.371727 -0.741046
v -0.168437 0.371643 -0.740770
v -0.181767 0.371424 -0.738689
v -0.190662 0.371106 -0.735086
v -0.199500 0.370818 -0.731542
v -0.215049 0.370501 -0.728435
v -0.230562 0.370028 -0.722950
v -0.245954 0.369481 -0.715908
v -0.239806 0.455505 -0.706388
v -0.075709 0.470776 -0.736769
v 0.122059 0.385569 -0.784396
v 0.106550 0.385987 -0.790962
v 0.091586 0.386814 -0.794969
v 0.076317 0.386015 -0.801198
v 0.062078 0.386976 -0.806729
v 0.047434 0.388354 -0.808945
v 0.042118 0.381064 -0.812687
v -0.000066 0.387442 -0.816243
v -0.014858 0.385156 -0.814337
v -0.026654 0.380859 -0.813486
v -0.031673 0.387592 -0.809613
v -0.084554 0.470628 -0.735848
v -0.169457 0.155695 -0.451429
v -0.093064 0.384909 -0.745075
v -0.107650 0.384060 -0.740847
v -0.122858 0.384995 -0.741820
v -0.137442 0.384486 -0.742164
v -0.265962 0.335301 -0.507327
v -0.017825 0.393238 -0.810728
v -0.077509 0.150898 -0.773969
v -0.059799 0.150648 -0.761100
v -0.045777 0.150606 -0.758552
v -0.030949 0.150736 -0.756359
v -0.015943 0.150516 -0.757385
v 0.029612 0.151755 -0.746030
v 0.045559 0.152184 -0.742105
v 0.108935 0.153711 -0.729502
v 0.123604 0.154443 -0.728841
v -0.091662 0.150704 -0.760528
v -0.075914 0.150775 -0.756307
v -0.016513 0.151516 -0.744132
v -0.000724 0.151585 -0.743475
v 0.014160 0.152046 -0.740383
v 0.061450 0.153867 -0.726512
v 0.076946 0.153027 -0.729556
v 0.092785 0.153258 -0.725461
v -0.061195 0.152282 -0.742958
v -0.047290 0.152189 -0.742203
v -0.030728 0.152015 -0.741442
v 0.015925 0.155933 -0.728756
v 0.030973 0.155710 -0.727207
v 0.045381 0.154587 -0.726464
v 0.107070 0.155152 -0.712440
v 0.122795 0.153723 -0.712276
v 0.136967 0.154703 -0.710562
v -0.307034 0.494473 -0.482038
v -0.106961 0.150806 -0.745661
v -0.093189 0.150933 -0.744473
v -0.077067 0.151681 -0.740792
v -0.015874 0.158735 -0.730769
v -0.000061 0.155864 -0.730660
v 0.076623 0.157711 -0.716641
v 0.092302 0.157443 -0.713300
v -0.289466 0.500557 -0.443374
v -0.044967 0.158999 -0.732711
v -0.031532 0.159858 -0.731678
v 0.048889 0.159417 -0.719535
v 0.060318 0.159654 -0.717494
v 0.110391 0.161002 -0.700496
v 0.121994 0.155427 -0.697219
v 0.137029 0.154597 -0.695603
v -0.108294 0.151074 -0.731077
v -0.093092 0.152126 -0.728440
v -0.077583 0.156892 -0.728001
v -0.062131 0.160220 -0.730618
v -0.014022 0.167795 -0.724763
v 0.000676 0.166522 -0.723159
v 0.014450 0.164102 -0.722354
v 0.023564 0.164237 -0.720686
v 0.030786 0.169848 -0.714587
v 0.046053 0.169677 -0.712921
v 0.059814 0.170053 -0.710540
v 0.076353 0.168528 -0.710022
v 0.090539 0.166198 -0.707140
v 0.100215 0.163900 -0.705182
v 0.138932 0.154887 -0.685017
v -0.060469 0.167134 -0.725491
v -0.046404 0.168719 -0.726233
v -0.030838 0.170439 -0.724132
v 0.015183 0.172598 -0.713428
v 0.092488 0.172743 -0.697273
v 0.105891 0.168206 -0.696117
v 0.121779 0.155934 -0.681648
v -0.123045 0.150991 -0.712792
v -0.108522 0.151632 -0.714584
v -0.092562 0.157115 -0.713369
v -0.073220 0.163842 -0.722909
v -0.015453 0.173106 -0.715844
v -0.000594 0.173536 -0.712690
v 0.061950 0.175358 -0.698358
v 0.077069 0.175084 -0.698662
v 0.105901 0.169684 -0.683199
v 0.113175 0.160471 -0.678622
v 0.122765 0.154355 -0.666929
v 0.138104 0.154480 -0.667544
v 0.154034 0.156658 -0.666982
v -0.077068 0.169742 -0.711597
v -0.062817 0.172715 -0.713551
v -0.046520 0.173454 -0.714666
v -0.030805 0.173492 -0.710389
v 0.030851 0.174750 -0.699015
v 0.045830 0.175149 -0.697222
v 0.109196 0.156695 -0.663483
v -0.122242 0.151024 -0.699004
v -0.107386 0.153426 -0.698233
v -0.015785 0.173535 -0.699163
v 0.000411 0.174041 -0.697568
v 0.014670 0.174457 -0.695340
v 0.061712 0.175278 -0.682902
v 0.077023 0.175881 -0.683361
v 0.091374 0.175175 -0.680447
v 0.103237 0.165978 -0.669051
v 0.123122 0.153682 -0.652402
v 0.137237 0.153773 -0.651053
v 0.152610 0.154922 -0.649626
v -0.156003 0.153120 -0.704955
v -0.099322 0.157667 -0.697768
v -0.089641 0.168593 -0.697633
v -0.060237 0.173073 -0.699143
v -0.046281 0.172947 -0.696467
v -0.032918 0.173161 -0.696643
v 0.017144 0.174188 -0.684671
v 0.031313 0.174443 -0.682303
v 0.046242 0.174797 -0.680227
v 0.092984 0.172898 -0.667071
v 0.106322 0.154337 -0.650307
v 0.169058 0.155651 -0.638117
v 0.185243 0.161822 -0.644688
v -0.123151 0.151284 -0.684447
v -0.109031 0.154863 -0.682419
v -0.077739 0.172519 -0.694739
v -0.029226 0.172619 -0.684275
v -0.015314 0.173029 -0.683272
v 0.000682 0.173594 -0.679402
v 0.062422 0.175072 -0.668130
v 0.077242 0.175180 -0.666091
v 0.090747 0.167762 -0.655226
v 0.095101 0.157265 -0.647514
v 0.106646 0.153393 -0.634974
v 0.122791 0.154906 -0.635119
v 0.138118 0.156388 -0.633596
v 0.152512 0.155817 -0.633285
v 0.183838 0.156605 -0.631884
v 0.199346 0.160189 -0.632049
v 0.209781 0.162762 -0.632327
v 0.217600 0.165101 -0.632615
v -0.167896 0.150238 -0.682975
v -0.153852 0.150232 -0.681496
v -0.139605 0.150585 -0.680313
v -0.091012 0.170861 -0.680857
v -0.076979 0.172377 -0.682146
v -0.061750 0.172361 -0.682585
v -0.045944 0.172159 -0.680395
v 0.015698 0.173634 -0.668179
v 0.030574 0.173900 -0.666023
v 0.044881 0.174364 -0.664944
v 0.091864 0.154680 -0.634800
v 0.154716 0.160068 -0.624323
v 0.167303 0.156730 -0.619668
v 0.182914 0.155097 -0.618259
v 0.199305 0.157496 -0.621294
v 0.214828 0.160968 -0.621489
v 0.229717 0.165479 -0.618869
v 0.245981 0.171952 -0.620896
v -0.262642 0.502194 -0.430797
v -0.139099 0.150634 -0.665353
v -0.123533 0.151249 -0.668775
v -0.111748 0.152524 -0.665626
v -0.030893 0.172236 -0.669229
v -0.015014 0.172597 -0.665185
v -0.001514 0.173072 -0.665538
v 0.047235 0.174224 -0.652657
v 0.060620 0.174488 -0.652850
v 0.075921 0.173432 -0.649602
v 0.084405 0.163647 -0.641722
v 0.107047 0.157212 -0.621414
v 0.136742 0.160236 -0.628095
v 0.198472 0.156165 -0.607828
v 0.213101 0.158162 -0.606696
v 0.225763 0.161646 -0.605936
v -0.184167 0.150047 -0.666001
v -0.169027 0.150024 -0.668125
v -0.154119 0.150361 -0.666003
v -0.076278 0.172198 -0.668200
v -0.061095 0.172111 -0.667003
v -0.047216 0.171861 -0.664209
v 0.000635 0.172544 -0.652987
v 0.014881 0.172901 -0.651804
v 0.029938 0.173502 -0.649900
v 0.074677 0.169697 -0.636019
v 0.080009 0.161158 -0.632122
v 0.078599 0.157527 -0.620886
v 0.091395 0.153630 -0.619450
v 0.116403 0.161682 -0.625256
v 0.171554 0.157984 -0.606638
v 0.183014 0.155233 -0.602655
v 0.235828 0.165470 -0.604619
v 0.246239 0.169941 -0.603889
v 0.257965 0.175983 -0.605793
v 0.266937 0.180513 -0.608447
v -0.214032 0.150951 -0.667953
v -0.200309 0.150000 -0.665758
v -0.137137 0.150852 -0.653519
v -0.122872 0.151324 -0.651297
v -0.107713 0.152132 -0.649553
v -0.088658 0.172067 -0.667856
v -0.044529 0.171901 -0.653885
v -0.030550 0.171821 -0.651212
v -0.015717 0.172037 -0.648993
v 0.044903 0.173434 -0.638599
v 0.060664 0.173594 -0.634385
v 0.183251 0.156783 -0.590864
v 0.198923 0.155834 -0.590919
v 0.214867 0.158302 -0.589342
v 0.228093 0.161528 -0.591551
v 0.235289 0.164448 -0.591473
v 0.245447 0.169632 -0.589885
v -0.281818 0.486769 -0.481979
v -0.184194 0.150014 -0.651033
v -0.169213 0.150252 -0.652788
v -0.153297 0.150666 -0.648802
v -0.097672 0.152641 -0.643928
v -0.076856 0.171661 -0.653714
v -0.061668 0.171924 -0.650073
v -0.000625 0.172142 -0.637905
v 0.014290 0.172503 -0.635789
v 0.028505 0.172893 -0.633496
v 0.070469 0.167333 -0.623208
v 0.076520 0.156593 -0.606192
v 0.090799 0.153426 -0.602459
v 0.174213 0.161666 -0.593032
v 0.257343 0.175895 -0.587806
v 0.265182 0.179508 -0.591122
v -0.218133 0.288235 -0.524808
v -0.215142 0.150289 -0.652968
v -0.199370 0.150055 -0.650709
v -0.138137 0.150843 -0.637867
v -0.123436 0.150798 -0.635425
v -0.109401 0.150806 -0.633925
v -0.094706 0.151119 -0.633908
v -0.045693 0.171628 -0.637930
v -0.030866 0.171825 -0.635681
v -0.016898 0.171710 -0.634093
v 0.031139 0.172739 -0.623138
v 0.045328 0.173056 -0.620783
v 0.061280 0.171181 -0.618161
v 0.092607 0.152575 -0.589224
v 0.185863 0.156292 -0.576373
v 0.200429 0.157276 -0.575648
v 0.214486 0.160193 -0.576249
v 0.223986 0.163292 -0.576320
v 0.232093 0.165782 -0.576928
v 0.244270 0.171154 -0.573917
v -0.231151 0.151222 -0.649066
v -0.183030 0.150418 -0.639141
v -0.168295 0.150644 -0.635792
v -0.154718 0.150482 -0.634256
v -0.107394 0.151205 -0.620503
v -0.091289 0.151203 -0.620675
v -0.079155 0.151530 -0.617745
v -0.061602 0.171305 -0.635403
v -0.016072 0.171614 -0.620408
v -0.001040 0.171932 -0.622246
v 0.014816 0.172245 -0.618163
v 0.060967 0.169651 -0.604353
v 0.068346 0.162001 -0.602644
v 0.076130 0.156548 -0.589884
v 0.173292 0.164135 -0.583325
v 0.172299 0.161166 -0.572759
v 0.257776 0.177119 -0.573896
v 0.266635 0.180899 -0.575666
v 0.277279 0.186551 -0.574796
v -0.262938 0.306531 -0.557846
v -0.215456 0.150168 -0.637502
v -0.199605 0.150287 -0.634390
v -0.153702 0.150505 -0.620122
v -0.137959 0.151641 -0.620083
v -0.124196 0.151731 -0.619373
v -0.055386 0.170933 -0.623759
v -0.046266 0.171100 -0.622048
v -0.031434 0.171324 -0.619818
v 0.031126 0.172390 -0.607503
v 0.045962 0.172613 -0.605268
v 0.061329 0.168829 -0.591827
v 0.091714 0.153458 -0.575241
v 0.104015 0.153708 -0.574503
v 0.183224 0.156721 -0.560464
v 0.199807 0.160287 -0.558290
v 0.211810 0.162110 -0.562891
v 0.216345 0.165298 -0.556224
v 0.229821 0.168532 -0.559633
v -0.230276 0.151094 -0.633954
v -0.183328 0.150514 -0.622724
v -0.168686 0.150390 -0.620209
v -0.106062 0.155994 -0.607529
v -0.093096 0.153621 -0.603747
v -0.076679 0.151508 -0.603090
v -0.015219 0.171471 -0.608034
v -0.000506 0.171666 -0.604651
v 0.014927 0.172074 -0.603798
v 0.067379 0.162911 -0.587570
v 0.076020 0.157840 -0.574069
v 0.169814 0.157070 -0.556652
v 0.244702 0.174383 -0.558651
v 0.254775 0.178573 -0.559583
v 0.264404 0.183116 -0.559271
v 0.276566 0.189125 -0.559465
v -0.215344 0.150813 -0.622694
v -0.199692 0.150758 -0.618302
v -0.152228 0.153104 -0.605025
v -0.140078 0.157349 -0.608661
v -0.121231 0.158869 -0.609629
v -0.064590 0.152360 -0.592820
v -0.044593 0.170503 -0.605900
v -0.031028 0.170791 -0.602026
v 0.015306 0.171785 -0.588710
v 0.030675 0.172087 -0.591792
v 0.046444 0.172245 -0.587578
v 0.061911 0.169446 -0.575777
v 0.068613 0.162387 -0.578774
v 0.091547 0.155277 -0.558780
v 0.106995 0.154636 -0.560554
v 0.122357 0.156044 -0.555704
v 0.159824 0.160019 -0.558117
v 0.184684 0.159689 -0.544681
v 0.288689 0.194070 -0.563003
v -0.231325 0.151740 -0.618848
v -0.184633 0.150724 -0.607231
v -0.168902 0.150443 -0.604892
v -0.091044 0.160183 -0.592092
v -0.079250 0.153000 -0.588941
v -0.015788 0.171131 -0.591197
v 0.000262 0.171419 -0.589342
v 0.079815 0.159847 -0.559473
v 0.137970 0.155086 -0.545453
v 0.153047 0.155763 -0.543567
v 0.168389 0.156928 -0.542074
v 0.200127 0.165866 -0.542268
v 0.214361 0.169079 -0.543080
v 0.230278 0.173539 -0.543848
v 0.242487 0.177167 -0.545961
v 0.249280 0.181665 -0.541208
v 0.259995 0.185585 -0.544555
v -0.215263 0.151538 -0.606881
v -0.199692 0.151157 -0.603340
v -0.077816 0.154315 -0.576372
v -0.062578 0.152606 -0.575811
v -0.043043 0.169916 -0.588206
v -0.032637 0.170280 -0.587219
v 0.017167 0.171734 -0.576767
v 0.031331 0.172023 -0.574369
v 0.046091 0.172129 -0.572029
v 0.073126 0.167071 -0.557959
v 0.092981 0.159689 -0.545258
v 0.107187 0.156075 -0.543139
v 0.122755 0.155311 -0.541288
v 0.189670 0.163749 -0.539257
v 0.273466 0.192448 -0.543974
v 0.281235 0.197211 -0.542731
v -0.197124 0.284509 -0.515995
v -0.184669 0.151041 -0.592215
v -0.169047 0.150761 -0.588749
v -0.158620 0.150666 -0.590490
v -0.030059 0.170510 -0.574072
v -0.014957 0.170983 -0.575995
v 0.000956 0.171403 -0.571980
v 0.062192 0.171873 -0.561062
v 0.138113 0.155879 -0.530637
v 0.153213 0.156603 -0.528775
v 0.169032 0.158863 -0.527005
v 0.181858 0.163176 -0.532270
v 0.186482 0.167147 -0.526888
v 0.199381 0.171702 -0.528382
v 0.213677 0.174614 -0.532085
v 0.228355 0.177637 -0.533786
v 0.245371 0.186326 -0.528582
v -0.215513 0.152892 -0.590337
v -0.199619 0.151658 -0.588505
v -0.078247 0.153905 -0.561000
v -0.062712 0.154630 -0.559811
v -0.053462 0.158874 -0.568375
v -0.042477 0.169464 -0.571658
v 0.016082 0.171534 -0.560986
v 0.031009 0.171937 -0.558876
v 0.045957 0.172391 -0.556810
v 0.077421 0.171403 -0.543118
v 0.087362 0.167008 -0.540931
v 0.108763 0.160174 -0.530719
v 0.122174 0.156955 -0.526813
v 0.229819 0.183675 -0.525941
v 0.257783 0.191291 -0.529913
v 0.264000 0.196562 -0.527323
v -0.245693 0.323130 -0.495499
v -0.216838 0.305983 -0.494029
v -0.184738 0.151263 -0.577181
v -0.170547 0.150520 -0.573016
v -0.030443 0.170406 -0.560325
v -0.015317 0.170998 -0.559476
v -0.000454 0.171473 -0.556294
v 0.061311 0.172940 -0.546138
v 0.092496 0.171959 -0.529184
v 0.104684 0.167238 -0.526229
v 0.138072 0.156322 -0.515552
v 0.153060 0.157024 -0.512549
v 0.165489 0.159188 -0.511948
v 0.183162 0.169938 -0.513683
v 0.216741 0.183306 -0.523098
v -0.230335 0.654532 -0.767048
v -0.199487 0.152419 -0.572812
v -0.167704 0.150655 -0.558752
v -0.085970 0.159769 -0.559862
v -0.076631 0.153063 -0.545101
v -0.064308 0.156607 -0.542609
v -0.046309 0.169194 -0.556198
v 0.014872 0.171968 -0.545599
v 0.031027 0.172469 -0.543890
v 0.045828 0.172834 -0.540617
v 0.124291 0.159874 -0.514296
v 0.173274 0.163873 -0.510524
v 0.195393 0.175746 -0.516650
v 0.232171 0.191401 -0.518364
v 0.244202 0.191222 -0.520537
v -0.229933 0.662707 -0.804745
v -0.252618 0.319586 -0.506620
v -0.183714 0.151648 -0.560431
v -0.088553 0.157563 -0.542470
v -0.030451 0.170667 -0.546280
v -0.015520 0.171284 -0.543198
v -0.000522 0.171827 -0.541186
v 0.045971 0.173402 -0.526789
v 0.061287 0.173582 -0.530107
v 0.076340 0.174425 -0.527210
v 0.108815 0.172786 -0.514055
v 0.118296 0.166398 -0.511998
v 0.137675 0.156261 -0.498972
v 0.154018 0.157307 -0.496560
v 0.166640 0.161716 -0.499259
v -0.263593 0.486555 -0.463872
v -0.159458 0.151066 -0.543654
v -0.076190 0.154206 -0.528007
v -0.046352 0.169763 -0.540161
v 0.014938 0.172574 -0.530691
v 0.029793 0.172848 -0.528466
v 0.092287 0.175944 -0.511853
v 0.122887 0.159469 -0.496864
v -0.241121 0.328541 -0.485969
v -0.261886 0.484902 -0.472063
v -0.185214 0.152579 -0.544477
v -0.169067 0.151860 -0.542988
v -0.090211 0.154240 -0.528012
v -0.064134 0.160950 -0.528528
v -0.030465 0.171294 -0.530297
v -0.015395 0.171980 -0.528382
v -0.000396 0.172524 -0.526371
v 0.046190 0.174220 -0.512430
v 0.061419 0.174498 -0.514313
v 0.076564 0.175329 -0.512522
v 0.117197 0.168482 -0.502077
v 0.124226 0.155700 -0.482820
v 0.138384 0.156065 -0.482633
v 0.152862 0.157845 -0.481255
v 0.162738 0.160900 -0.485960
v -0.185029 0.306750 -0.480255
v -0.244160 0.295323 -0.544607
v -0.269724 0.329909 -0.519054
v -0.199993 0.154369 -0.542722
v -0.154777 0.152785 -0.527518
v -0.121318 0.151998 -0.524698
v -0.106205 0.152286 -0.525708
v -0.057105 0.169288 -0.525228
v -0.046048 0.170773 -0.525621
v 0.015018 0.173174 -0.515798
v 0.031057 0.173859 -0.511978
v 0.107039 0.174217 -0.499949
v 0.107822 0.155859 -0.478339
v -0.232672 0.288632 -0.539900
v -0.273959 0.513213 -0.426372
v -0.213500 0.283266 -0.530391
v -0.315034 0.499538 -0.495800
v -0.197295 0.268388 -0.636447
v -0.211044 0.158033 -0.540986
v -0.184485 0.153306 -0.528686
v -0.169664 0.153182 -0.528620
v -0.138585 0.151860 -0.524289
v -0.121911 0.154101 -0.512949
v -0.108375 0.153970 -0.514181
v -0.092767 0.153955 -0.513124
v -0.078143 0.156322 -0.510753
v -0.068677 0.160745 -0.517333
v -0.031187 0.172155 -0.514120
v -0.015231 0.172740 -0.513641
v 0.000783 0.173373 -0.509774
v 0.046938 0.175228 -0.496535
v 0.061691 0.175483 -0.499712
v 0.076731 0.176108 -0.497756
v 0.091078 0.176779 -0.495644
v 0.095952 0.156700 -0.479914
v 0.123162 0.155546 -0.469312
v 0.137275 0.156660 -0.467401
v 0.151272 0.159530 -0.467877
v -0.273795 0.483989 -0.481961
v -0.214510 0.274593 -0.636314
v -0.206428 0.271219 -0.636151
v -0.317188 0.499732 -0.470054
v -0.199290 0.153676 -0.527496
v -0.153323 0.154296 -0.512594
v -0.138380 0.154193 -0.513988
v -0.060432 0.169816 -0.510993
v -0.045794 0.171677 -0.511005
v 0.015296 0.174338 -0.500253
v 0.030197 0.174906 -0.497120
v 0.077042 0.155998 -0.467231
v 0.092047 0.155680 -0.467280
v 0.107777 0.155405 -0.464936
v 0.159956 0.166715 -0.463709
v -0.285615 0.345421 -0.527814
v -0.228361 0.280286 -0.634036
v -0.209609 0.270838 -0.628449
v -0.201572 0.266574 -0.620436
v -0.226360 0.315235 -0.489545
v -0.184685 0.153778 -0.513260
v -0.168288 0.154131 -0.512450
v -0.107405 0.154613 -0.498889
v -0.091579 0.154597 -0.496649
v -0.078911 0.157035 -0.497937
v -0.031407 0.173556 -0.497213
v -0.016104 0.173728 -0.498762
v -0.000092 0.174362 -0.494890
v 0.059210 0.176338 -0.487012
v 0.071591 0.177044 -0.487101
v 0.063170 0.156385 -0.464062
v 0.122718 0.158763 -0.452318
v 0.136429 0.159727 -0.455124
v 0.146604 0.161358 -0.457681
v -0.298909 0.349432 -0.557458
v -0.242295 0.314610 -0.502749
v -0.218833 0.272174 -0.621220
v -0.212627 0.269784 -0.617461
v -0.198306 0.263273 -0.606058
v -0.200349 0.154044 -0.512504
v -0.152665 0.154849 -0.496723
v -0.138050 0.155026 -0.499606
v -0.123339 0.155128 -0.497133
v -0.069711 0.166872 -0.499278
v -0.059691 0.171571 -0.497302
v -0.046479 0.173024 -0.496431
v 0.014934 0.175572 -0.483488
v 0.030645 0.176196 -0.482796
v 0.044728 0.176429 -0.482503
v 0.051276 0.157152 -0.465599
v 0.076943 0.155922 -0.451253
v 0.092060 0.156137 -0.452308
v 0.107335 0.157236 -0.450707
v -0.229928 0.659073 -0.789770
v -0.204277 0.303434 -0.490273
v -0.239318 0.285538 -0.631932
v -0.230629 0.276795 -0.619770
v -0.213878 0.267860 -0.603822
v -0.183585 0.257832 -0.589525
v -0.184213 0.154316 -0.498448
v -0.169296 0.154598 -0.497546
v -0.107318 0.154807 -0.485120
v -0.092730 0.154855 -0.481510
v -0.079226 0.154670 -0.479824
v -0.030903 0.174702 -0.482226
v -0.014712 0.174932 -0.482490
v 0.000336 0.175585 -0.480539
v 0.035017 0.157591 -0.461380
v 0.046130 0.155828 -0.453550
v 0.061742 0.155524 -0.450056
v -0.250014 0.291401 -0.621538
v -0.242317 0.284003 -0.619009
v -0.229916 0.273674 -0.605310
v -0.199947 0.261949 -0.590563
v -0.199293 0.154283 -0.495923
v -0.138061 0.155168 -0.484752
v -0.122344 0.155311 -0.480420
v -0.077767 0.155287 -0.466473
v -0.063752 0.154761 -0.466085
v -0.054331 0.173002 -0.485611
v -0.044423 0.173965 -0.482385
v 0.014332 0.176899 -0.472198
v 0.024490 0.177203 -0.473025
v 0.017118 0.156411 -0.451460
v 0.029800 0.156049 -0.449243
v 0.075431 0.160004 -0.439358
v 0.090075 0.160070 -0.442338
v 0.104113 0.161732 -0.442846
v -0.243423 0.281926 -0.604134
v -0.215091 0.266672 -0.589320
v -0.185662 0.259401 -0.574373
v -0.184212 0.154527 -0.483004
v -0.169324 0.154657 -0.482695
v -0.154423 0.155141 -0.480476
v -0.107098 0.156079 -0.466751
v -0.092594 0.155296 -0.466862
v -0.026666 0.175532 -0.474142
v -0.015220 0.175869 -0.472080
v -0.001295 0.176618 -0.469871
v -0.000006 0.156157 -0.447852
v 0.030900 0.156720 -0.434897
v 0.045930 0.157996 -0.435726
v 0.059704 0.158558 -0.437269
v 0.109571 0.173322 -0.444159
v -0.233342 0.274368 -0.589941
v -0.225232 0.270251 -0.585874
v -0.200392 0.263412 -0.574980
v -0.200290 0.154689 -0.481084
v -0.139244 0.155257 -0.469610
v -0.123478 0.155510 -0.465351
v -0.077005 0.156233 -0.450496
v -0.062504 0.155922 -0.453771
v -0.046842 0.155974 -0.449354
v -0.030467 0.156536 -0.450784
v -0.014888 0.156237 -0.447196
v 0.000073 0.155982 -0.435997
v 0.015025 0.156040 -0.436731
v -0.238977 0.486797 -0.477395
v -0.272318 0.347387 -0.503333
v -0.251518 0.289326 -0.602737
v -0.242504 0.281795 -0.588940
v -0.214774 0.267690 -0.574840
v -0.184711 0.263098 -0.559543
v -0.184377 0.154798 -0.466839
v -0.169290 0.154806 -0.467952
v -0.154584 0.155090 -0.464500
v -0.031315 0.156333 -0.437490
v -0.015826 0.156173 -0.436228
v -0.249399 0.289191 -0.588987
v -0.230466 0.274609 -0.573242
v -0.199241 0.267051 -0.559152
v -0.198889 0.155149 -0.466979
v -0.109934 0.160895 -0.454231
v -0.076466 0.158839 -0.436947
v -0.061173 0.156672 -0.437608
v -0.045407 0.156600 -0.435247
v 0.031272 0.161083 -0.425848
v -0.219657 0.271010 -0.566973
v -0.210971 0.269645 -0.561927
v -0.015524 0.156922 -0.420955
v -0.312563 0.501699 -0.536910
v -0.191750 0.288161 -0.505528
v -0.231822 0.665560 -0.820401
v -0.137746 0.649977 -0.650268
v -0.232701 0.669013 -0.834381
v -0.215302 0.693400 -0.865983
v -0.211981 0.659473 -0.758462
v -0.091856 0.673304 -0.667995
v -0.213657 0.631700 -0.682827
v -0.214394 0.662215 -0.773670
v -0.029916 0.707877 -0.697998
v -0.215911 0.636987 -0.695366
v -0.216884 0.665021 -0.788770
v -0.214649 0.648874 -0.727063
v 0.014984 0.734937 -0.730747
v -0.213476 0.645116 -0.712328
v -0.209087 0.673797 -0.789883
v -0.210536 0.642444 -0.702070
v -0.216286 0.677730 -0.819051
v -0.218211 0.680100 -0.834535
v -0.000378 0.722297 -0.713312
v -0.122360 0.656348 -0.654908
v -0.107781 0.673705 -0.672676
v -0.077787 0.678397 -0.667169
v -0.078320 0.682972 -0.677741
v -0.208079 0.671643 -0.781271
v -0.219982 0.680185 -0.850540
v -0.122022 0.663474 -0.663582
v -0.014305 0.710283 -0.697702
v -0.091766 0.681159 -0.679038
v -0.125013 0.652509 -0.647973
v 0.017891 0.742730 -0.741205
v -0.226704 0.672490 -0.838472
v -0.061582 0.697528 -0.692754
v -0.229001 0.647706 -0.743260
v -0.217866 0.651074 -0.742998
v -0.046911 0.693937 -0.681590
v -0.205415 0.631447 -0.676493
v -0.011948 0.730351 -0.720659
v -0.219559 0.667952 -0.803681
v -0.211002 0.704592 -0.882592
v -0.034945 0.714633 -0.706547
v -0.075245 0.688917 -0.684983
v -0.220150 0.683492 -0.861103
v -0.230054 0.643994 -0.727926
v 0.003996 0.730705 -0.723667
v -0.108173 0.666786 -0.665404
v -0.147783 0.641366 -0.640893
v -0.209906 0.656999 -0.742769
v -0.243395 0.637983 -0.695241
v -0.144965 0.636771 -0.630326
v -0.097979 0.667499 -0.660390
v -0.045558 0.699065 -0.690325
v -0.206566 0.715179 -0.898229
v -0.205282 0.652822 -0.708232
v 0.005868 0.746330 -0.738874
v -0.024839 0.703157 -0.688009
v -0.016233 0.715312 -0.705771
v -0.207404 0.655473 -0.723675
v -0.223206 0.670338 -0.821053
v -0.220955 0.654340 -0.761791
v -0.226382 0.639028 -0.707151
vn 0.226427 0.970748 -0.079872
vn 0.303283 0.918712 -0.252957
vn 0.078857 0.810317 0.580662
vn -0.070520 0.975801 0.206975
vn -0.257266 0.961964 -0.091866
vn -0.219547 0.964642 -0.145828
vn 0.246983 0.956591 -0.154702
vn 0.728349 0.548421 0.410783
vn 0.839525 0.539490 0.064402
vn -0.319991 0.649730 0.689534
vn -0.379338 0.605923 0.699257
vn 0.638708 0.740280 0.209853
vn 0.864912 0.440607 0.240402
vn 0.898751 0.371921 0.232211
vn 0.981148 0.179166 0.072449
vn 0.260957 0.323625 0.909488
vn -0.129421 0.458300 0.879324
vn 0.198402 0.219493 0.955227
vn -0.159773 0.525948 0.835375
vn 0.145056 0.986861 0.071166
vn 0.855515 0.517455 -0.018273
vn 0.812068 0.281829 -0.510998
vn -0.960755 -0.233597 0.149610
vn -0.931861 -0.098204 0.349273
vn 0.016963 0.999184 -0.036652
vn -0.483169 0.822987 0.298731
vn 0.018738 0.731766 0.681299
vn 0.083164 0.726801 0.681795
vn 0.222292 0.966975 -0.124682
vn 0.953934 0.278895 0.110577
vn -0.037242 0.846138 0.531660
vn 0.533373 0.608846 0.587214
vn -0.743242 0.061860 -0.666157
vn 0.502986 0.832493 0.232294
vn -0.888104 -0.000874 -0.459642
vn 0.873873 0.348942 -0.338506
vn -0.659387 -0.378094 -0.649810
vn 0.955009 0.239878 0.174403
vn -0.262599 0.875875 0.404826
vn -0.303095 0.720292 0.623949
vn -0.323679 0.580670 0.747030
vn -0.549406 -0.123021 -0.826450
vn -0.569216 0.287694 -0.770211
vn -0.198610 0.526774 0.826477
vn 0.200089 0.888360 0.413257
vn 0.062851 -0.015604 0.997901
vn -0.062691 0.989445 -0.130648
vn 0.256712 0.764325 0.591528
vn 0.323665 0.796472 0.510757
vn 0.766452 0.501050 0.401871
vn 0.378344 0.331609 0.864229
vn -0.883798 0.090000 -0.459130
vn 0.918041 0.166000 0.360063
vn 0.927517 0.334842 0.166112
vn 0.922439 0.378003 0.078863
vn 0.865891 0.239605 0.439115
vn 0.464933 0.869558 0.166454
vn 0.438924 -0.837122 0.326455
vn 0.424303 0.552682 0.717293
vn 0.215006 0.532808 0.818467
vn -0.469461 -0.817161 0.334445
vn 0.172722 0.149145 0.973613
vn 0.699936 0.641685 0.313575
vn 0.327205 0.931777 -0.157254
vn 0.855206 0.506476 0.110022
vn 0.083502 0.995972 -0.032662
vn -0.974977 -0.222282 -0.003384
vn 0.350871 0.915722 -0.195815
vn 0.020824 0.998188 -0.056462
vn 0.661657 0.632319 0.402968
vn 0.141360 0.577931 0.803749
vn 0.789701 0.235681 -0.566416
vn 0.153518 0.885162 0.439228
vn -0.175365 0.892392 0.415794
vn -0.096140 0.639994 0.762342
vn -0.134668 0.657331 0.741472
vn 0.551968 0.247027 0.796435
vn 0.842831 -0.071832 0.533363
vn 0.007151 0.529366 0.848363
vn 0.160232 0.960412 -0.227891
vn -0.033468 0.632775 0.773612
vn -0.932086 0.333126 0.142277
vn -0.225879 0.869312 0.439631
vn -0.928334 0.240070 -0.283837
vn 0.906466 0.318513 0.277253
vn 0.837983 0.503483 0.210450
vn 0.614136 0.446902 0.650473
vn 0.675010 -0.047695 0.736266
vn 0.009606 0.594153 0.804295
vn -0.067442 0.691786 0.718946
vn 0.868626 0.477379 0.132654
vn -0.940235 0.125385 -0.316601
vn 0.987495 0.097605 0.123799
vn 0.418577 0.874391 0.245425
vn 0.234212 -0.008905 0.972145
vn 0.147612 -0.017539 0.988890
vn -0.249122 0.936848 -0.245467
vn 0.281370 0.517634 0.808013
vn -0.991301 0.119779 0.054541
vn -0.512939 0.849059 0.126460
vn 0.895813 0.437769 -0.076670
vn -0.955152 0.282797 0.087807
vn 0.864019 0.258652 -0.431938
vn 0.902740 0.275773 -0.330166
vn 0.994411 0.082576 0.065793
vn -0.406796 0.689827 0.598879
vn 0.342323 0.561762 0.753152
vn 0.012004 -0.007630 0.999899
vn 0.139370 0.640139 0.755512
vn 0.613639 0.401176 0.680077
vn 0.886708 0.215278 0.409151
vn -0.174255 0.983322 0.052095
vn -0.259235 0.965806 0.003931
vn 0.196572 0.711761 0.674356
vn -0.245984 0.880316 0.405629
vn 0.047414 0.904369 0.424108
vn -0.071205 0.946227 0.315570
vn 0.250344 0.695090 0.673927
vn -0.592732 0.805294 -0.013039
vn -0.673925 0.659353 -0.333286
vn -0.314269 0.300605 0.900484
vn -0.062082 0.403661 0.912800
vn -0.199434 0.521130 0.829849
vn 0.058349 0.543611 0.837307
vn -0.133306 0.883744 0.448582
vn 0.864327 0.454258 0.215844
vn 0.873357 0.484623 0.048866
vn 0.864237 0.296262 -0.406599
vn 0.163490 0.283827 0.944835
vn 0.003706 0.141541 0.989925
vn 0.371424 0.847298 0.379645
vn -0.726365 0.429513 0.536575
vn -0.862243 0.371333 -0.344453
vn -0.290601 0.817347 0.497488
vn -0.600595 0.466478 -0.649372
vn -0.993968 -0.001917 -0.109650
vn 0.814025 0.459933 0.354719
vn 0.966984 0.192277 0.167248
vn -0.228068 -0.038404 -0.972888
vn -0.536775 0.758055 0.370439
vn -0.658399 0.670096 0.342756
vn 0.613393 0.698849 0.367911
vn 0.676378 0.552265 0.487356
vn 0.895468 0.350112 0.274880
vn 0.907949 0.406545 0.101732
vn -0.001843 -0.669768 0.742568
vn 0.180910 0.429882 0.884575
vn 0.182686 0.432381 0.882991
vn -0.735062 -0.635348 0.236678
vn 0.392525 0.345421 0.852413
vn -0.325355 0.538405 -0.777344
vn -0.891612 -0.275952 -0.358997
vn -0.987598 0.029164 0.154270
vn -0.225153 0.493642 0.840014
vn 0.130747 -0.044285 0.990426
vn 0.147834 -0.099882 0.983956
vn -0.248522 0.581033 0.775008
vn 0.250571 0.318486 0.914210
vn -0.326913 0.870475 0.367969
vn 0.554019 0.669138 0.495296
vn 0.513305 0.401407 -0.758545
vn 0.924855 0.368588 -0.093732
vn 0.094367 0.423689 0.900879
vn 0.877431 0.283551 -0.386927
vn 0.274105 0.298257 0.914280
vn -0.231306 0.969312 -0.083256
vn -0.006704 0.999951 -0.007349
vn 0.323040 0.618305 0.716480
vn 0.789458 0.586853 0.179887
vn 0.641237 -0.632658 0.434234
vn 0.319484 0.277117 0.906166
vn -0.126601 0.483223 0.866295
vn 0.821226 0.570316 0.018106
vn -0.716605 0.189639 -0.671203
vn 0.913035 0.374073 0.162595
vn 0.913481 0.387573 0.123856
vn -0.580468 -0.127554 -0.804230
vn -0.498185 0.114652 -0.859457
vn 0.088355 0.207570 -0.974222
vn 0.194393 0.251998 -0.948002
vn 0.273634 0.926273 0.259121
vn -0.001740 0.985768 0.168104
vn -0.107056 0.991133 0.078698
vn 0.103241 0.949410 0.296585
vn 0.307810 0.946689 -0.095040
vn -0.325557 0.872957 0.363261
vn -0.243631 0.810082 0.533302
vn -0.161840 0.986764 0.010199
vn 0.835538 0.521511 0.172924
vn -0.403441 0.840067 0.362661
vn -0.056530 0.703366 0.708577
vn 0.170912 0.370499 0.912973
vn 0.520031 0.078168 0.850563
vn -0.153658 0.986231 -0.061135
vn -0.939986 0.305276 0.152426
vn -0.148437 0.703375 -0.695148
vn 0.287679 0.329957 0.899093
vn 0.253788 0.300654 0.919347
vn 0.281514 0.266401 0.921835
vn 0.689015 0.253874 -0.678827
vn 0.240478 0.901755 0.359176
vn -0.325275 0.844195 0.426065
vn 0.072738 0.989318 -0.126330
vn -0.999528 -0.013490 -0.027610
vn 0.401008 0.644122 0.651382
vn 0.423311 0.717927 0.552619
vn 0.702929 0.607255 0.370314
vn 0.359554 0.890504 -0.278790
vn 0.332765 0.916280 -0.222933
vn -0.789581 0.324893 -0.520583
vn 0.870057 0.315779 0.378529
vn 0.878656 0.470846 0.079173
vn 0.145206 0.462607 0.874592
vn 0.966965 0.102804 0.233261
vn 0.473494 -0.670988 0.570595
vn 0.554002 0.723988 0.411001
vn -0.149248 0.988764 -0.008459
vn -0.161981 0.627907 0.761245
vn -0.205145 -0.666399 0.716818
vn 0.137269 -0.214668 0.966993
vn 0.250441 -0.040631 0.967279
vn 0.087975 0.280857 0.955709
vn 0.131382 0.985491 0.107450
vn 0.700089 0.687490 0.192957
vn 0.799787 0.481458 -0.358523
vn -0.657347 0.259960 -0.707330
vn -0.089620 0.466260 0.880097
vn -0.112439 -0.028054 0.993263
vn 0.716376 0.499438 -0.487203
vn 0.819150 0.450077 -0.355563
vn 0.997415 0.071855 -0.000569
vn -0.373042 0.115796 -0.920560
vn -0.336138 0.119970 -0.934140
vn 0.017563 0.762982 0.646182
vn 0.708609 -0.181985 0.681730
vn 0.176877 0.958872 0.221987
vn -0.287431 0.730564 0.619403
vn -0.561510 0.827316 0.015955
vn -0.241126 0.953974 -0.178302
vn -0.263270 0.962927 -0.058825
vn -0.002927 0.754417 0.656389
vn 0.877086 0.470612 0.096150
vn 0.003245 0.949342 0.314228
vn -0.657722 0.184794 0.730242
vn -0.355374 0.463195 0.811887
vn 0.227624 0.943528 -0.240713
vn -0.759820 0.293355 -0.580186
vn 0.245366 0.425822 0.870903
vn -0.269927 0.434892 0.859074
vn 0.347094 0.824240 0.447386
vn 0.596624 0.690693 0.408636
vn -0.338296 -0.795922 0.502060
vn -0.418936 0.501617 0.756884
vn -0.379884 0.529323 0.758620
vn -0.049586 0.399134 0.915551
vn 0.231056 0.260319 0.937469
vn 0.238759 0.959481 0.149637
vn 0.391843 0.839241 0.377006
vn 0.325220 0.120618 0.937914
vn 0.302467 0.160316 0.939581
vn 0.287299 0.204188 0.935824
vn 0.270496 0.131844 0.953650
vn 0.137730 0.027263 0.990094
vn 0.221999 0.428863 0.875667
vn -0.309691 0.929250 0.201459
vn 0.977001 0.060253 0.204547
vn 0.862270 0.370424 0.345365
vn 0.642802 0.413192 0.645041
vn 0.774734 0.376744 0.507791
vn -0.971375 -0.180828 0.154052
vn 0.992588 0.087503 -0.084330
vn -0.547812 -0.057924 -0.834594
vn -0.592024 0.095198 -0.800278
vn -0.460348 -0.113843 -0.880409
vn -0.201487 -0.525408 0.826650
vn -0.143168 0.143924 -0.979178
vn -0.129749 0.169751 -0.976908
vn -0.059132 0.440831 0.895640
vn 0.384315 0.426144 0.818965
vn -0.514775 0.755933 0.404440
vn -0.919429 -0.078416 -0.385357
vn 0.807408 0.511048 0.294827
vn 0.012163 0.763965 0.645143
vn -0.215702 0.975008 -0.053209
vn -0.160987 0.775467 0.610519
vn 0.175521 0.853799 0.490122
vn -0.230386 0.678644 0.697399
vn -0.061605 0.685104 0.725835
vn 0.094018 0.716391 0.691336
vn 0.186157 0.572658 0.798379
vn 0.186041 0.449147 0.873874
vn 0.191817 0.445367 0.874560
vn 0.109463 0.372586 0.921519
vn -0.285448 0.491976 0.822484
vn -0.266699 0.951202 0.155199
vn -0.181559 0.958317 -0.220601
vn -0.030280 0.976779 -0.212097
vn -0.430816 0.591527 0.681538
vn -0.390625 0.578885 0.715754
vn -0.230750 0.614928 0.754068
vn 0.566781 0.324119 0.757434
vn 0.331618 0.408074 0.850591
vn 0.305452 0.375288 0.875133
vn 0.341662 0.334126 0.878423
vn 0.247908 0.294917 0.922803
vn 0.221711 0.078966 0.971910
vn 0.080040 -0.311302 0.946934
vn -0.039239 -0.555120 0.830844
vn 0.038385 -0.553428 0.832012
vn 0.299078 -0.558824 0.773478
vn 0.455528 -0.365201 0.811864
vn 0.222232 -0.301771 0.927118
vn 0.331768 0.454955 0.826406
vn 0.086487 0.670515 0.736838
vn 0.275734 0.369925 0.887202
vn -0.321824 0.798611 0.508576
vn -0.339903 0.739596 0.580916
vn 0.741811 0.554572 0.377049
vn -0.199347 0.400899 0.894170
vn 0.351416 0.431900 0.830644
vn 0.989309 0.117998 0.085701
vn 0.178504 0.258304 -0.949429
vn -0.389347 0.076751 -0.917888
vn -0.306217 0.110527 -0.945524
vn 0.617688 -0.038870 0.785462
vn -0.142620 0.988971 0.039955
vn 0.467952 0.317253 0.824846
vn 0.094215 0.964857 0.245305
vn -0.341013 0.810404 0.476399
vn -0.598841 0.442827 0.667303
vn 0.189436 0.970539 -0.148890
vn -0.893218 -0.364841 0.262778
vn 0.039813 0.633273 0.772904
vn 0.689023 0.594789 0.414094
vn -0.304367 0.874628 0.377341
vn -0.117424 0.828825 0.547047
vn 0.061243 0.594973 0.801409
vn 0.391123 0.868294 0.305104
vn -0.605652 0.750169 0.265389
vn -0.079308 0.976829 0.198785
vn -0.160960 0.961172 0.224144
vn -0.053722 0.886996 0.458641
vn 0.528919 0.670281 -0.520545
vn -0.934474 -0.329291 -0.135374
vn 0.076844 0.633886 0.769600
vn 0.347343 -0.636664 0.688485
vn -0.064249 0.601812 0.796049
vn 0.080101 0.627450 0.774526
vn -0.034449 0.306345 0.951297
vn 0.925283 -0.064373 -0.373776
vn 0.430252 0.493855 0.755639
vn -0.249875 0.966272 -0.062290
vn -0.301907 0.881756 0.362435
vn 0.920024 0.364888 0.142875
vn 0.418120 -0.476646 0.773295
vn -0.539945 -0.124453 -0.832449
vn -0.452517 -0.022183 -0.891480
vn 0.499708 0.200713 -0.842619
vn -0.711832 0.305204 -0.632570
vn -0.627461 0.773081 -0.092937
vn 0.774493 0.554539 0.304379
vn 0.365699 0.500781 0.784527
vn 0.058173 0.386554 0.920430
vn 0.077669 0.885958 0.457216
vn -0.089846 0.994522 -0.053426
vn -0.878016 -0.055237 -0.475433
vn 0.013176 0.916628 0.399523
vn 0.942162 0.318590 0.104074
vn 0.129296 0.771795 0.622588
vn 0.066887 0.727674 0.682654
vn -0.549985 0.695220 -0.462801
vn 0.234327 0.934596 -0.267620
vn -0.366685 0.787554 0.495278
vn -0.313293 0.737386 0.598423
vn -0.107847 0.766054 0.633665
vn 0.158144 0.785217 0.598686
vn 0.167733 0.677968 0.715699
vn -0.062578 -0.053990 0.996579
vn -0.048162 -0.391104 0.919085
vn -0.061444 -0.565292 0.822599
vn -0.082728 -0.700992 0.708355
vn -0.054844 -0.699065 0.712952
vn 0.095970 -0.640752 0.761726
vn 0.248539 -0.624152 0.740717
vn 0.443114 -0.561610 0.698745
vn 0.139542 0.472156 0.870401
vn 0.587417 0.517908 0.621862
vn 0.239497 0.433951 0.868520
vn 0.250295 0.643624 0.723257
vn 0.382841 0.382331 0.840985
vn -0.753379 0.064465 -0.654419
vn 0.918640 0.394929 0.011472
vn 0.417215 0.275242 0.866126
vn -0.257938 0.634556 0.728564
vn -0.151876 0.854190 0.497287
vn 0.766818 -0.170687 0.618753
vn 0.027779 -0.424584 0.904962
vn 0.107770 -0.587976 0.801667
vn 0.470113 0.184831 0.863036
vn 0.861274 0.352597 0.365901
vn -0.546686 0.830911 0.103541
vn 0.024471 0.808310 0.588248
vn -0.263154 0.964720 0.008145
vn -0.035102 0.903655 0.426821
vn 0.202744 0.611382 0.764923
vn 0.014029 0.790663 0.612090
vn -0.475470 0.734134 0.484743
vn -0.367119 0.819156 0.440689
vn 0.800743 0.570274 0.183294
vn 0.497775 0.752714 0.430861
vn -0.024462 0.855965 0.516455
vn -0.006268 0.835371 0.549651
vn -0.194033 0.547795 0.813800
vn -0.077022 0.318558 0.944769
vn 0.029115 0.271117 0.962106
vn 0.004158 0.219606 0.975580
vn -0.348291 0.649840 0.675574
vn 0.307704 0.854400 0.418711
vn 0.407147 0.802450 0.436240
vn 0.647796 0.660401 0.379776
vn 0.772017 0.540535 0.334381
vn -0.031932 0.762067 0.646710
vn -0.287206 0.143681 0.947031
vn -0.156642 -0.592559 0.790150
vn -0.135401 -0.645476 0.751683
vn 0.455712 -0.539684 0.707862
vn -0.190269 0.708873 0.679189
vn 0.977828 0.192340 -0.082812
vn -0.613661 -0.788314 0.044518
vn 0.045715 0.987015 0.153983
vn 0.338966 0.497624 0.798419
vn 0.454421 0.282556 0.844786
vn -0.068390 0.995223 0.069669
vn 0.395017 -0.556304 0.731087
vn 0.049404 -0.419457 0.906430
vn -0.086595 -0.412778 0.906706
vn -0.027556 -0.166364 0.985679
vn 0.071392 -0.327843 0.942031
vn -0.942982 0.252553 0.216798
vn -0.174316 0.222945 0.959119
vn -0.121902 0.992541 0.001526
vn 0.981831 0.135130 0.133217
vn 0.194011 0.399663 0.895896
vn 0.929058 0.349497 0.121258
vn 0.956473 0.217186 -0.194907
vn -0.223201 0.879071 0.421206
vn -0.279945 0.957056 0.075326
vn -0.264302 0.846691 0.461799
vn -0.283415 0.682937 0.673255
vn -0.007582 0.802961 0.595983
vn 0.214931 0.960651 0.175936
vn -0.041160 0.952975 0.300241
vn 0.597943 0.769236 0.225255
vn -0.329715 0.824160 0.460487
vn -0.154171 0.858242 0.489543
vn -0.261264 -0.426964 0.865704
vn -0.271802 -0.412393 0.869515
vn -0.199296 -0.570272 0.796913
vn -0.177428 -0.627637 0.758018
vn -0.100870 -0.488680 0.866612
vn 0.068644 -0.372073 0.925662
vn -0.021288 -0.602765 0.797634
vn 0.175611 -0.524992 0.832793
vn 0.179155 -0.205531 0.962113
vn 0.260337 -0.421420 0.868694
vn 0.450094 -0.440021 0.777044
vn 0.995011 -0.094814 -0.031034
vn 0.935222 0.314142 0.163323
vn -0.654087 0.573993 -0.492648
vn -0.846571 -0.243437 -0.473345
vn 0.660498 0.175165 -0.730109
vn -0.986960 -0.160246 0.015173
vn 0.718069 0.621015 -0.314192
vn -0.176951 0.984211 -0.004233
vn 0.892828 0.335629 0.300352
vn -0.236571 0.971371 -0.021743
vn 0.998885 -0.046692 0.006991
vn -0.319137 0.671078 0.669183
vn -0.990314 -0.041697 0.132434
vn -0.032738 0.945931 0.322711
vn -0.273885 0.697972 0.661682
vn 0.597891 -0.450609 0.662932
vn 0.074039 0.590550 0.803598
vn -0.840901 -0.162945 -0.516076
vn 0.854789 -0.480206 -0.196822
vn 0.191226 0.255017 0.947839
vn 0.501817 0.469426 0.726511
vn -0.637931 0.624039 -0.451241
vn 0.162235 0.985926 -0.040364
vn 0.413299 0.893368 0.176287
vn -0.154805 0.972563 0.173659
vn -0.279142 0.876854 0.391417
vn -0.226514 0.960267 0.163030
vn 0.043877 0.898452 0.436874
vn -0.550238 0.821159 0.151449
vn -0.576388 0.366428 0.730416
vn -0.285302 0.213917 0.934260
vn -0.021272 0.032411 0.999248
vn 0.201330 0.067839 0.977171
vn 0.236485 0.476981 0.846501
vn 0.213323 0.199819 0.956329
vn 0.723531 0.682590 0.102829
vn -0.219263 0.887918 0.404383
vn -0.463405 0.703258 0.539150
vn -0.558452 0.368440 0.743225
vn -0.611960 -0.070631 0.787729
vn -0.621519 -0.303012 0.722425
vn -0.399060 -0.378807 0.835019
vn -0.305326 -0.339771 0.889568
vn -0.256061 -0.370042 0.893030
vn 0.291111 -0.306222 0.906357
vn 0.364329 0.297573 0.882448
vn 0.971115 0.191123 0.142857
vn -0.383706 -0.618357 0.685860
vn -0.944323 -0.177980 -0.276725
vn 0.159354 0.424611 0.891242
vn 0.774286 0.556242 -0.301789
vn -0.044168 0.651410 0.757439
vn -0.053063 0.921557 0.384599
vn 0.404028 0.911860 0.072610
vn 0.922404 0.328784 -0.202661
vn 0.373116 0.911950 0.170679
vn 0.200065 -0.333175 0.921395
vn 0.170866 -0.540695 0.823683
vn 0.566717 0.816598 0.109544
vn 0.494359 0.860202 0.125147
vn 0.480757 0.780286 0.400032
vn 0.698004 -0.603196 0.385934
vn 0.000000 1.000000 0.000000
vn -0.918818 0.084420 -0.385547
vn -0.656163 -0.214945 -0.723359
vn 0.419899 0.870773 0.255811
vn 0.687377 0.674624 0.269064
vn -0.372612 0.837341 0.400025
vn -0.347043 0.756241 0.554672
vn -0.043388 0.808530 0.586854
vn 0.399149 0.733686 0.549895
vn -0.486479 -0.022378 0.873406
vn -0.155447 0.601858 0.783328
vn 0.046424 0.711402 0.701251
vn 0.198448 0.772584 0.603103
vn -0.742123 0.230612 0.629343
vn -0.268014 -0.378494 0.885952
vn -0.289321 0.739392 0.607942
vn 0.811071 0.459352 -0.362160
vn 0.202653 0.341715 0.917694
vn 0.980637 0.088247 0.174826
vn 0.278331 0.286782 0.916672
vn -0.007747 0.641571 0.767024
vn -0.075105 -0.006357 0.997155
vn 0.733304 0.216022 -0.644671
vn -0.638090 0.422677 -0.643572
vn 0.749978 0.627087 0.210465
vn -0.060285 0.996326 -0.060830
vn -0.505143 0.596288 0.623915
vn 0.539800 -0.300855 0.786195
vn -0.072342 0.082596 0.993954
vn -0.008108 -0.008671 0.999930
vn -0.457589 0.760812 0.460192
vn 0.713152 0.383740 0.586650
vn 0.166665 0.913780 0.370445
vn 0.901444 0.413250 0.128931
vn 0.315158 0.794487 0.519101
vn -0.065411 0.744190 0.664758
vn -0.058774 0.850658 0.522424
vn 0.079858 0.964251 0.252671
vn -0.065901 0.997652 -0.018661
vn -0.023041 0.997210 -0.071003
vn -0.640074 0.593426 -0.488007
vn 0.937582 0.271065 0.217860
vn -0.896993 0.066881 -0.436956
vn -0.002585 0.975796 0.218666
vn -0.798419 0.018320 0.601823
vn -0.794910 -0.096851 0.598948
vn -0.751968 -0.167309 0.637615
vn -0.638512 -0.312410 0.703351
vn -0.431058 -0.260106 0.864022
vn -0.331405 -0.315494 0.889176
vn -0.348052 -0.295012 0.889847
vn -0.287777 -0.347769 0.892324
vn -0.154758 -0.277233 0.948257
vn -0.095887 -0.135458 0.986132
vn 0.108420 -0.218747 0.969740
vn 0.213186 -0.223623 0.951075
vn 0.204234 -0.169141 0.964199
vn 0.280478 -0.203203 0.938105
vn -0.276337 -0.288026 0.916885
vn 0.259134 -0.160079 0.952483
vn -0.388679 -0.025888 0.921010
vn -0.395737 0.877816 0.269874
vn 0.985564 0.104574 0.133144
vn 0.933691 0.259726 0.246504
vn 0.741306 0.267081 -0.615737
vn 0.967350 0.253408 0.004313
vn 0.820787 0.514472 -0.248246
vn -0.850635 0.470603 0.234422
vn -0.996723 0.036145 -0.072370
vn 0.208963 0.159053 0.964902
vn 0.314135 -0.109718 0.943017
vn 0.604151 0.765479 0.221458
vn -0.935329 0.296003 -0.193755
vn 0.411228 0.817051 0.404128
vn -0.250753 0.965226 -0.073909
vn 0.059663 0.956100 0.286901
vn -0.022481 0.908253 0.417818
vn 0.126494 0.764299 0.632334
vn -0.247705 0.966714 -0.064078
vn -0.245535 0.961187 -0.125827
vn 0.463407 0.788314 0.404742
vn -0.299220 -0.070782 0.951555
vn -0.081008 -0.154785 0.984621
vn 0.226018 -0.163508 0.960303
vn 0.348254 -0.111485 0.930747
vn 0.067019 0.002564 0.997748
vn -0.584937 0.119455 0.802234
vn -0.241618 0.930407 0.275616
vn -0.073557 0.979193 0.189129
vn -0.212706 0.975643 0.053639
vn -0.924908 -0.302935 -0.229728
vn -0.592039 0.254048 -0.764820
vn -0.241528 0.939330 -0.243563
vn -0.113472 0.991786 -0.059029
vn 0.016137 0.996713 -0.079389
vn 0.336240 0.941769 0.003806
vn 0.011659 0.634074 0.773185
vn 0.104998 0.628511 0.770681
vn 0.898161 -0.089753 -0.430408
vn 0.243044 0.968139 0.060309
vn 0.092146 0.585332 0.805541
vn -0.372164 -0.299692 0.878452
vn 0.981774 0.187425 0.031502
vn 0.746097 0.652809 0.131069
vn -0.345995 0.897089 0.274808
vn 0.016948 0.823916 0.566459
vn 0.094953 0.983767 0.152272
vn 0.681138 -0.365995 0.634112
vn 0.382203 -0.075596 0.920981
vn 0.131910 0.020948 0.991040
vn -0.082481 0.144878 0.986006
vn 0.267691 -0.088845 0.959400
vn 0.012053 0.809776 -0.586616
vn -0.429438 0.372539 0.822677
vn -0.403957 0.838954 0.364657
vn 0.831059 0.361649 -0.422554
vn -0.698037 0.633338 0.334108
vn 0.054987 0.998448 0.008847
vn -0.119755 0.942619 0.311653
vn 0.498306 0.609443 -0.616661
vn 0.208122 0.973489 0.094896
vn -0.219866 0.939923 -0.261160
vn 0.345094 -0.229395 0.910103
vn 0.332449 0.872927 0.357038
vn -0.291046 0.947723 0.130818
vn -0.956315 0.263214 0.127205
vn -0.691803 0.221249 -0.687355
vn -0.208262 0.966380 -0.150786
vn -0.122839 0.984363 -0.126255
vn 0.249696 0.968318 0.003540
vn 0.450523 0.891626 0.045067
vn -0.515624 -0.242102 0.821900
vn -0.388926 -0.386531 0.836260
vn -0.557348 0.818021 -0.142143
vn -0.279288 -0.372018 0.885212
vn -0.013659 -0.361155 0.932406
vn -0.048861 -0.292307 0.955075
vn -0.035679 -0.267586 0.962873
vn 0.220887 -0.368572 0.902975
vn 0.304423 -0.301625 0.903520
vn 0.389091 -0.146335 0.909502
vn -0.096989 0.622526 0.776566
vn -0.297678 0.789600 0.536582
vn -0.315684 0.726349 0.610541
vn -0.938608 -0.004048 -0.344962
vn -0.255871 0.946863 0.194887
vn -0.322674 0.729061 0.603616
vn -0.856319 -0.499650 0.130646
vn 0.791449 0.499301 -0.352572
vn 0.948751 0.132023 0.287127
vn 0.475722 0.478381 0.738132
vn 0.901119 0.433572 0.000330
vn -0.986555 0.066285 0.149382
vn -0.697409 -0.716013 -0.030737
vn 0.385876 0.866497 0.316674
vn -0.809737 0.523973 0.264157
vn -0.497720 0.829411 0.253677
vn -0.522608 -0.165250 0.836405
vn -0.770161 -0.410095 0.488542
vn -0.159791 0.808413 0.566511
vn 0.050672 0.994129 0.095603
vn 0.003955 0.951401 0.307930
vn 0.216381 0.829645 0.514654
vn 0.069014 0.825748 0.559801
vn -0.255279 0.939672 -0.227704
vn -0.211582 0.967257 0.140168
vn -0.375546 -0.111894 0.920024
vn -0.152346 -0.193418 0.969216
vn 0.208861 -0.232860 0.949817
vn 0.376097 -0.214669 0.901370
vn 0.393033 -0.217043 0.893542
vn 0.210480 -0.169954 0.962712
vn -0.416450 -0.101389 0.903487
vn -0.169997 0.939719 -0.296699
vn -0.568152 0.798963 -0.197136
vn -0.405267 -0.369099 0.836375
vn -0.233278 0.631144 0.739755
vn 0.567202 -0.299790 0.767077
vn 0.139547 0.522514 0.841134
vn -0.325236 0.809082 0.489497
vn 0.098020 0.566329 0.818330
vn 0.246053 0.953537 0.173855
vn 0.070442 0.974799 0.211673
vn 0.025637 0.996522 0.079286
vn -0.141421 0.348735 0.926490
vn 0.412615 0.112423 0.903942
vn 0.963529 0.260157 0.062695
vn 0.953486 0.279079 -0.113926
vn -0.497505 0.319231 0.806586
vn -0.367810 -0.277043 0.887673
vn -0.850763 -0.457494 -0.258652
vn -0.506817 -0.823747 -0.254121
vn 0.966221 -0.242689 -0.086716
vn 0.699562 0.087710 0.709169
vn -0.670554 0.142103 0.728124
vn -0.695157 0.130183 0.706971
vn -0.201176 0.825262 0.527704
vn 0.812553 0.510845 0.280705
vn -0.071216 0.899992 0.430050
vn -0.248395 0.954106 -0.167275
vn 0.299553 0.954075 -0.003046
vn 0.197087 0.770378 0.606362
vn -0.161437 0.977355 -0.136801
vn 0.109253 0.991944 -0.064124
vn 0.642954 0.759442 0.099287
vn -0.404787 -0.356070 0.842236
vn -0.191007 -0.451877 0.871392
vn -0.018815 -0.422818 0.906019
vn 0.126778 -0.374722 0.918428
vn 0.228451 0.423829 0.876458
vn -0.342142 0.645187 0.683135
vn -0.311778 0.819874 0.480210
vn -0.304562 0.874900 0.376554
vn 0.964356 0.077818 0.252909
vn -0.313269 0.947881 -0.058174
vn 0.322942 0.945364 0.044664
vn 0.810671 0.446659 0.378560
vn 0.974535 -0.196045 -0.108852
vn 0.049568 0.839386 -0.541270
vn -0.075266 -0.058824 -0.995427
vn -0.653781 -0.458716 -0.601790
vn 0.535107 -0.136932 0.833613
vn 0.611398 -0.058277 0.789174
vn -0.097864 0.363411 0.926475
vn -0.211348 0.321804 0.922916
vn 0.090075 0.159978 0.983002
vn 0.267027 0.058032 0.961940
vn 0.329527 0.159663 0.930548
vn -0.835891 0.357373 -0.416618
vn 0.931097 0.280127 0.233638
vn -0.046007 0.998697 -0.022062
vn -0.326617 -0.122812 0.937144
vn -0.268370 -0.851187 0.451063
vn -0.127557 0.628759 0.767066
vn -0.881851 -0.434320 0.183590
vn -0.260112 -0.877589 0.402714
vn 0.145382 0.417556 0.896945
vn 0.253041 0.819464 0.514246
vn -0.274402 0.945498 -0.175320
vn -0.214593 0.842304 0.494442
vn -0.133454 0.985008 0.109317
vn 0.793990 0.505814 0.337242
vn -0.775932 -0.076841 0.626119
vn 0.127942 0.991782 -0.000340
vn 0.518860 0.853828 0.041982
vn -0.134887 0.903782 0.406182
vn -0.447176 -0.166194 0.878871
vn -0.404458 -0.130850 0.905148
vn -0.364803 -0.115852 0.923849
vn -0.182668 -0.163381 0.969504
vn -0.052427 -0.155429 0.986455
vn -0.061337 -0.222951 0.972898
vn 0.277759 0.410447 -0.868552
vn 0.009121 -0.063462 0.997943
vn 0.222160 -0.140086 0.964894
vn 0.375279 -0.272624 0.885913
vn 0.001940 0.053757 -0.998552
vn -0.180238 -0.168247 -0.969127
vn -0.903987 -0.422576 -0.065097
vn 0.883399 -0.442969 -0.152924
vn 0.951357 0.278972 0.130744
vn -0.281961 0.559552 0.779358
vn -0.934945 0.091955 0.342669
vn 0.821961 0.469494 -0.322422
vn -0.121831 0.204606 -0.971233
vn 0.872643 0.301287 0.384343
vn -0.003939 0.480180 0.877161
vn 0.868290 0.211555 -0.448683
vn -0.494999 0.623590 -0.605071
vn -0.125927 0.988594 -0.082608
vn -0.246570 -0.882808 0.399816
vn -0.458446 -0.784551 0.417502
vn 0.288107 0.599065 0.747072
vn 0.170338 0.788349 0.591178
vn 0.620714 0.769608 0.149727
vn -0.496187 -0.108751 0.861378
vn -0.219521 -0.137761 0.965833
vn 0.191823 -0.198264 0.961195
vn 0.402507 -0.199754 0.893357
vn 0.315980 -0.169701 0.933466
vn -0.383220 -0.153588 0.910798
vn -0.753659 -0.151017 0.639681
vn 0.419103 0.907923 0.005375
vn 0.138680 0.989512 0.040426
vn 0.319782 -0.025308 0.947153
vn 0.332265 0.506182 0.795851
vn 0.055262 0.549247 0.833830
vn 0.961833 0.256957 0.094073
vn 0.939984 -0.145869 -0.308469
vn 0.912988 0.187039 -0.362587
vn -0.207076 0.825625 0.524846
vn -0.111079 0.749517 0.652600
vn 0.926430 0.295687 -0.233016
vn 0.248905 0.364178 0.897452
vn -0.074724 0.477986 0.875183
vn 0.173059 0.303682 0.936925
vn 0.470321 0.193937 0.860922
vn 0.460579 0.839689 0.287732
vn 0.809242 0.465079 -0.358927
vn -0.227109 0.950393 0.212544
vn 0.128660 0.867211 0.481033
vn -0.482758 -0.113433 -0.868376
vn -0.174165 -0.540510 -0.823113
vn -0.210961 -0.870849 0.443979
vn -0.251525 -0.846277 0.469628
vn -0.642749 -0.553828 0.529291
vn -0.713741 -0.331501 0.616993
vn -0.352056 0.880632 0.317085
vn 0.429574 -0.173761 0.886157
vn 0.594640 0.802874 0.042385
vn 0.779385 0.620577 0.086271
vn -0.994314 0.080769 0.069393
vn 0.797427 0.603416 0.000635
vn -0.372376 -0.252928 0.892952
vn -0.302583 -0.085872 0.949247
vn -0.314245 0.012614 0.949258
vn -0.219104 0.113279 0.969103
vn -0.162450 -0.051058 0.985395
vn -0.041359 -0.073440 0.996442
vn 0.084719 0.040301 0.995590
vn 0.151659 0.078173 0.985337
vn 0.290061 -0.015040 0.956890
vn 0.195710 0.444516 0.874130
vn -0.811480 0.551376 0.193609
vn -0.970025 0.106169 -0.218586
vn -0.901435 0.168826 -0.398638
vn -0.915685 -0.043422 -0.399544
vn 0.676632 0.581525 0.451661
vn 0.893154 -0.138409 -0.427924
vn 0.419885 0.497640 0.758980
vn 0.056248 0.687750 0.723766
vn -0.264040 0.784891 0.560562
vn -0.181471 0.626219 -0.758233
vn 0.298529 0.477324 -0.826464
vn -0.987229 -0.069070 -0.143555
vn 0.746173 0.429595 0.508600
vn -0.719019 0.488980 -0.493873
vn 0.789525 0.571135 -0.224622
vn -0.933946 0.060040 -0.352335
vn -0.996043 -0.088439 0.008818
vn -0.468109 -0.201413 0.860411
vn 0.154220 0.957708 -0.242924
vn -0.125770 0.847488 0.515699
vn -0.055777 0.967962 0.244823
vn -0.829213 -0.387841 0.402474
vn 0.843790 0.532780 -0.064536
vn -0.310738 0.251520 -0.916613
vn -0.197416 0.192155 -0.961303
vn -0.429801 0.098880 -0.897493
vn -0.271694 0.059337 -0.960553
vn -0.258752 -0.803703 0.535826
vn -0.336379 -0.705077 0.624272
vn -0.500003 -0.433717 0.749591
vn -0.260216 0.964650 0.041691
vn -0.370804 0.856453 0.359155
vn -0.476742 -0.231952 0.847888
vn -0.179038 -0.122069 0.976240
vn 0.140195 -0.101347 0.984923
vn 0.382272 -0.171900 0.907920
vn 0.211605 -0.276521 0.937422
vn 0.234669 -0.204989 0.950216
vn -0.137625 -0.355806 0.924371
vn -0.588924 -0.287302 0.755398
vn 0.392523 0.919688 0.009972
vn 0.892060 0.448605 -0.054603
vn 0.118389 0.684584 0.719255
vn -0.034831 0.704589 0.708760
vn 0.429559 -0.201721 0.880220
vn 0.218211 0.513081 0.830139
vn -0.382504 0.620882 0.684249
vn -0.342781 0.740857 0.577609
vn 0.207633 0.481308 0.851605
vn 0.845540 0.117331 0.520860
vn 0.007417 0.999948 0.007013
vn -0.581272 0.473472 -0.661776
vn 0.842185 0.527570 -0.111334
vn -0.265857 -0.574654 0.774011
vn 0.997900 0.064597 0.004841
vn 0.368959 0.895875 0.247543
vn -0.067686 0.986148 0.151429
vn -0.297014 0.101356 -0.949479
vn -0.462133 0.007951 -0.886775
vn -0.097091 -0.053572 -0.993833
vn -0.258747 -0.610332 0.748695
vn 0.700438 0.701592 -0.130978
vn 0.814684 0.529459 0.236566
vn -0.443706 0.896117 -0.009971
vn -0.221149 0.969240 -0.108018
vn 0.157333 0.017215 0.987396
vn 0.313400 0.589168 0.744756
vn 0.362974 0.519464 0.773568
vn -0.986664 -0.127759 0.100857
vn 0.807886 0.508795 -0.297402
vn -0.889432 0.284835 0.357462
vn 0.221300 0.489626 0.843381
vn -0.057231 0.997928 0.029397
vn 0.863604 0.467707 0.188248
vn 0.020706 0.884573 0.465942
vn -0.242424 0.939868 0.240580
vn -0.320785 0.709829 0.627088
vn -0.220719 0.712193 0.666382
vn 0.087647 0.670416 0.736791
vn 0.288853 0.518936 0.804531
vn 0.933520 0.029317 0.357326
vn -0.466887 -0.794921 0.387450
vn -0.877949 -0.444750 -0.177208
vn -0.169727 0.779752 0.602643
vn -0.761814 -0.643402 0.075322
vn 0.447305 0.230801 0.864089
vn 0.019802 0.541834 0.840252
vn -0.167784 0.578071 0.798550
vn 0.000330 0.509166 0.860668
vn 0.207560 0.444676 0.871311
vn 0.273924 0.519118 0.809619
vn -0.722976 0.249720 -0.644163
vn -0.981725 -0.188972 0.022485
vn -0.353460 0.895916 0.269073
vn -0.466277 0.181798 -0.865757
vn 0.033681 0.210155 -0.977088
vn -0.435691 0.073547 -0.897086
vn -0.231836 0.165091 -0.958643
vn -0.517558 -0.335243 -0.787240
vn 0.152041 0.340255 -0.927960
vn 0.141251 0.327174 -0.934348
vn -0.639691 -0.714648 0.282974
vn -0.440825 0.367635 -0.818852
vn 0.299087 0.288736 -0.909494
vn 0.116690 0.161662 -0.979923
vn 0.063562 0.915469 0.397337
vn -0.504062 -0.400351 0.765271
vn -0.300731 -0.290458 0.908403
vn -0.054429 -0.145440 0.987869
vn 0.039310 -0.083706 0.995715
vn 0.310220 -0.134968 0.941035
vn -0.644871 -0.263200 0.717543
vn 0.431351 0.828228 0.357735
vn -0.223962 -0.241622 0.944172
vn -0.197140 -0.180735 0.963572
vn -0.284171 -0.200320 0.937613
vn -0.198628 -0.270564 0.941988
vn 0.050304 -0.292734 0.954870
vn 0.159383 -0.124431 0.979344
vn 0.129758 -0.052671 0.990146
vn 0.159223 0.015026 0.987128
vn 0.193791 -0.125265 0.973013
vn 0.361771 -0.115103 0.925134
vn 0.408387 0.899449 0.155599
vn 0.127132 0.569265 0.812266
vn 0.758334 0.561728 0.330742
vn -0.741563 0.287331 -0.606238
vn -0.960847 0.195601 -0.196246
vn 0.012443 0.575161 0.817946
vn 0.803423 0.514073 0.300399
vn -0.458043 0.732376 0.503807
vn 0.322246 -0.915460 -0.241020
vn 0.341886 0.261003 0.902769
vn -0.039903 0.643218 0.764642
vn 0.770517 0.409383 -0.488578
vn -0.894703 0.386691 -0.223555
vn -0.875191 0.479642 0.063120
vn 0.926100 0.138975 0.350748
vn -0.002454 0.753106 0.657895
vn 0.232872 0.970330 0.065035
vn -0.010222 0.424294 -0.905467
vn 0.035845 0.325404 -0.944895
vn -0.602931 -0.399591 -0.690508
vn -0.182632 -0.490166 -0.852281
vn -0.440545 -0.721302 0.534456
vn 0.246171 0.335974 -0.909132
vn 0.233560 0.205081 -0.950469
vn 0.125907 0.263946 -0.956284
vn 0.038734 0.394872 -0.917919
vn -0.357913 -0.438563 0.824355
vn 0.084322 -0.223706 0.971002
vn -0.310317 0.863663 0.397228
vn -0.259959 -0.350694 0.899686
vn 0.051349 -0.169383 0.984212
vn -0.665111 0.287411 -0.689219
vn -0.015143 0.724961 0.688623
vn 0.177823 0.549561 0.816310
vn -0.083519 0.569351 0.817841
vn -0.097269 0.535376 0.838994
vn -0.966030 0.190261 0.174890
vn -0.949258 0.312119 0.038606
vn -0.960327 0.201273 0.193030
vn 0.003807 0.043459 -0.999048
vn 0.779856 0.092951 0.619020
vn 0.217018 0.618215 0.755456
vn -0.865341 0.452168 -0.216167
vn -0.956472 0.289989 0.032671
vn -0.997282 0.060150 0.042553
vn -0.154068 0.904417 0.397860
vn 0.379321 0.177496 -0.908081
vn -0.494812 -0.284807 -0.821003
vn -0.227417 -0.099069 -0.968745
vn -0.552638 0.137529 -0.821996
vn -0.475636 0.348300 -0.807749
vn -0.140742 -0.048998 -0.988833
vn 0.326997 -0.727776 -0.602840
vn -0.034997 0.118869 -0.992293
vn -0.103878 -0.237594 0.965794
vn 0.053184 -0.130574 0.990011
vn 0.188363 -0.079523 0.978875
vn -0.286441 0.923772 0.254158
vn 0.227940 0.972750 0.042442
vn 0.653043 0.499354 0.569368
vn 0.305720 0.804592 0.509084
vn -0.337546 -0.245776 0.908657
vn -0.208826 -0.305535 0.928999
vn -0.307511 -0.286704 0.907324
vn -0.195867 -0.242579 0.950153
vn 0.087870 -0.201572 0.975524
vn 0.252231 -0.248167 0.935304
vn 0.190090 -0.120200 0.974381
vn 0.171477 -0.085974 0.981430
vn 0.406565 -0.095500 0.908617
vn -0.061412 0.524123 0.849425
vn -0.308812 0.727678 0.612470
vn -0.073598 0.542854 0.836596
vn -0.884251 0.120304 -0.451251
vn 0.175046 0.557431 -0.811560
vn -0.024238 -0.280191 0.959638
vn -0.068581 0.669131 0.739973
vn 0.702415 0.677695 0.217583
vn 0.859547 0.462473 -0.217480
vn -0.982622 0.185608 -0.001960
vn 0.803403 0.283126 0.523816
vn -0.974851 -0.063988 -0.213472
vn -0.658996 0.355816 -0.662660
vn -0.744142 0.365534 -0.559140
vn -0.399094 0.764961 -0.505528
vn 0.796438 0.029180 0.604016
vn 0.952440 0.294676 0.077619
vn -0.181759 0.980815 -0.070467
vn -0.108977 0.280648 -0.953604
vn 0.261470 0.236903 -0.935687
vn -0.667430 0.116301 -0.735535
vn -0.159731 -0.457821 -0.874578
vn -0.527045 -0.098570 -0.844101
vn -0.287412 0.065049 -0.955596
vn -0.659355 -0.702003 0.269152
vn -0.041153 -0.557795 0.828958
vn 0.009669 0.361022 -0.932507
vn -0.411046 -0.196967 -0.890082
vn -0.213328 0.120179 -0.969561
vn -0.234233 -0.386330 0.892123
vn -0.263284 -0.261722 0.928538
vn -0.075677 -0.181055 0.980557
vn 0.031213 -0.113577 0.993039
vn 0.077031 -0.067925 0.994712
vn 0.248660 -0.111015 0.962208
vn 0.067556 -0.193452 0.978781
vn -0.619934 -0.267328 0.737711
vn 0.036422 0.998587 -0.038703
vn -0.234164 -0.261270 0.936432
vn -0.298485 0.621613 0.724227
vn -0.244211 0.546578 0.801008
vn -0.250291 0.529126 0.810790
vn -0.610858 -0.419007 -0.671778
vn -0.285148 0.583682 0.760267
vn -0.197537 0.505333 0.840010
vn 0.385377 0.921270 0.052399
vn -0.159867 -0.417905 0.894314
vn -0.129053 0.576238 0.807029
vn 0.932412 -0.336445 -0.131955
vn -0.853331 -0.082745 0.514761
vn 0.000000 1.000000 0.000000
vn 0.144627 0.316888 -0.937371
vn 0.904007 0.333563 0.267407
vn -0.994872 0.080928 -0.060672
vn -0.991181 0.041534 0.125835
vn 0.081402 0.916634 0.391350
vn 0.721782 0.450333 0.525577
vn 0.500032 0.859319 0.107417
vn 0.773239 0.295985 -0.560799
vn -0.316233 -0.838710 0.443354
vn 0.011930 -0.022227 -0.999682
vn -0.095728 -0.560248 0.822775
vn -0.107876 -0.516567 0.849424
vn 0.233031 -0.098837 0.967433
vn -0.814327 -0.323662 0.481782
vn -0.198492 -0.300091 0.933031
vn -0.200477 -0.109982 0.973505
vn -0.151838 0.047396 0.987268
vn 0.038834 0.046629 0.998157
vn 0.284887 -0.006729 0.958537
vn -0.227526 0.666262 0.710160
vn 0.078140 0.553290 0.829316
vn 0.972511 0.197704 0.123028
vn 0.396409 -0.915044 0.074532
vn 0.745147 -0.231328 -0.625495
vn -0.878959 0.064646 -0.472496
vn -0.964702 0.225170 -0.136557
vn -0.471305 0.860847 0.191869
vn 0.459158 0.426076 0.779508
vn 0.940278 -0.337355 -0.045483
vn 0.933136 0.105396 0.343729
vn 0.818023 0.513624 -0.258898
vn -0.801996 -0.411346 -0.433124
vn -0.215490 0.928087 0.303676
vn 0.902235 0.373292 0.215926
vn -0.157480 0.910074 0.383361
vn -0.669486 -0.737370 0.089862
vn -0.272662 -0.451715 0.849475
vn -0.220659 -0.448359 0.866189
vn -0.110264 -0.361337 0.925893
vn -0.070630 -0.459628 0.885299
vn -0.470842 0.426134 -0.772475
vn -0.005745 -0.413478 0.910496
vn 0.034769 -0.282680 0.958584
vn -0.015454 -0.034433 0.999287
vn 0.020412 -0.112123 0.993485
vn 0.161272 -0.126897 0.978718
vn 0.130181 0.008371 0.991455
vn 0.192632 -0.058486 0.979527
vn -0.169453 -0.219071 0.960882
vn -0.725601 -0.418029 0.546585
vn -0.012910 0.995305 0.095922
vn 0.547982 0.811090 0.204571
vn 0.017598 0.795803 0.605299
vn 0.084228 0.996447 -0.000154
vn -0.457351 -0.350926 0.817118
vn -0.313581 -0.311185 0.897124
vn -0.238716 -0.259525 0.935768
vn -0.163723 -0.190367 0.967964
vn 0.188231 0.007617 0.982095
vn 0.169327 0.093707 0.981095
vn 0.328464 0.018469 0.944336
vn -0.051699 0.664569 0.745437
vn -0.005999 0.568035 0.822982
vn -0.142006 0.513164 0.846461
vn -0.919430 0.230418 0.318677
vn 0.338903 -0.002937 0.940817
vn 0.763096 0.503477 0.405209
vn 0.900827 -0.383994 -0.202632
vn 0.739342 0.342097 -0.579951
vn -0.153338 0.632488 -0.759240
vn -0.953263 -0.174669 0.246539
vn 0.906209 0.416527 0.072737
vn -0.983327 0.087969 0.159153
vn -0.744906 0.326405 -0.581872
vn -0.684016 -0.618738 -0.386375
vn 0.951594 0.305948 0.029418
vn -0.713731 0.678332 -0.174512
vn -0.931379 -0.220064 -0.290008
vn 0.001496 0.993440 -0.114344
vn -0.182875 0.893027 0.411168
vn -0.239797 0.957746 -0.158810
vn -0.268609 0.045747 -0.962162
vn -0.259907 -0.316920 0.912146
vn -0.302288 0.952335 0.040990
vn 0.026474 0.641470 0.766691
vn 0.034774 0.576878 0.816090
vn -0.055753 0.853167 -0.518649
vn 0.998670 0.020377 0.047368
vn -0.657180 -0.447744 -0.606333
vn -0.423581 -0.882195 -0.205695
vn -0.954591 -0.078658 -0.287348
vn 0.992351 -0.071521 -0.100620
vn -0.609650 0.525265 -0.593653
vn 0.660913 0.619812 -0.423116
vn 0.814707 0.479373 -0.326275
vn -0.746743 -0.597493 0.292192
vn -0.076714 0.801581 0.592944
vn 0.129029 0.921982 0.365103
vn -0.245302 0.819134 0.518503
vn -0.365989 -0.486671 0.793224
vn -0.459775 -0.101422 0.882225
vn -0.876181 -0.464009 -0.130393
vn -0.478147 -0.381607 0.791044
vn -0.300275 -0.295466 0.906937
vn -0.130680 -0.182795 0.974427
vn -0.147577 -0.093484 0.984623
vn -0.064356 -0.033893 0.997351
vn -0.054925 0.079430 0.995326
vn 0.035318 0.153291 0.987550
vn 0.183048 0.034590 0.982495
vn 0.258168 -0.036784 0.965400
vn 0.193958 0.005510 0.980994
vn 0.300109 0.062527 0.951853
vn 0.288185 0.101365 0.952195
vn -0.030241 0.683869 0.728978
vn -0.993338 -0.009010 0.114882
vn 0.912802 0.329226 0.241665
vn -0.621323 0.630402 -0.465351
vn -0.740790 0.180496 -0.647033
vn 0.044182 0.993252 -0.107230
vn 0.522875 0.779483 0.344977
vn -0.386149 0.920056 -0.066221
vn -0.665494 0.251710 0.702681
vn -0.210228 0.973727 -0.087523
vn -0.122408 0.991953 0.032331
vn -0.955552 -0.282475 -0.084432
vn -0.376366 0.892303 -0.249286
vn -0.542239 0.510049 -0.667703
vn -0.280138 -0.371522 0.885152
vn -0.161950 -0.312948 0.935861
vn -0.140479 -0.238520 0.960923
vn -0.078412 -0.256568 0.963340
vn 0.075203 -0.231269 0.969979
vn 0.244924 -0.205223 0.947574
vn 0.128780 -0.120889 0.984277
vn -0.063078 -0.029348 0.997577
vn 0.086530 -0.134984 0.987062
vn 0.269605 -0.144823 0.952019
vn 0.248390 -0.096074 0.963884
vn -0.291101 -0.140691 0.946291
vn -0.817915 -0.205069 0.537552
vn 0.230409 0.966737 0.111047
vn -0.950679 0.205947 -0.231940
vn 0.211182 0.511210 0.833107
vn -0.972341 0.089837 -0.215599
vn 0.163318 0.839480 -0.518266
vn -0.942456 -0.039811 -0.331953
vn 0.980612 0.098857 -0.169196
vn 0.353084 0.707461 0.612234
vn 0.343120 0.672611 0.655640
vn 0.040865 0.869564 0.492127
vn 0.108890 0.860734 0.497272
vn -0.080227 0.996731 -0.009563
vn -0.428016 0.883160 0.191912
vn -0.690266 0.639520 -0.338448
vn -0.307678 0.042234 0.950553
vn -0.066260 -0.001556 0.997801
vn -0.076264 0.022236 0.996840
vn 0.008549 0.089965 0.995908
vn 0.047558 0.083456 0.995376
vn -0.006933 0.097342 0.995227
vn 0.051962 0.058643 0.996926
vn 0.202818 -0.046472 0.978113
vn 0.525086 -0.050510 0.849549
vn -0.358079 0.591860 0.722137
vn -0.640619 0.356018 -0.680337
vn -0.834699 0.305666 -0.458089
vn -0.885675 0.016379 -0.464017
vn -0.999842 0.002454 -0.017592
vn -0.524955 0.845357 0.098965
vn -0.158408 -0.807112 0.568750
vn -0.938634 -0.223408 -0.262782
vn -0.069161 0.818042 0.570986
vn -0.072744 0.991943 0.103721
vn 0.297196 0.863556 -0.407364
vn -0.669616 -0.654990 -0.350147
vn -0.228552 -0.271619 0.934873
vn -0.045623 -0.229465 0.972247
vn -0.159473 -0.140986 0.977083
vn -0.143012 -0.127216 0.981511
vn 0.056576 -0.220656 0.973709
vn 0.230352 -0.204478 0.951382
vn 0.192655 -0.132175 0.972324
vn -0.076702 -0.052457 0.995673
vn -0.017731 -0.080091 0.996630
vn 0.322219 -0.112530 0.939953
vn -0.023484 -0.300546 0.953478
vn -0.464749 -0.192313 0.864306
vn -0.747169 -0.170836 0.642304
vn 0.091249 0.131088 -0.987162
vn -0.966825 0.025469 0.254165
vn -0.917644 0.197121 -0.345069
vn -0.065976 0.989288 -0.130220
vn 0.310612 -0.096489 0.945627
vn -0.758595 0.043243 -0.650126
vn 0.361178 0.293822 0.884997
vn -0.763303 0.148214 -0.628809
vn -0.826510 0.169072 -0.536932
vn 0.932131 -0.312416 -0.183104
vn 0.226577 0.807349 -0.544839
vn 0.140017 0.968286 0.206926
vn -0.857276 -0.027600 -0.514117
vn -0.011110 0.991084 0.132774
vn -0.034269 0.715540 0.697731
vn -0.661362 -0.231642 -0.713402
vn -0.908115 0.236878 -0.345278
vn -0.988273 0.147746 0.038568
vn -0.865214 0.307109 -0.396344
vn 0.268962 -0.353115 0.896085
vn -0.743112 -0.511084 -0.431945
vn 0.934353 -0.346876 -0.081618
vn 0.490377 -0.094056 -0.866420
vn 0.354518 0.915182 0.191727
vn -0.798140 0.156041 -0.581914
vn 0.561328 0.751576 0.346474
vn -0.651856 0.262423 0.711490
vn -0.452295 -0.332999 0.827370
vn 0.084196 -0.222653 0.971255
vn -0.200477 0.955817 -0.214995
vn -0.252582 0.113183 -0.960933
vn -0.370528 0.779826 -0.504560
vn -0.367821 0.227267 0.901697
vn -0.113438 0.150710 0.982048
vn -0.044917 0.084070 0.995447
vn -0.031784 0.115443 0.992806
vn 0.021878 0.070070 0.997302
vn 0.015298 0.107585 0.994078
vn 0.057816 0.165993 0.984431
vn 0.136390 0.142336 0.980376
vn 0.275898 0.141652 0.950692
vn 0.112579 0.486762 -0.866250
vn -0.478390 -0.295705 0.826862
vn 0.339446 0.302871 0.890531
vn 0.381203 0.217810 0.898467
vn -0.175320 0.977856 -0.114280
vn -0.216737 0.868938 0.444939
vn -0.134162 0.851199 0.507406
vn 0.269101 0.863838 0.425874
vn -0.255075 -0.085415 0.963141
vn -0.051775 -0.144184 0.988196
vn -0.054906 -0.155277 0.986344
vn -0.095872 0.030532 0.994925
vn -0.058439 -0.092503 0.993996
vn 0.022791 -0.036885 0.999060
vn 0.127669 0.089979 0.987727
vn 0.367077 0.020011 0.929975
vn 0.328209 0.009558 0.944557
vn -0.037761 0.017135 0.999140
vn 0.033641 -0.054642 0.997939
vn -0.052185 -0.248469 0.967233
vn -0.451149 -0.119277 0.884442
vn -0.327895 0.932507 0.151381
vn -0.985242 -0.005928 0.171067
vn -0.430608 -0.385622 0.816010
vn -0.271698 0.763539 -0.585823
vn -0.771686 0.450691 -0.448752
vn -0.953659 0.014422 -0.300543
vn 0.566933 0.664629 0.486677
vn -0.855997 -0.508781 -0.091718
vn -0.137342 0.242824 0.960299
vn 0.213176 0.974923 -0.063892
vn -0.223546 0.363741 0.904278
vn -0.122767 0.237189 0.963675
vn -0.040605 0.183831 0.982119
vn 0.013936 0.147907 0.988903
vn 0.084205 0.207382 0.974629
vn 0.115689 0.261121 0.958349
vn 0.136369 0.327557 0.934938
vn 0.273233 0.301969 0.913323
vn 0.444850 0.063126 0.893378
vn -0.899076 0.362573 0.245364
vn -0.972583 -0.110917 -0.204403
vn 0.378452 0.179863 0.907978
vn -0.362641 0.652751 0.665137
vn -0.947087 0.087400 -0.308848
vn 0.984877 -0.173256 0.000297
vn 0.879071 0.454254 0.144525
vn -0.740581 -0.335338 -0.582313
vn 0.028577 0.996207 -0.082182
vn -0.154711 0.941803 0.298450
vn -0.079950 0.546142 -0.833869
vn 0.849338 0.261597 0.458467
vn -0.983786 0.177437 0.026116
vn -0.453155 -0.048569 0.890108
vn -0.392739 0.077330 0.916393
vn -0.317344 0.124184 0.940144
vn -0.116890 0.026327 0.992796
vn -0.244932 0.025757 0.969198
vn -0.005802 -0.053670 0.998542
vn 0.085837 -0.007965 0.996277
vn 0.052214 0.175883 0.983025
vn 0.229712 0.144563 0.962462
vn 0.220632 0.077857 0.972245
vn -0.022137 0.051244 0.998441
vn -0.210127 0.014049 0.977573
vn -0.070161 -0.147481 0.986573
vn -0.328710 -0.019579 0.944228
vn -0.736180 0.345906 0.581711
vn 0.464457 0.885563 -0.007623
vn -0.328889 0.415347 0.848127
vn 0.207789 0.343966 0.915703
vn 0.226921 0.411694 0.882618
vn 0.335718 0.324959 0.884135
vn 0.313606 0.239273 -0.918912
vn 0.854756 -0.516044 0.055594
vn 0.369407 0.279772 0.886152
vn 0.192883 0.253530 0.947902
vn 0.544629 0.655704 -0.522907
vn -0.396249 0.106047 -0.911998
vn -0.402025 0.177963 0.898168
vn 0.641307 0.765726 0.048875
vn 0.151783 0.306033 0.939844
vn 0.034872 0.685355 -0.727374
vn -0.711394 -0.264495 -0.651123
vn 0.775428 0.052218 -0.629273
vn -0.094232 0.825716 -0.556160
vn 0.556593 0.827918 -0.068964
vn -0.381005 0.002314 0.924570
vn -0.170958 0.251869 0.952542
vn -0.034439 0.264442 0.963787
vn -0.069258 -0.108244 0.991709
vn 0.178576 0.146882 0.972901
vn 0.089009 0.244725 0.965498
vn -0.126664 0.011321 0.991881
vn -0.312596 0.308409 0.898425
vn 0.686014 0.724684 0.064940
vn -0.305421 0.607076 0.733605
vn -0.229188 0.627183 0.744389
vn -0.156523 0.394086 0.905647
vn -0.050642 0.340991 0.938702
vn 0.042668 0.304737 0.951480
vn 0.105115 0.309927 0.944932
vn 0.152236 0.417968 0.895616
vn 0.279930 0.473105 0.835351
vn 0.260412 0.527579 0.808607
vn 0.303085 0.461274 0.833886
vn -0.997762 0.062191 0.024549
vn 0.238615 0.220143 0.945833
vn -0.597760 -0.549503 -0.583720
vn 0.861102 -0.339133 0.378804
vn 0.368222 0.877638 -0.306863
vn 0.924274 0.336301 -0.180605
vn 0.673904 0.027591 0.738304
vn -0.937736 -0.023465 0.346554
vn -0.502332 0.091736 0.859794
vn -0.299707 0.134939 0.944440
vn -0.213013 0.162154 0.963500
vn -0.320280 0.269398 0.908210
vn 0.055650 0.110220 0.992348
vn 0.153922 0.065252 0.985926
vn 0.232214 0.054863 0.971116
vn -0.133430 0.089724 0.986988
vn -0.252554 0.072474 0.964865
vn -0.097149 -0.047970 0.994113
vn -0.241712 0.968929 0.052467
vn 0.820663 0.562821 0.098711
vn 0.840393 0.528708 0.119195
vn -0.100168 0.614877 0.782236
vn -0.000310 0.535374 0.844615
vn 0.061659 0.550100 0.832820
vn 0.254875 0.579696 0.773945
vn -0.284793 0.907370 0.309150
vn 0.854070 0.035279 0.518961
vn 0.583170 0.786535 0.203165
vn -0.184286 0.830524 0.525612
vn -0.097136 0.389308 -0.915972
vn 0.148531 0.953291 -0.263011
vn 0.188606 0.961387 0.200407
vn -0.000409 0.834312 0.551292
vn -0.031949 0.700104 0.713326
vn 0.201911 0.577714 0.790872
vn -0.983291 0.154993 -0.095474
vn -0.420146 -0.479397 0.770491
vn 0.372394 0.393946 0.840315
vn 0.745778 0.604496 0.280000
vn -0.176192 0.979918 -0.093366
vn 0.973864 0.031164 0.224983
vn -0.431654 0.277282 0.858365
vn -0.220172 0.187863 0.957200
vn -0.199636 0.201383 0.958953
vn -0.193811 0.302889 0.933111
vn -0.028888 0.326024 0.944920
vn -0.017479 0.267058 0.963522
vn -0.030141 0.245103 0.969029
vn 0.126277 0.198119 0.972010
vn 0.208719 0.164000 0.964127
vn 0.076449 0.125940 0.989088
vn -0.247308 0.244655 0.937541
vn -0.197630 0.231892 0.952454
vn -0.027549 0.210664 0.977170
vn -0.036232 0.217165 0.975462
vn -0.253382 0.382025 0.888737
vn -0.345649 -0.792211 -0.502920
vn -0.978677 0.203632 0.026946
vn 0.124913 0.646300 0.752790
vn -0.297107 0.795476 0.528154
vn 0.000000 1.000000 0.000000
vn -0.169482 0.721027 0.671860
vn 0.289539 0.599107 0.746484
vn 0.256870 0.752324 0.606652
vn 0.188721 0.679518 0.708971
vn 0.156251 0.566256 0.809283
vn 0.256850 0.569775 0.780631
vn 0.302451 0.349595 0.886739
vn 0.205195 0.218534 0.954011
vn 0.287123 0.286687 0.913986
vn -0.621171 -0.730420 0.283960
vn -0.444169 -0.887040 -0.125990
vn -0.356790 -0.460897 0.812573
vn -0.164016 0.055798 -0.984878
vn -0.388560 0.323597 -0.862731
vn 0.239911 0.970793 0.002114
vn -0.256103 0.250548 0.933615
vn -0.015840 0.910039 0.414221
vn 0.996723 0.063835 0.049674
vn -0.915545 -0.023085 -0.401553
vn -0.061023 0.786414 0.614679
vn 0.925215 -0.355389 -0.132953
vn 0.999526 0.001053 -0.030759
vn 0.263010 0.442228 0.857473
vn 0.116296 0.103429 -0.987815
vn 0.792164 0.381651 -0.476254
vn -0.577638 0.807988 0.116144
vn -0.384402 0.893206 -0.233278
vn 0.546246 0.835993 -0.052258
vn -0.205498 0.977808 -0.040780
vn -0.961927 0.192881 -0.193631
vn -0.218786 0.163610 0.961959
vn -0.127760 0.242133 0.961795
vn -0.024772 0.227675 0.973422
vn 0.052164 0.281598 0.958113
vn -0.020567 0.354108 0.934978
vn 0.069802 0.371180 0.925934
vn 0.126807 0.209478 0.969556
vn -0.029229 0.262244 0.964559
vn -0.243306 0.368307 0.897303
vn -0.199027 0.427726 0.881725
vn -0.084326 0.347567 0.933856
vn -0.145257 0.227236 0.962946
vn -0.130876 0.214820 0.967845
vn 0.016569 0.271419 0.962319
vn 0.828205 0.519056 0.211324
vn -0.143177 0.784193 0.603773
vn -0.248806 0.866116 0.433519
vn -0.373634 -0.109205 -0.921125
vn -0.875276 0.334311 0.349469
vn -0.957984 0.261496 0.117840
vn -0.173125 -0.909789 0.377243
vn 0.821377 0.461331 0.335431
vn -0.037555 -0.584829 -0.810287
vn 0.949355 0.122441 0.289367
vn -0.036765 0.783546 0.620245
vn -0.093403 0.594609 0.798571
vn 0.045806 0.404671 0.913314
vn 0.168042 0.334522 0.927285
vn 0.232952 0.336303 0.912487
vn 0.359314 0.384190 0.850465
vn -0.147472 0.731567 0.665629
vn -0.431106 0.621650 0.653987
vn -0.189003 -0.817113 0.544614
vn -0.012023 -0.014951 -0.999816
vn -0.042674 0.000421 -0.999089
vn -0.009158 0.942560 0.333912
vn 0.377050 0.829935 -0.411146
vn -0.425475 0.347218 0.835710
vn -0.345783 0.357854 0.867395
vn -0.282859 0.304695 0.909479
vn -0.180746 0.271569 0.945294
vn 0.195621 0.197434 0.960600
vn 0.148060 0.315966 0.937147
vn -0.146476 0.409238 0.900594
vn -0.107607 0.440146 0.891455
vn -0.140338 0.603827 0.784664
vn -0.095783 0.657799 0.747078
vn -0.388359 -0.473244 0.790707
vn -0.858696 -0.148240 -0.490577
vn 0.294667 0.955376 -0.020677
vn -0.038546 0.960884 -0.274257
vn -0.953558 -0.255474 -0.159564
vn -0.671657 0.405198 -0.620235
vn -0.306527 -0.331553 -0.892252
vn -0.476458 0.345341 -0.808534
vn 0.591221 0.741548 0.317119
vn -0.519375 0.298826 0.800595
vn 0.100783 0.406830 0.907927
vn -0.048456 0.343666 0.937841
vn -0.193771 0.474995 0.858389
vn -0.014009 0.796257 0.604796
vn 0.741278 -0.188538 0.644174
vn -0.039195 0.735275 0.676635
vn -0.075757 0.578220 0.812356
vn 0.541375 0.820991 0.181347
vn 0.972269 0.214093 0.094113
vn 0.956408 0.218707 0.193520
vn -0.961198 0.245004 -0.126771
vn -0.543178 -0.003432 0.839610
vn -0.327963 0.176220 0.928109
vn -0.340884 0.363422 0.867019
vn -0.332985 0.391755 0.857700
vn -0.238706 0.430911 0.870250
vn -0.137402 0.427366 0.893576
vn -0.066080 0.305315 0.949956
vn 0.085109 0.372378 0.924171
vn 0.137848 0.406364 0.903253
vn 0.030693 0.408455 0.912262
vn -0.081814 0.375244 0.923308
vn 0.090741 0.318573 0.943545
vn 0.246529 0.364584 0.897943
vn -0.037544 0.451157 0.891654
vn -0.207248 0.472468 0.856634
vn -0.189442 0.462412 0.866191
vn -0.195465 0.396173 0.897129
vn -0.084925 0.345026 0.934743
vn -0.016618 0.298379 0.954303
vn -0.052732 0.242303 0.968767
vn -0.073297 0.184027 0.980184
vn -0.043597 0.172070 0.984120
vn -0.054130 0.114170 0.991986
vn -0.981940 -0.171353 0.080194
vn -0.009134 0.069666 0.997529
vn 0.066687 0.252644 0.965258
vn -0.013248 0.489213 0.872064
vn -0.189772 0.673723 0.714202
vn -0.258340 0.649306 0.715306
vn -0.049932 0.553530 0.831331
vn 0.110629 0.538109 0.835584
vn 0.248263 0.548649 0.798342
vn 0.236186 0.622838 0.745848
vn -0.453382 0.414615 0.789012
vn 0.990617 0.115651 0.072815
vn 0.375324 0.492027 0.785519
vn -0.589085 0.367401 -0.719719
vn -0.117924 0.897765 0.424396
vn -0.279422 0.908324 0.311241
vn -0.022398 0.485537 0.873929
vn -0.179013 0.483439 0.856879
vn -0.206848 0.485379 0.849483
vn -0.095061 0.723775 0.683457
vn 0.077618 0.706965 0.702977
vn -0.604513 0.336197 -0.722174
vn 0.579541 0.612889 0.537122
vn 0.851272 0.186203 -0.490575
vn -0.360585 0.073231 -0.929847
vn -0.266129 0.051038 -0.962585
vn -0.341332 0.361541 0.867629
vn -0.083848 0.498305 0.862938
vn -0.051400 0.552294 0.832063
vn 0.059228 0.509474 0.858445
vn -0.005706 0.505018 0.863090
vn -0.074865 0.441003 0.894378
vn 0.049507 0.469165 0.881722
vn 0.238494 0.480637 0.843865
vn -0.199263 0.464738 0.862736
vn -0.168009 0.544600 0.821696
vn -0.226511 0.517393 0.825225
vn -0.243707 0.475993 0.845007
vn -0.177895 0.443312 0.878537
vn -0.072830 0.368260 0.926866
vn -0.141627 0.304487 0.941929
vn -0.135283 0.221225 0.965794
vn -0.093893 0.156652 0.983181
vn -0.056269 0.143731 0.988016
vn 0.081355 0.224607 0.971047
vn 0.162007 0.206938 0.964847
vn 0.250784 0.207672 0.945505
vn 0.117606 0.372799 0.920429
vn -0.096735 0.685928 0.721211
vn -0.115539 0.731673 0.671792
vn 0.100300 0.699320 0.707736
vn 0.239606 0.669127 0.703462
vn 0.309318 0.430541 0.847913
vn 0.446944 0.485074 0.751628
vn -0.595905 0.379142 -0.707918
vn -0.585293 0.710253 0.391118
vn 0.953541 0.300927 0.014235
vn -0.043502 0.686099 0.726206
vn -0.549113 -0.037995 -0.834884
vn -0.030158 0.301065 -0.953127
vn -0.010218 -0.463861 0.885849
vn -0.179791 0.140884 0.973564
vn -0.213616 0.423251 0.880470
vn 0.212670 0.440188 0.872356
vn -0.007966 0.467963 0.883712
vn -0.160509 0.514382 0.842406
vn -0.153965 0.428077 0.890531
vn 0.259760 0.066531 0.963379
vn 0.010947 0.500401 0.865725
vn 0.184815 0.608630 0.771630
vn 0.318257 0.558010 0.766380
vn -0.353822 0.853641 0.382240
vn -0.446583 0.782649 0.433617
vn 0.456172 0.171753 -0.873160
vn 0.028053 -0.008626 -0.999569
vn -0.634034 -0.059201 -0.771036
vn -0.122423 -0.582468 -0.803582
vn -0.034969 0.203311 0.978490
vn -0.114211 0.458424 0.881364
vn -0.085969 0.360015 0.928977
vn 0.006870 0.640697 0.767763
vn 0.954378 0.222611 -0.199017
vn 0.992388 0.099987 0.071887
vn -0.915570 0.372966 -0.150425
vn -0.711840 0.577780 0.399316
vn 0.210532 0.265816 -0.940754
vn 0.215162 -0.047874 -0.975404
vn -0.492308 0.146766 -0.857959
vn 0.027944 0.015251 -0.999493
vn 0.031334 0.255746 -0.966236
vn -0.151220 -0.445750 -0.882292
vn -0.174160 0.193738 -0.965471
vn 0.184168 -0.565737 0.803756
vn 0.422819 -0.465548 0.777489
vn 0.095853 0.210586 0.972865
vn 0.017677 0.392802 0.919453
vn 0.044512 0.470575 0.881236
vn 0.030616 0.528319 0.848494
vn -0.019041 0.588858 0.808012
vn 0.068086 0.614660 0.785848
vn 0.116868 0.548219 0.828129
vn 0.076688 0.540191 0.838041
vn -0.102115 0.571849 0.813978
vn -0.118491 0.592268 0.796981
vn -0.239466 0.603275 0.760733
vn -0.345181 0.546720 0.762855
vn -0.296804 0.529427 0.794742
vn -0.195109 0.479015 0.855849
vn -0.203206 0.435845 0.876782
vn -0.202978 0.329233 0.922175
vn -0.088026 0.358466 0.929383
vn -0.047618 0.355649 0.933406
vn 0.034050 0.282343 0.958709
vn 0.101568 0.222746 0.969571
vn 0.191835 0.218058 0.956896
vn 0.298944 0.188629 0.935442
vn 0.286494 0.233212 0.929265
vn 0.141827 0.332085 0.932526
vn 0.059545 0.450209 0.890935
vn 0.216306 0.481869 0.849125
vn 0.240565 0.509111 0.826398
vn 0.269838 0.470934 0.839886
vn 0.285311 0.512875 0.809665
vn -0.882957 0.099317 -0.458828
vn 0.972895 -0.187914 -0.134769
vn -0.025851 -0.573697 0.818660
vn 0.510948 0.320044 -0.797812
vn -0.208958 -0.348338 -0.913782
vn 0.226329 -0.932038 0.282986
vn -0.021067 0.286903 -0.957728
vn -0.124987 -0.536572 -0.834547
vn -0.031450 -0.120806 -0.992178
vn -0.326583 0.125641 -0.936781
vn -0.734578 0.084484 -0.673244
vn -0.211757 0.485479 0.848215
vn -0.154989 0.446470 0.881273
vn 0.172228 0.956564 0.235206
vn -0.467244 0.437999 -0.768010
vn -0.447562 0.359899 -0.818633
vn -0.174560 0.116588 -0.977720
vn 0.072924 0.096355 -0.992672
vn -0.132372 -0.376598 -0.916871
vn -0.868953 -0.444078 0.218437
vn 0.153056 -0.646601 -0.747316
vn 0.090644 0.659443 0.746270
vn 0.002993 0.603221 0.797568
vn -0.065195 0.619622 0.782188
vn -0.019375 0.093461 -0.995434
vn -0.061146 0.035014 -0.997515
vn -0.208455 0.125673 -0.969924
vn 0.508107 0.620110 0.597738
vn -0.096433 0.349188 -0.932077
vn -0.602251 0.117838 -0.789562
vn -0.120578 0.193560 -0.973650
vn 0.273291 -0.554371 0.786120
vn 0.148469 0.248525 -0.957179
vn 0.339852 0.137882 -0.930317
vn -0.461574 0.109921 -0.880265
vn 0.121520 0.229959 -0.965584
vn -0.588730 -0.050859 -0.806728
vn -0.412588 0.033295 -0.910309
vn 0.142148 0.250044 -0.957743
vn -0.080160 -0.071439 -0.994219
vn -0.152343 -0.491564 -0.857413
vn -0.274077 -0.394282 -0.877168
vn 0.315185 -0.076692 0.945927
vn 0.248522 -0.108789 0.962498
vn -0.044250 -0.048930 -0.997822
vn 0.609086 -0.532940 0.587359
vn 0.010061 -0.616057 -0.787637
vn -0.461136 -0.221090 -0.859344
vn -0.267875 -0.245355 -0.931689
vn -0.559307 -0.514846 -0.649699
vn 0.223158 -0.260227 0.939405
vn 0.415309 -0.367067 0.832334
vn 0.722663 -0.131863 0.678506
vn 0.483229 0.417729 0.769410
vn 0.625413 0.355958 0.694372
vn -0.204409 0.270854 -0.940667
vn 0.111988 0.137229 -0.984189
vn 0.215319 0.309974 -0.926042
vn -0.406577 0.461472 -0.788504
vn 0.066888 -0.963134 0.260573
vn 0.091682 -0.959038 0.268032
vn 0.054890 -0.212658 0.975584
vn 0.266306 -0.048967 0.962644
vn 0.346480 -0.219457 0.912026
vn 0.321464 -0.094152 0.942230
vn 0.279801 -0.041938 0.959142
vn -0.230306 -0.024878 -0.972800
vn 0.387873 -0.260890 0.884020
vn 0.853122 0.033825 0.520613
vn 0.476366 0.521285 0.708052
vn 0.220189 -0.174609 0.959702
vn 0.173964 0.295437 -0.939390
vn 0.157051 -0.187954 0.969540
vn 0.549555 -0.296258 0.781166
vn 0.264162 0.622768 0.736463
vn 0.762915 0.093338 0.639725
vn 0.683138 0.124008 0.719684
vn 0.748983 -0.144642 0.646609
vn -0.093048 0.066209 -0.993458
vn -0.414336 0.074750 -0.907049
vn -0.479580 0.072189 -0.874524
vn -0.330331 0.101007 -0.938445
vn 0.500424 0.201393 0.842031
vn 0.494566 0.360825 0.790702
vn -0.459421 0.082574 -0.884372
vn -0.187703 -0.961009 0.203050
vn -0.374735 0.206236 -0.903903
vn 0.499142 0.793527 0.348097
vn 0.864897 0.238408 0.441717
vn 0.723962 0.074830 0.685769
vn -0.218728 -0.283016 -0.933842
vn -0.027862 -0.728424 0.684560
vn 0.128687 -0.546347 0.827614
vn 0.273425 -0.472842 0.837651
vn 0.264527 -0.637561 0.723562
vn 0.086936 0.877033 -0.472500
vn 0.356079 0.006801 0.934431
vn 0.213546 -0.016933 0.976786
vn 0.317632 -0.028694 0.947780
vn 0.554181 -0.098865 0.826504
vn 0.626472 -0.155625 0.763750
vn 0.751014 -0.416909 0.512021
vn 0.425049 0.218381 0.878432
vn 0.728423 0.303113 0.614428
vn 0.603892 0.374437 0.703641
vn 0.659502 -0.669900 0.341013
vn 0.591902 -0.638092 0.492434
vn -0.294001 -0.038808 -0.955017
vn 0.985496 0.017506 -0.168792
vn 0.406760 -0.913285 -0.021391
vn -0.986832 -0.108710 0.119771
vn 0.629172 0.309190 0.713123
vn -0.136505 0.216168 -0.966767
vn 0.604720 0.433646 0.668031
vn -0.966291 -0.235948 -0.103002
vn 0.784404 0.073534 0.615876
vn 0.817443 -0.046519 0.574127
vn -0.381908 0.814422 0.436878
vn 0.674560 0.335636 0.657508
vn 0.023256 -0.010191 0.999678
vn 0.242893 0.090801 0.965794
vn 0.291689 0.209535 0.933281
vn 0.296558 0.124984 0.946801
vn 0.309291 0.021483 0.950725
vn 0.709989 0.473159 0.521572
vn -0.498746 -0.864307 -0.065006
vn 0.428189 0.516114 0.741809
vn 0.044070 0.113203 0.992594
vn 0.253435 0.136771 0.957635
vn 0.340134 0.118398 0.932894
vn 0.342082 0.131807 0.930380
vn 0.306061 0.047111 0.950845
vn 0.541179 0.546342 0.639246
vn 0.480216 0.336251 0.810141
vn 0.838566 0.055616 0.541954
vn 0.401540 0.524963 0.750453
vn 0.767410 0.100226 -0.633274
vn 0.752072 -0.512433 0.414488
vn 0.502319 0.403469 0.764780
vn 0.789637 0.317724 0.524904
vn 0.732265 -0.521368 0.438137
vn 0.625439 -0.492780 0.604974
vn 0.634475 0.345126 0.691614
vn 0.709221 -0.590115 0.385707
vn -0.411827 -0.072782 -0.908351
vn 0.530417 0.572139 0.625552
vn 0.302784 0.513754 0.802732
vn 0.551040 -0.246774 0.797156
vn -0.155629 0.039304 -0.987033
vn 0.655297 -0.011930 0.755277
vn 0.625973 0.084131 0.775293
vn 0.604947 0.195065 0.772003
vn 0.553855 0.267246 0.788558
vn 0.748417 -0.174905 0.639750
vn -0.268921 0.270346 0.924443
vn 0.998245 0.009418 -0.058468
vn 0.612459 -0.096562 0.784583
vn 0.631799 -0.246175 0.735002
vn 0.605494 0.211825 0.767142
vn 0.716046 -0.142578 0.683337
vn 0.770885 -0.285260 0.569529
vn 0.497207 0.563646 0.659613
vn 0.262364 -0.132749 0.955794
vn 0.386271 0.046443 0.921216
vn 0.486152 0.107833 0.867196
vn 0.570349 0.041303 0.820364
vn 0.615625 -0.014386 0.787908
vn 0.689577 -0.203717 0.694970
vn 0.749736 -0.390022 0.534583
vn 0.325240 -0.647561 0.689118
vn 0.474522 0.452972 0.754749
vn 0.537746 -0.743475 0.397586
vn -0.485987 0.299264 -0.821132
vn -0.427593 0.421064 -0.799919
vn -0.305491 -0.133290 -0.942820
vn -0.158412 0.214122 -0.963876
vn -0.589432 -0.776992 0.221029
vn 0.873804 0.181795 0.451019
vn 0.868773 0.276203 0.411030
vn 0.563196 0.431575 0.704666
vn 0.534119 0.225147 0.814878
vn 0.538595 0.188206 0.821276
vn 0.396432 0.501174 0.769199
vn 0.625176 0.280226 0.728443
vn 0.633354 0.101119 0.767228
vn 0.450447 0.160599 0.878240
vn 0.888591 0.316798 0.331731
vn 0.784351 -0.180344 -0.593524
vn 0.844514 0.381751 0.375584
vn 0.727030 0.444369 0.523416
vn 0.843296 0.218630 0.490971
vn 0.781481 0.023679 0.623479
vn 0.625516 0.289048 0.724694
vn 0.377122 0.537683 0.754106
vn 0.414474 0.550295 0.724836
vn 0.574145 0.136126 0.807358
vn 0.540882 0.121807 0.832232
vn 0.765799 -0.145719 0.626352
vn 0.736935 -0.174221 0.653127
vn 0.693945 -0.456955 0.556447
vn 0.706030 0.261779 0.658022
vn 0.809207 0.112980 0.576558
vn 0.735288 -0.230446 0.637375
vn -0.478258 0.195850 -0.856103
vn 0.344764 -0.686240 0.640478
vn -0.811200 -0.579585 0.077689
vn 0.225489 0.117451 -0.967140
vn 0.687033 0.257993 0.679283
vn 0.268812 0.606370 0.748369
vn 0.723088 0.285484 0.629001
vn 0.527923 0.320701 0.786415
vn 0.766727 0.362472 0.529852
vn 0.403582 0.429906 0.807652
vn 0.268167 0.481600 0.834355
vn 0.588806 -0.202334 0.782540
vn 0.870647 0.078148 0.485661
vn 0.681231 0.347734 0.644209
vn 0.279961 0.108776 0.953829
vn 0.599316 -0.002493 0.800509
vn 0.738999 0.078569 0.669109
vn -0.633759 -0.765067 -0.114117
vn 0.477997 -0.434988 0.763089
vn 0.897791 0.123395 0.422783
vn 0.737485 -0.120563 0.664515
vn 0.952995 0.119590 0.278386
vn 0.848037 0.080074 0.523853
vn 0.601499 -0.314184 0.734498
vn 0.664982 0.230946 0.710256
vn 0.668393 0.184474 0.720570
vn 0.692030 -0.412751 0.592226
vn 0.793851 -0.112711 0.597576
vn 0.455712 -0.680284 0.574056
vn 0.478938 -0.702032 0.527038
vn 0.535708 -0.667784 0.516798
vn 0.547998 -0.717435 0.430099
vn 0.599636 -0.722835 0.343432
vn 0.627280 -0.748494 0.215119
vn 0.789396 -0.069723 0.609912
vn 0.932742 0.094892 0.347833
vn 0.662492 0.103753 0.741849
vn 0.811833 0.331967 0.480338
vn 0.572633 0.151725 0.805650
vn 0.356249 0.496951 0.791282
vn 0.798126 -0.059661 0.599529
vn 0.589309 0.106950 0.800798
vn 0.745156 0.340778 0.573247
vn 0.672997 0.326347 0.663757
vn 0.591459 0.019419 0.806101
vn 0.498615 -0.629393 0.596026
vn 0.516004 0.378110 0.768617
vn 0.533009 0.361352 0.765066
vn 0.601580 0.186219 0.776803
vn 0.604810 -0.785648 -0.130240
vn 0.789793 0.295818 0.537325
vn 0.354266 0.524564 0.774163
vn 0.768528 0.626184 0.131372
vn 0.798337 0.333249 0.501600
vn 0.640496 0.366425 0.674906
vn 0.677313 0.399202 0.617969
vn 0.441685 -0.390627 0.807666
vn 0.538666 -0.335147 0.772991
vn 0.483447 0.121052 0.866963
vn 0.497149 -0.125440 0.858550
vn 0.527733 -0.184516 0.829127
vn 0.588694 -0.337962 0.734317
vn 0.757422 0.377616 0.532651
vn 0.740381 0.305094 0.598960
vn 0.717737 0.395219 0.573285
vn 0.360434 -0.576158 0.733573
vn 0.515838 -0.551768 0.655334
vn 0.547963 -0.566422 0.615551
vn 0.582046 -0.576065 0.573909
vn 0.623259 -0.624256 0.471011
vn 0.831232 0.295009 0.471194
vn 0.739567 0.101123 0.665443
vn 0.817454 0.070279 0.571690
vn 0.454183 0.293671 0.841115
vn 0.728548 0.407916 0.550293
vn 0.542054 0.418666 0.728626
vn 0.580349 0.293884 0.759492
vn 0.766671 0.309060 0.562758
vn 0.499636 -0.790666 0.353853
vn 0.756288 0.394381 0.522008
vn 0.495345 -0.208523 0.843298
vn 0.508150 -0.761239 0.402863
vn 0.554620 0.464194 0.690594
vn 0.346496 0.573638 0.742213
vn 0.757336 -0.149982 0.635569
vn 0.580579 -0.596718 0.553946
vn 0.517545 -0.494772 0.698103
vn 0.422881 -0.536471 0.730323
vn 0.657338 -0.456318 0.599734
vn 0.309992 -0.292415 0.904654
vn 0.641669 -0.550794 0.533748
vn 0.685643 -0.610544 0.396396
vn 0.388581 -0.919138 -0.064729
vn 0.245767 0.548575 -0.799165
vn 0.321221 0.629442 0.707545
vn 0.461301 0.327567 0.824561
vn 0.529721 0.268389 0.804588
vn 0.944315 0.155083 -0.290203
vn 0.824469 0.554552 -0.112800
vn 0.850236 0.149578 0.504703
vn 0.613927 0.313985 0.724229
vn 0.910690 0.203902 0.359261
vn 0.195303 0.759567 0.620415
vn 0.517789 0.275936 0.809786
vn 0.314689 0.542549 0.778853
vn 0.257556 0.719761 0.644678
vn 0.285544 0.663863 0.691196
vn 0.900065 0.374532 -0.222732
vn -0.890156 -0.378474 -0.253732
vn 0.877018 0.400553 0.265323
vn 0.741836 0.237557 0.627093
vn 0.931136 0.011248 -0.364499
vn 0.207959 0.744343 0.634592
vn 0.741464 -0.173550 0.648160
vn 0.534907 -0.503298 0.678650
vn 0.490459 -0.470400 0.733603
vn 0.344076 -0.490325 0.800745
vn 0.423449 -0.610751 0.669084
vn 0.551154 -0.555634 0.622495
vn 0.567796 -0.445454 0.692228
vn 0.503689 -0.431075 0.748647
vn 0.489452 -0.412394 0.768354
vn 0.536895 -0.345251 0.769770
vn 0.589892 -0.432849 0.681667
vn 0.678049 -0.444275 0.585551
vn 0.829142 -0.367385 0.421369
vn 0.824700 0.242696 0.510850
vn 0.896543 -0.070970 0.437234
vn -0.980632 0.105426 -0.165063
vn 0.559490 -0.326296 0.761907
vn 0.385378 0.449673 0.805778
vn 0.520162 -0.391710 0.758943
vn 0.549221 -0.349000 0.759312
vn 0.638431 -0.481592 0.600396
vn 0.640191 -0.551685 0.534601
vn 0.725230 -0.486601 0.487095
vn 0.723429 -0.609020 0.325185
vn -0.740586 -0.406992 0.534687
vn 0.425001 -0.461422 0.778758
vn 0.751360 -0.065142 0.656670
vn -0.465643 -0.102107 -0.879063
vn 0.480780 -0.674941 0.559737
vn 0.717978 0.369995 0.589586
vn 0.622381 0.302084 0.722072
vn 0.732175 -0.230001 0.641108
vn 0.384440 -0.652362 0.653169
vn 0.246076 0.773629 0.583905
vn 0.265769 0.682294 0.681060
vn 0.754892 0.184707 0.629303
vn 0.512385 -0.559805 0.651215
vn 0.258034 0.743886 0.616484
vn 0.387042 -0.885389 -0.257457
vn 0.546954 0.405348 0.732485
vn 0.430522 0.608860 -0.666288
vn 0.580895 -0.388077 0.715512
vn 0.448381 -0.551255 0.703614
vn 0.591905 -0.497713 0.633980
vn 0.853576 -0.006220 0.520932
vn 0.950891 0.132477 0.279741
vn 0.605939 -0.408807 0.682433
vn 0.654773 0.345500 0.672236
vn 0.698004 0.380684 0.606523
vn 0.941022 -0.338313 0.004624
vn -0.959225 -0.220505 -0.176819
vn 0.603584 -0.531171 0.594595
vn -0.743664 -0.480877 -0.464458
vn 0.821188 0.163186 0.546827
vn 0.490625 0.511245 0.705632
vn 0.683080 -0.081244 0.725810
vn 0.713924 -0.031238 0.699526
vn 0.671966 -0.366898 0.643310
vn 0.985583 0.169187 0.001583
vn -0.700424 0.580079 -0.415830
vn 0.993874 0.052514 -0.097243
vn -0.706327 0.606554 -0.364957
vn 0.553515 0.388082 0.736894
vn 0.441077 -0.171892 0.880854
vn 0.576075 -0.225360 0.785717
vn 0.640256 -0.390369 0.661577
vn 0.732600 -0.313786 0.604016
vn 0.786051 -0.291973 0.544864
vn 0.851212 -0.357563 0.384170
vn 0.442818 0.450174 0.775407
vn 0.617298 0.393912 0.681012
vn 0.362884 0.538110 0.760758
vn 0.877553 0.327552 0.350158
vn 0.653357 -0.649512 0.388921
vn 0.474628 0.231840 0.849105
vn -0.955237 -0.094475 -0.280352
vn 0.494310 0.366169 0.788402
vn 0.547117 -0.174092 0.818752
vn 0.548434 -0.298402 0.781138
vn 0.362370 -0.449557 0.816447
vn 0.346358 -0.281952 0.894729
vn 0.537325 -0.325351 0.778093
vn 0.629700 -0.471589 0.617318
vn 0.594641 -0.388603 0.703839
vn 0.520762 -0.429394 0.737853
vn 0.520817 -0.375290 0.766751
vn 0.634604 -0.371269 0.677817
vn 0.700934 -0.404210 0.587627
vn 0.649685 0.482797 0.587211
vn 0.302662 0.437082 0.846968
vn -0.972138 0.230741 -0.041315
vn -0.705319 -0.703107 0.090364
vn 0.527215 -0.337633 0.779775
vn 0.483144 0.634188 0.603637
vn 0.747938 0.046309 0.662151
vn 0.817795 0.218758 0.532312
vn -0.714937 0.516929 -0.470796
vn 0.801492 0.151028 0.578619
vn 0.557946 -0.360883 0.747302
vn 0.845651 -0.155343 -0.510631
vn 0.762618 0.241918 0.599908
vn 0.875208 0.051738 0.480972
vn 0.990545 -0.118715 0.068755
vn 0.399655 -0.892191 -0.210407
vn 0.892420 0.119964 0.434966
vn 0.485518 0.234416 0.842212
vn 0.479310 0.457894 0.748729
vn 0.739733 0.394763 0.544938
vn 0.732828 0.240755 0.636396
vn 0.476173 0.461895 0.748273
vn 0.594930 0.465333 0.655381
vn 0.656468 0.435421 0.616002
vn 0.431393 0.427016 0.794706
vn 0.495396 -0.019115 0.868457
vn 0.456673 -0.115960 0.882045
vn 0.370044 -0.133661 0.919349
vn 0.359867 -0.091163 0.928539
vn 0.550553 -0.079597 0.830997
vn 0.652719 -0.177367 0.736545
vn 0.562212 -0.211919 0.799380
vn 0.560082 -0.245140 0.791337
vn 0.561489 -0.255455 0.787066
vn 0.558333 -0.291204 0.776829
vn 0.733824 -0.326397 0.595791
vn 0.789111 -0.337272 0.513372
vn 0.762460 -0.228521 0.605337
vn 0.580614 0.269094 0.768424
vn 0.531057 -0.000265 0.847336
vn 0.717951 -0.144513 0.680928
vn 0.806685 -0.139456 0.574292
vn 0.883582 -0.172976 0.435158
vn 0.733143 -0.015144 0.679906
vn 0.265462 0.745139 0.611799
vn 0.747139 -0.228672 0.624093
vn 0.680075 0.402065 0.613059
vn 0.522127 0.447967 0.725747
vn 0.716881 -0.125000 0.685898
vn 0.657436 0.412609 0.630501
vn 0.746046 -0.169729 0.643900
vn 0.643352 0.097793 0.759299
vn 0.736472 0.365033 0.569526
vn 0.590930 0.367670 0.718067
vn 0.417856 0.299101 0.857867
vn 0.575156 -0.631008 0.520601
vn 0.838133 0.220332 0.498986
vn 0.700665 0.178157 0.690890
vn -0.998269 -0.007114 -0.058383
vn 0.541319 0.163634 0.824741
vn 0.861530 0.197106 0.467885
vn 0.802730 0.241600 0.545210
vn 0.265462 0.692036 0.671279
vn 0.431535 0.350508 0.831217
vn -0.935879 0.010483 -0.352165
vn 0.995332 0.096349 0.005668
vn -0.986434 -0.161827 0.027588
vn 0.701505 -0.061771 -0.709983
vn -0.970447 0.089472 -0.224116
vn 0.601691 -0.255173 0.756872
vn 0.722960 0.048786 0.689166
vn 0.865026 0.011802 0.501589
vn 0.656212 0.425178 0.623385
vn 0.323089 0.606943 0.726109
vn 0.999668 0.003234 0.025546
vn -0.532814 -0.462274 0.708810
vn 0.530263 -0.234150 0.814859
vn 0.515252 -0.196921 0.834109
vn 0.400631 -0.276504 0.873522
vn 0.504777 -0.203211 0.838991
vn 0.409150 -0.042764 0.911464
vn 0.481727 0.011855 0.876241
vn 0.600524 0.019663 0.799365
vn 0.534811 -0.041869 0.843934
vn 0.547284 -0.071139 0.833918
vn 0.535011 -0.146917 0.831973
vn 0.569131 -0.082143 0.818134
vn 0.736414 -0.157721 0.657889
vn 0.807388 -0.198776 0.555530
vn 0.825574 -0.237278 0.511983
vn 0.794339 -0.102305 0.598798
vn 0.703177 -0.551680 0.448544
vn 0.489667 -0.005590 0.871891
vn 0.509601 0.345352 0.788060
vn 0.320274 0.771802 0.549314
vn 0.717413 0.322519 0.617495
vn 0.516094 -0.065253 0.854043
vn 0.000000 1.000000 0.000000
vn -0.888164 0.043006 -0.457510
vn 0.931190 0.064361 0.358808
vn 0.608188 0.257656 0.750814
vn 0.406310 0.285550 0.867971
vn 0.421390 -0.209590 0.882328
vn 0.506132 -0.215557 0.835084
vn 0.556202 -0.215610 0.802591
vn 0.527077 -0.125742 0.840464
vn 0.610049 -0.140239 0.779855
vn 0.627933 -0.039043 0.777287
vn 0.493545 0.048438 0.868370
vn 0.492031 0.056646 0.868733
vn 0.537737 -0.018685 0.842905
vn 0.602037 -0.004475 0.798456
vn 0.719941 -0.014023 0.693893
vn 0.803704 -0.065351 0.591430
vn 0.869817 -0.094406 0.484258
vn 0.889321 -0.152774 0.431010
vn 0.837383 -0.013870 0.546441
vn 0.835973 0.065618 0.544834
vn 0.369771 0.422451 0.827529
vn 0.636244 0.275015 0.720805
vn 0.810821 0.257138 0.525785
vn 0.936040 0.158518 0.314167
vn 0.691704 -0.255689 0.675402
vn 0.877070 0.411662 0.247553
vn 0.320509 0.637344 0.700761
vn 0.735439 -0.086917 0.671993
vn 0.665620 0.202634 -0.718255
vn 0.720843 -0.321283 0.614136
vn -0.989197 0.066831 0.130471
vn 0.693221 0.410136 0.592649
vn 0.637925 0.055258 0.768113
vn 0.136223 0.858592 -0.494230
vn 0.743442 -0.277073 0.608708
vn 0.945764 0.316303 0.074048
vn 0.484045 -0.510768 0.710505
vn 0.577573 -0.256816 0.774890
vn 0.882571 0.460138 0.096652
vn -0.863139 -0.466233 0.193954
vn 0.541319 0.310713 0.781301
vn 0.913896 -0.021568 -0.405376
vn 0.359088 0.592387 0.721203
vn 0.883306 0.007590 -0.468735
vn 0.752338 0.186372 0.631865
vn 0.985637 -0.155494 -0.065888
vn -0.681006 -0.453299 -0.575110
vn 0.447059 -0.112331 0.887423
vn 0.472911 -0.146940 0.868772
vn 0.506403 -0.154407 0.848360
vn 0.524659 -0.224677 0.821130
vn 0.636637 -0.281849 0.717812
vn 0.716930 -0.244438 0.652887
vn 0.612484 -0.143022 0.777437
vn 0.517736 0.011844 0.855458
vn 0.506454 -0.015346 0.862130
vn 0.585237 -0.030317 0.810295
vn 0.702657 -0.012324 0.711422
vn 0.769489 0.012928 0.638529
vn 0.841439 -0.029408 0.539551
vn 0.880655 -0.090954 0.464945
vn -0.585025 -0.784197 0.206834
vn 0.425746 0.549606 0.718800
vn 0.553155 0.595690 0.582386
vn 0.000000 1.000000 0.000000
vn 0.753594 0.549190 0.361229
vn 0.595159 0.433246 0.676819
vn 0.514984 0.087919 0.852679
vn 0.972553 -0.012405 -0.232352
vn -0.267364 -0.891896 0.364744
vn 0.445584 0.615479 0.650108
vn 0.810308 0.092567 -0.578646
vn 0.454080 -0.199572 0.868321
vn 0.875940 -0.097381 0.472489
vn -0.992767 0.012459 0.119406
vn 0.318125 0.431260 0.844281
vn -0.858229 -0.511191 -0.046118
vn 0.556343 -0.042568 -0.829862
vn 0.836633 0.343266 0.426865
vn 0.486906 0.401740 0.775582
vn -0.672165 0.562102 -0.481908
vn 0.631650 -0.012626 0.775151
vn 0.692197 -0.468601 0.548887
vn 0.807871 0.049963 0.587238
vn 0.803554 0.560338 -0.200805
vn 0.125164 0.664186 0.737015
vn 0.405484 -0.161596 0.899705
vn 0.450663 -0.230950 0.862302
vn 0.543159 -0.223194 0.809421
vn 0.650852 -0.226889 0.724509
vn 0.715538 -0.259150 0.648727
vn 0.668683 -0.266581 0.694116
vn 0.524718 -0.250162 0.813689
vn 0.573311 -0.158517 0.803857
vn 0.614931 -0.096675 0.782633
vn 0.752169 -0.100634 0.651241
vn 0.789676 -0.057066 0.610864
vn 0.801787 -0.023934 0.597130
vn 0.856166 -0.040520 0.515110
vn 0.876323 -0.060430 0.477919
vn 0.560554 0.405908 0.721816
vn 0.809994 0.194336 -0.553302
vn 0.848135 0.463098 0.257306
vn 0.891677 0.263322 -0.368203
vn 0.918270 0.265260 -0.293969
vn 0.523159 0.439675 0.730062
vn 0.799882 0.192173 0.568559
vn -0.756031 0.260927 -0.600279
vn 0.531101 -0.790423 0.305228
vn 0.849273 -0.298236 0.435650
vn 0.528937 -0.325863 0.783606
vn 0.901174 -0.048321 0.430756
vn 0.901655 0.024517 0.431760
vn 0.923361 0.102277 0.370058
vn -0.643875 -0.473975 -0.600644
vn 0.926013 0.031832 -0.376148
vn 0.745283 -0.594263 -0.302332
vn -0.173075 0.582700 -0.794044
vn -0.116919 0.582593 -0.804311
vn 0.736524 0.374192 0.563483
vn 0.880907 -0.451222 -0.142833
vn -0.913499 -0.105272 0.392985
vn -0.823868 -0.512714 0.241591
vn -0.775487 0.283640 -0.564064
vn 0.492316 -0.396233 0.774999
vn 0.467182 -0.558617 0.685338
vn 0.383111 0.738712 0.554555
vn 0.571249 0.381930 0.726501
vn -0.955805 0.283703 -0.077126
vn 0.399367 0.608046 -0.686139
vn 0.364472 -0.149463 0.919142
vn 0.764419 0.518283 -0.383466
vn 0.920774 0.349636 0.173001
vn 0.969090 0.093092 0.228470
vn 0.861159 0.420042 0.286304
vn 0.815328 0.252280 -0.521148
vn 0.532543 -0.304295 0.789812
vn 0.686077 0.136470 0.714615
vn 0.594160 -0.755128 0.277048
vn 0.052720 0.604356 -0.794968
vn 0.356223 0.019425 0.934199
vn 0.294460 -0.045243 0.954592
vn 0.396059 -0.139884 0.907508
vn 0.490662 -0.136767 0.860550
vn 0.580969 -0.086265 0.809341
vn 0.565518 -0.120256 0.815921
vn 0.669371 -0.189441 0.718369
vn 0.648167 -0.256569 0.716974
vn 0.538600 -0.199004 0.818723
vn 0.588161 -0.183698 0.787605
vn 0.674646 -0.192133 0.712697
vn 0.677500 -0.105765 0.727879
vn 0.722652 -0.034836 0.690334
vn 0.809123 -0.067902 0.583703
vn 0.817633 -0.064734 0.572089
vn 0.848068 -0.042084 0.528213
vn 0.878744 -0.027772 0.476485
vn 0.890163 -0.024312 0.454993
vn 0.924320 -0.032877 0.380199
vn 0.949042 -0.016330 0.314726
vn 0.984709 0.046144 0.167984
vn 0.159985 0.428385 -0.889321
vn -0.693812 -0.261882 -0.670852
vn 0.776875 0.316989 0.544044
vn 0.215259 0.721642 0.657949
vn 0.813262 0.350774 0.464287
vn -0.973711 -0.045737 -0.223150
vn 0.770845 0.372504 0.516758
vn 0.591493 -0.782211 0.195658
vn 0.691586 -0.624122 0.363566
vn 0.688766 0.389199 0.611658
vn -0.011438 0.318339 -0.947908
vn 0.952256 -0.302010 -0.044712
vn 0.577011 0.317741 0.752395
vn 0.272461 0.137969 0.952224
vn 0.355440 0.151765 0.922296
vn 0.454603 0.143650 0.879034
vn 0.538896 0.000529 0.842372
vn 0.541132 -0.029384 0.840424
vn 0.667408 -0.014706 0.744547
vn 0.685420 -0.067553 0.725008
vn 0.556567 0.016407 0.830641
vn 0.621630 0.004710 0.783297
vn 0.708407 -0.016698 0.705606
vn 0.761324 0.019771 0.648071
vn 0.775005 0.008910 0.631892
vn 0.818800 -0.033684 0.573089
vn 0.867747 -0.036672 0.495652
vn 0.982735 0.183543 0.023324
vn 0.492740 -0.870159 -0.005454
vn -0.946823 0.245126 0.208420
vn 0.938383 0.284865 -0.195677
vn 0.955339 0.140215 0.260129
vn 0.898771 0.140762 0.415207
vn 0.882663 -0.031193 0.468969
vn 0.892977 -0.029169 0.449156
vn 0.916608 -0.015714 0.399478
vn 0.949449 0.003727 0.313899
vn 0.985983 0.051648 0.158652
vn 0.995503 0.064818 0.069085
vn 0.641928 -0.371254 0.670894
vn -0.869338 0.367408 -0.330550
vn -0.789730 -0.551148 0.269372
vn -0.671914 -0.733128 -0.105143
vn 0.809152 -0.494591 0.317257
vn 0.404542 0.512295 0.757562
vn 0.106871 0.201317 -0.973679
vn 0.753238 0.353620 0.554604
vn 0.690100 0.395885 0.605836
vn 0.615772 -0.612566 0.495567
vn 0.901794 0.248328 -0.353696
vn -0.336189 -0.601832 0.724414
vn 0.337395 -0.031158 0.940847
vn 0.406042 -0.023812 0.913544
vn 0.381234 0.152372 0.911835
vn 0.320916 0.308235 0.895547
vn 0.395242 0.207137 0.894918
vn 0.546909 0.156805 0.822376
vn 0.583742 0.125054 0.802251
vn 0.688783 0.034353 0.724153
vn 0.646496 0.060346 0.760527
vn 0.585670 0.022181 0.810246
vn 0.745119 -0.011668 0.666830
vn 0.775633 0.002715 0.631178
vn 0.747756 0.029761 0.663306
vn 0.791366 0.024017 0.610871
vn 0.859770 0.025830 0.510027
vn 0.881445 0.009759 0.472186
vn 0.890422 0.021753 0.454616
vn 0.935708 0.033773 0.351155
vn -0.773136 -0.096357 -0.626878
vn 0.738751 0.434315 0.515381
vn 0.356683 0.520273 0.775946
vn 0.721040 0.310085 -0.619636
vn -0.798406 0.084277 -0.596193
vn 0.991428 -0.116767 -0.058608
vn -0.854223 0.310033 -0.417352
vn 0.438356 0.143935 0.887202
vn -0.970384 0.078746 0.228372
vn 0.657409 0.356327 0.663962
vn 0.896894 -0.396836 -0.195197
vn 0.776429 -0.189769 0.600954
vn 0.708319 0.407995 0.576042
vn 0.532852 0.086664 0.841759
vn 0.669061 0.091457 0.737559
vn 0.532867 -0.006552 0.846173
vn 0.707546 -0.015351 0.706501
vn -0.684581 0.137163 0.715915
vn 0.646783 0.409014 0.643722
vn -0.885089 -0.069635 -0.460183
vn -0.714075 -0.679675 0.167748
vn 0.348958 -0.877702 0.328433
vn -0.472844 0.319478 -0.821190
vn 0.531626 0.073031 0.843825
vn 0.525703 0.157223 0.836013
vn 0.554952 0.029429 0.831361
vn 0.807850 -0.028437 0.588702
vn 0.794626 0.032383 0.606235
vn 0.804346 0.085725 0.587944
vn 0.857600 0.102939 0.503910
vn 0.881262 0.115811 0.458220
vn 0.526862 0.369561 0.765403
vn 0.653347 0.412030 0.635114
vn 0.011416 0.307146 -0.951594
vn -0.820962 -0.115030 -0.559275
vn 0.670266 0.362041 0.647819
vn 0.324606 0.500637 0.802493
vn 0.740357 -0.153606 0.654429
vn 0.659844 0.324774 0.677590
vn 0.030050 0.818099 -0.574292
vn -0.516732 -0.826967 -0.221614
vn 0.939101 0.337393 0.065228
vn 0.444338 0.279410 0.851172
vn 0.606313 0.178939 0.774832
vn 0.612497 0.222193 0.758602
vn 0.451042 0.183321 0.873473
vn 0.623985 0.127204 0.771014
vn 0.540756 0.065742 0.838607
vn 0.537936 0.076814 0.839479
vn 0.699912 0.121741 0.703777
vn 0.792865 0.091749 0.602451
vn 0.828144 0.082921 0.554349
vn 0.850142 0.115095 0.513820
vn 0.877533 0.157479 0.452919
vn 0.880517 0.141166 0.452506
vn -0.895543 0.332850 -0.295320
vn 0.780928 0.337851 0.525365
vn 0.971471 0.236064 0.022751
vn 0.722033 0.570124 0.391952
vn -0.328875 0.126548 -0.935856
vn -0.955351 0.242677 0.168562
vn -0.115010 0.662833 -0.739882
vn -0.987719 0.109249 0.111694
vn 0.371121 0.565456 0.736566
vn 0.991593 -0.125647 0.030919
vn -0.271441 -0.875196 0.400440
vn 0.976221 -0.115021 -0.183748
vn -0.346907 -0.826001 0.444273
vn 0.700900 0.198789 0.684998
vn -0.084142 0.988244 0.127650
vn 0.086372 0.646567 -0.757952
vn 0.565824 -0.802146 -0.190800
vn 0.840694 0.440146 0.315444
vn -0.562112 -0.339610 -0.754119
vn 0.601626 0.209698 0.770761
vn 0.925700 -0.370215 -0.077590
vn 0.536851 0.343280 0.770681
vn 0.228071 -0.923334 -0.308931
vn 0.531183 -0.169997 0.830027
vn 0.796973 0.390426 -0.460869
vn -0.519278 0.339259 -0.784381
vn 0.139554 -0.682361 -0.717571
vn -0.465860 0.353736 -0.811076
vn -0.779675 0.274048 -0.563031
vn 0.303609 -0.929108 -0.211141
vn 0.584955 -0.780681 -0.219921
vn 0.461498 -0.879007 -0.119864
vn 0.408562 -0.910270 -0.066973
vn 0.539041 -0.811216 -0.226636
vn 0.629943 -0.707954 0.319331
vn 0.618638 -0.765878 0.175266
vn 0.664271 -0.712329 0.226565
vn 0.821449 0.110426 -0.559488
vn -0.524257 0.108027 -0.844680
vn -0.284955 -0.238173 -0.928480
vn -0.333815 0.096500 -0.937686
vn -0.164232 0.209111 -0.964002
vn 0.450907 -0.870521 -0.197173
vn 0.389218 -0.862960 -0.322194
vn 0.542342 -0.711425 -0.446922
vn 0.661823 -0.636557 -0.395960
vn 0.781428 -0.566338 -0.261975
vn 0.797708 -0.587208 -0.137294
vn 0.806835 -0.571542 -0.149519
vn 0.784743 -0.562556 -0.260208
vn 0.665531 -0.567265 -0.485055
vn 0.554849 -0.602453 -0.573754
vn 0.466037 -0.439562 -0.767851
vn 0.138752 0.825015 -0.547813
vn 0.414240 0.247660 -0.875825
vn 0.959816 0.187438 -0.208854
vn 0.717286 -0.644491 0.264826
vn 0.986772 -0.162116 0.000465
vn -0.447292 -0.019956 -0.894165
vn -0.084499 -0.017654 -0.996267
vn 0.456195 -0.889490 0.026324
vn 0.487984 -0.868780 -0.084216
vn 0.511421 -0.832333 -0.213708
vn 0.469012 -0.839257 -0.275092
vn 0.458462 -0.776112 -0.432969
vn 0.401108 -0.701698 -0.588839
vn 0.914429 0.385054 -0.124712
vn 0.422979 -0.748749 -0.510356
vn 0.847630 -0.507623 -0.154410
vn 0.839842 -0.511574 -0.181540
vn -0.016529 0.840767 -0.541145
vn -0.683282 -0.729903 0.019182
vn -0.135736 0.322725 -0.936709
vn -0.939345 -0.337764 0.059561
vn -0.649576 -0.708936 -0.274701
vn -0.745193 -0.631104 -0.215396
vn 0.861586 0.403751 0.307661
vn 0.998076 -0.029915 0.054303
vn 0.529916 -0.844331 0.079338
vn 0.546843 -0.837228 0.003482
vn 0.565484 -0.820461 -0.084091
vn 0.511488 -0.841942 -0.171797
vn 0.506780 -0.785173 -0.355916
vn 0.500937 -0.670963 -0.546690
vn 0.556689 0.281038 -0.781738
vn -0.826817 0.145157 -0.543417
vn 0.432473 -0.657915 -0.616535
vn 0.626486 -0.671732 -0.395337
vn 0.775435 -0.541682 -0.324471
vn 0.767034 -0.618190 -0.171756
vn 0.815879 -0.517503 -0.257937
vn 0.792101 -0.536044 -0.291946
vn 0.508158 -0.483151 -0.712980
vn 0.048412 0.823332 -0.565491
vn 0.892356 0.349999 0.284958
vn 0.999639 0.025752 0.007682
vn 0.918568 -0.343202 -0.196074
vn 0.965530 0.234710 -0.112529
vn 0.912037 0.403236 0.074766
vn -0.519343 -0.778210 0.353088
vn 0.800040 0.541124 0.259077
vn 0.523640 -0.806651 0.274073
vn 0.590312 -0.797668 0.123519
vn 0.635316 -0.767479 0.085731
vn 0.636772 -0.771022 -0.006822
vn 0.644175 -0.758743 -0.096686
vn 0.638496 -0.757292 -0.137225
vn 0.569621 -0.784672 -0.244584
vn 0.567597 -0.739458 -0.361988
vn 0.435348 -0.750430 -0.497320
vn 0.600084 0.236697 -0.764116
vn 0.027830 0.675002 -0.737291
vn 0.683837 0.386324 -0.618968
vn 0.781447 -0.458799 -0.422899
vn 0.548331 -0.439333 -0.711561
vn -0.090345 0.854117 -0.512173
vn -0.870429 -0.019314 -0.491915
vn 0.982387 0.161440 0.094091
vn 0.936525 -0.334639 -0.104583
vn 0.847728 -0.444543 -0.289376
vn -0.747734 -0.409064 -0.523030
vn -0.616719 0.285095 -0.733743
vn -0.211491 -0.561281 0.800147
vn 0.903875 0.409810 0.122746
vn 0.656397 -0.716079 -0.237431
vn 0.513902 -0.702191 -0.492781
vn 0.412833 -0.707591 -0.573484
vn 0.468796 0.402017 -0.786519
vn -0.107581 0.736001 -0.668378
vn 0.403989 -0.579374 -0.707897
vn 0.668925 -0.700658 -0.248229
vn 0.677979 -0.414398 -0.607139
vn 0.291652 0.421387 -0.858703
vn 0.018688 -0.270418 -0.962562
vn -0.447335 -0.784991 0.428580
vn -0.992056 -0.053411 -0.113897
vn -0.702996 0.267758 -0.658865
vn -0.399540 -0.882492 0.248142
vn 0.844594 0.360317 -0.396020
vn 0.906525 0.314681 0.281403
vn -0.507485 -0.858694 -0.071437
vn -0.335405 -0.861429 0.381371
vn 0.812157 -0.504798 -0.292542
vn 0.943377 0.032435 -0.330134
vn 0.620284 -0.703764 0.346357
vn 0.705863 -0.675777 0.212327
vn 0.715256 -0.695032 0.073073
vn 0.729659 -0.683701 -0.012261
vn 0.720106 -0.682725 -0.123832
vn 0.653492 -0.738683 -0.165213
vn 0.654225 -0.725263 -0.214439
vn 0.657108 -0.636876 -0.403235
vn 0.576868 -0.578502 -0.576680
vn 0.489211 -0.627143 -0.606105
vn 0.749086 0.372841 -0.547595
vn 0.306193 0.228478 -0.924145
vn -0.075376 0.681217 -0.728191
vn 0.621404 -0.652380 -0.433886
vn 0.614500 -0.752416 -0.237193
vn 0.619512 -0.699997 -0.355259
vn 0.627936 -0.589725 -0.507859
vn 0.705810 -0.544073 -0.453671
vn 0.709769 -0.288421 -0.642683
vn 0.453444 -0.260968 -0.852223
vn 0.587877 0.388667 -0.709464
vn 0.099245 0.751420 -0.652318
vn 0.790097 -0.097791 -0.605132
vn -0.093518 0.480764 -0.871849
vn -0.994112 0.096564 -0.049155
vn -0.212264 -0.745856 0.631381
vn 0.875948 -0.472460 -0.097445
vn 0.825727 0.533921 0.181941
vn -0.465717 -0.794266 0.390190
vn 0.913434 -0.350779 -0.206378
vn -0.199151 0.476754 -0.856180
vn 0.951333 -0.277697 -0.133602
vn 0.483462 -0.868327 0.110779
vn 0.739366 -0.604988 -0.295513
vn 0.635744 -0.541539 -0.550060
vn 0.362686 -0.488800 -0.793431
vn 0.556129 -0.490086 -0.671220
vn 0.692649 -0.686963 -0.219814
vn 0.623066 -0.729144 -0.283084
vn -0.002310 0.695072 -0.718936
vn 0.113823 0.251559 -0.961126
vn 0.244725 0.446489 -0.860673
vn -0.928026 0.169015 -0.331967
vn 0.900787 -0.427272 -0.077605
vn 0.943403 0.239394 0.229524
vn -0.903669 0.111463 -0.413471
vn 0.890031 -0.439020 -0.122906
vn -0.165823 -0.741107 0.650587
vn 0.802759 -0.525489 0.281849
vn 0.793686 -0.603231 0.078578
vn 0.826473 -0.562696 -0.017787
vn 0.796265 -0.588437 -0.140369
vn 0.844448 -0.435386 -0.312004
vn 0.787185 -0.425944 -0.445996
vn 0.697864 -0.500975 -0.511868
vn 0.651355 -0.412441 -0.636891
vn 0.562487 -0.467226 -0.682135
vn 0.064998 0.834222 -0.547584
vn -0.028241 0.418650 -0.907709
vn 0.695241 -0.652880 -0.300644
vn 0.794029 -0.555579 -0.246679
vn 0.740687 -0.579394 -0.340125
vn 0.577122 -0.611511 -0.541281
vn -0.031813 0.612711 -0.789666
vn -0.085292 0.677337 -0.730712
vn -0.691828 -0.719956 0.055104
vn 0.532462 -0.765302 0.361659
vn -0.639585 -0.750851 -0.164786
vn 0.609796 -0.746390 0.266555
vn 0.724701 0.270892 -0.633582
vn 0.819849 0.555342 -0.139438
vn 0.816349 0.269931 -0.510600
vn -0.339446 -0.884053 0.321289
vn 0.879534 -0.443291 0.172955
vn 0.907828 -0.412913 0.073152
vn 0.919525 -0.391864 -0.030276
vn 0.901446 -0.394231 -0.178821
vn 0.506773 -0.320895 -0.800130
vn 0.517533 0.735420 -0.437398
vn -0.875064 -0.200787 -0.440394
vn -0.373441 -0.326378 -0.868343
vn 0.746597 -0.575915 -0.333040
vn 0.689583 -0.533877 -0.489337
vn 0.632678 0.530764 -0.563921
vn -0.002946 0.768762 -0.639529
vn -0.079956 0.763678 -0.640627
vn 0.538872 0.529565 -0.655117
vn 0.127051 -0.517180 -0.846394
vn -0.197984 0.547179 -0.813264
vn 0.486965 0.775452 -0.401919
vn -0.669033 -0.681997 0.295422
vn -0.555126 -0.696168 -0.455176
vn -0.022821 -0.920897 -0.389136
vn -0.981803 0.090945 -0.166711
vn -0.414552 -0.818133 0.398503
vn 0.924257 -0.306083 0.228172
vn 0.942008 -0.323251 0.090163
vn 0.941509 -0.335981 -0.026035
vn 0.923845 -0.340040 -0.175733
vn 0.891534 -0.324079 -0.316450
vn 0.829017 -0.279115 -0.484588
vn 0.741813 -0.360081 -0.565734
vn -0.069696 0.688605 -0.721780
vn -0.019595 0.594040 -0.804197
vn 0.695544 -0.492226 -0.523386
vn 0.818690 -0.440843 -0.367973
vn 0.859878 -0.386705 -0.333270
vn 0.855760 -0.273389 -0.439242
vn 0.750080 -0.334908 -0.570277
vn 0.598792 -0.401866 -0.692786
vn -0.127575 0.811108 -0.570814
vn 0.439068 0.495889 -0.749209
vn 0.031335 0.732287 -0.680275
vn 0.080129 0.754910 -0.650915
vn -0.027992 0.898024 -0.439054
vn 0.996262 -0.018704 0.084340
vn -0.854388 -0.329206 -0.402050
vn -0.230877 -0.774607 0.588796
vn 0.940740 0.246334 0.233082
vn 0.538505 -0.837016 0.097042
vn -0.703709 -0.556702 0.441449
vn 0.861737 -0.304817 -0.405580
vn 0.829037 -0.283397 -0.482063
vn 0.784168 -0.265866 -0.560710
vn 0.706992 -0.254820 -0.659719
vn -0.267956 0.764991 -0.585652
vn -0.025104 0.572518 -0.819508
vn 0.348513 -0.270875 -0.897310
vn 0.704842 -0.104001 -0.701699
vn -0.140749 0.751475 -0.644574
vn 0.208433 0.586541 -0.782640
vn 0.880284 0.462376 0.106346
vn 0.781964 0.590492 0.199628
vn 0.839851 0.457742 0.291758
vn -0.673156 -0.595863 0.437959
vn 0.886135 -0.425061 -0.184630
vn -0.916699 0.212550 -0.338358
vn -0.198717 0.793091 -0.575777
vn 0.031450 0.733365 -0.679107
vn -0.761960 -0.302241 -0.572772
vn 0.402733 0.351956 -0.844945
vn 0.665516 -0.432417 -0.608362
vn 0.741683 -0.490683 -0.457315
vn 0.768282 -0.346526 -0.538203
vn 0.825173 -0.227442 -0.517069
vn 0.784876 -0.132383 -0.605346
vn -0.146065 0.915439 -0.375016
vn 0.154297 0.563935 -0.811277
vn 0.577592 0.106717 -0.809320
vn 0.121761 0.669191 -0.733046
vn -0.793097 -0.573205 0.205995
vn -0.946130 0.012639 -0.323539
vn 0.926973 0.323892 0.189247
vn -0.667928 -0.526361 -0.526133
vn 0.948498 -0.179965 0.260698
vn 0.968384 -0.217248 0.122620
vn 0.979548 -0.200970 -0.009870
vn 0.952292 -0.237663 -0.191458
vn 0.921098 -0.216831 -0.323362
vn 0.862142 -0.241626 -0.445340
vn 0.783817 -0.054102 -0.618630
vn 0.166867 -0.026387 -0.985626
vn 0.725835 -0.465963 -0.506007
vn 0.746796 -0.170923 -0.642713
vn -0.149783 0.673502 -0.723851
vn 0.148318 0.480547 -0.864336
vn -0.066183 0.464959 -0.882855
vn -0.138889 0.784759 -0.604039
vn -0.636956 -0.605822 0.476725
vn 0.972228 0.075501 0.221521
vn -0.594689 0.803146 0.036095
vn 0.978096 0.186710 0.092021
vn 0.008447 -0.929546 0.368608
vn 0.884132 0.344792 0.315322
vn -0.126500 0.357433 -0.925332
vn 0.592429 0.008958 -0.805573
vn 0.804658 -0.322258 -0.498674
vn 0.777274 -0.439962 -0.449754
vn 0.758855 -0.377755 -0.530510
vn 0.715206 -0.253660 -0.651258
vn 0.698996 -0.208345 -0.684103
vn 0.361564 0.553738 -0.750097
vn 0.327215 0.514620 -0.792526
vn -0.051172 0.824901 -0.562957
vn -0.794091 -0.447319 -0.411491
vn 0.117780 0.292824 -0.948885
vn -0.039863 0.432308 -0.900844
vn -0.873779 0.027651 -0.485537
vn 0.996224 0.053512 -0.068362
vn 0.091792 0.788300 -0.608406
vn -0.085494 0.714793 -0.694091
vn 0.834179 -0.508610 -0.213216
vn -0.746152 0.356268 -0.562433
vn -0.053999 -0.990936 0.123004
vn 0.900936 0.389215 0.191900
vn -0.639069 0.735563 -0.224807
vn -0.840785 -0.530634 0.107279
vn 0.960552 -0.049577 0.273646
vn 0.986549 -0.057504 0.153017
vn 0.999412 -0.033680 0.006410
vn 0.983895 -0.020748 -0.177537
vn 0.939069 0.001332 -0.343727
vn 0.843511 0.019109 -0.536771
vn 0.733800 -0.362555 -0.574536
vn 0.700396 -0.355973 -0.618651
vn 0.710121 -0.247605 -0.659106
vn 0.742100 -0.143888 -0.654663
vn 0.687359 -0.231881 -0.688309
vn 0.647563 -0.013526 -0.761891
vn 0.551539 0.491155 -0.674219
vn 0.453256 0.305730 -0.837310
vn -0.772576 -0.366034 0.518792
vn -0.943156 0.202211 -0.263756
vn -0.437262 -0.437884 0.785532
vn -0.788379 -0.241697 -0.565722
vn 0.249705 0.743621 -0.620222
vn 0.988321 -0.152291 -0.005432
vn 0.838099 0.484840 0.250038
vn -0.720879 -0.687293 0.089235
vn -0.525628 -0.731389 0.434495
vn -0.139245 -0.770559 0.621972
vn 0.726797 0.076856 -0.682539
vn -0.676938 0.243516 -0.694590
vn 0.459762 0.251602 -0.851655
vn 0.794677 -0.320967 -0.515237
vn 0.667030 -0.345001 -0.660337
vn 0.401040 0.713072 -0.575062
vn 0.050524 0.473678 -0.879248
vn 0.435977 0.717238 -0.543593
vn 0.336656 0.512103 -0.790198
vn -0.077752 -0.971620 0.223404
vn -0.796221 -0.557853 0.234162
vn -0.545362 -0.838114 0.012095
vn -0.139277 0.885935 -0.442403
vn 0.698793 0.383555 -0.603800
vn -0.690202 0.230225 -0.686016
vn -0.946527 0.014241 -0.322311
vn 0.821625 -0.348588 -0.451019
vn 0.849053 -0.288417 -0.442633
vn 0.806450 -0.264279 -0.528957
vn 0.759732 -0.229088 -0.608544
vn 0.767636 -0.200777 -0.608624
vn 0.751016 -0.291469 -0.592470
vn 0.666896 -0.185039 -0.721811
vn 0.578270 -0.089358 -0.810937
vn 0.707861 -0.042576 -0.705068
vn 0.198845 0.558981 -0.804985
vn -0.696029 -0.508947 -0.506475
vn -0.861984 -0.103718 -0.496212
vn -0.633430 -0.765168 0.115258
vn -0.747663 -0.604887 0.274065
vn -0.458634 -0.888439 -0.018205
vn 0.980521 0.146446 0.130890
vn 0.979947 0.193877 -0.046000
vn 0.947630 0.210004 -0.240615
vn 0.893822 0.223692 -0.388644
vn 0.815828 0.198142 -0.543291
vn 0.617032 0.352015 -0.703816
vn -0.827985 0.039173 -0.559380
vn 0.622546 0.100771 -0.776068
vn -0.771131 0.283847 -0.569902
vn -0.980500 -0.018874 0.195613
vn 0.508363 0.070863 -0.858222
vn -0.632956 -0.499053 0.591872
vn -0.623992 -0.774384 0.104701
vn 0.876427 0.385661 0.288344
vn -0.782276 -0.621840 0.036874
vn 0.926000 -0.141884 -0.349847
vn 0.898326 -0.189194 -0.396505
vn 0.853977 -0.203973 -0.478664
vn 0.797004 -0.225363 -0.560354
vn 0.735968 -0.232171 -0.635962
vn 0.728180 -0.147776 -0.669265
vn -0.796911 0.162635 -0.581792
vn -0.987633 0.026509 -0.154528
vn -0.591914 0.346123 -0.727899
vn 0.332447 0.267512 -0.904387
vn 0.087788 0.757586 -0.646805
vn 0.010068 0.410070 -0.911999
vn -0.787550 -0.145969 0.598714
vn -0.110002 0.859249 -0.499590
vn 0.480348 0.209139 -0.851778
vn -0.960242 -0.156489 0.231184
vn -0.561856 -0.789967 0.245497
vn -0.393098 -0.578910 0.714378
vn 0.900041 0.414156 0.135654
vn 0.904644 0.417731 -0.084384
vn 0.863222 0.423658 -0.274520
vn 0.771147 0.411816 -0.485531
vn -0.951305 -0.025582 -0.307187
vn -0.690324 -0.668403 -0.276929
vn -0.938624 0.276148 0.206707
vn -0.685715 -0.708698 0.165961
vn 0.765693 0.046818 -0.641500
vn 0.636172 -0.062779 -0.768989
vn 0.621556 -0.066468 -0.780545
vn 0.669602 -0.082813 -0.738089
vn 0.647154 -0.125454 -0.751966
vn -0.954025 -0.026558 -0.298549
vn 0.155067 -0.669767 -0.726200
vn -0.938944 -0.074436 -0.335921
vn -0.097645 0.788462 -0.607283
vn 0.027494 -0.826139 0.562795
vn -0.643259 -0.454739 0.615979
vn -0.607854 -0.738710 0.291241
vn -0.645005 -0.529849 0.550662
vn 0.182060 -0.962084 -0.203097
vn -0.983354 0.019323 -0.180670
vn 0.250148 0.272728 -0.929002
vn -0.881776 -0.465306 -0.077212
vn 0.903089 -0.073009 -0.423202
vn 0.927644 -0.168362 -0.333362
vn 0.903078 -0.132587 -0.408498
vn 0.712287 -0.163207 -0.682650
vn 0.120640 0.482861 -0.867347
vn 0.370280 0.561842 -0.739747
vn -0.011757 0.716689 -0.697294
vn 0.551363 0.771769 -0.316815
vn -0.661437 0.245644 -0.708633
vn -0.497384 -0.739555 -0.453507
vn -0.262508 -0.900124 0.347659
vn -0.770531 -0.109172 0.627984
vn 0.472018 0.847831 -0.241622
vn 0.319536 0.745616 -0.584768
vn 0.845735 -0.048934 -0.531355
vn 0.795351 -0.026570 -0.605567
vn 0.761770 -0.069980 -0.644057
vn 0.707397 0.010095 -0.706744
vn 0.686293 -0.112468 -0.718577
vn 0.599059 -0.183355 -0.779429
vn 0.654243 -0.235669 -0.718628
vn -0.060525 0.946351 -0.317421
vn 0.462607 0.751322 -0.470648
vn 0.403431 -0.872010 0.277204
vn -0.826901 -0.560321 -0.047710
vn 0.959850 0.278836 0.030624
vn -0.258936 -0.951064 0.168612
vn -0.998270 -0.020879 -0.054971
vn -0.778418 -0.566912 0.269583
vn 0.820889 0.504026 0.268512
vn -0.740138 -0.570362 -0.356207
vn -0.741547 -0.051320 -0.668935
vn 0.805608 0.466616 -0.365056
vn -0.994015 0.033616 0.103943
vn 0.301142 0.685024 -0.663367
vn 0.179405 0.923925 -0.337901
vn 0.879890 0.448496 0.156985
vn -0.743688 -0.600772 0.293260
vn -0.052961 -0.508724 -0.859299
vn 0.300712 0.602238 -0.739514
vn -0.981866 -0.101955 -0.159824
vn -0.081584 0.712484 -0.696930
vn 0.912053 -0.056078 -0.406219
vn 0.925251 -0.150656 -0.348158
vn 0.939916 -0.123603 -0.318245
vn 0.929484 -0.110029 -0.352069
vn 0.887743 -0.039071 -0.458678
vn 0.811914 0.048624 -0.581749
vn 0.732711 0.112978 -0.671096
vn 0.775759 0.056067 -0.628534
vn 0.748512 -0.049327 -0.661284
vn 0.697195 -0.164679 -0.697710
vn 0.488226 0.380316 -0.785490
vn -0.073364 0.804050 -0.590018
vn -0.435205 -0.708918 0.555005
vn -0.811065 -0.328783 0.483813
vn 0.028632 -0.868467 0.494919
vn -0.461372 0.762009 -0.454398
vn -0.182318 -0.622252 0.761290
vn -0.986210 0.145437 0.078979
vn 0.846340 0.350372 -0.401184
vn 0.709198 -0.073925 -0.701123
vn 0.625947 -0.090433 -0.774605
vn -0.252020 0.748690 -0.613147
vn -0.967564 -0.251342 0.025446
vn 0.287100 -0.857914 -0.426095
vn -0.792432 0.602168 0.097184
vn 0.561440 -0.781293 0.272700
vn 0.706486 0.205790 -0.677147
vn 0.788192 -0.564068 -0.246133
vn 0.983250 0.171372 -0.062051
vn 0.986481 0.064561 -0.150624
vn 0.961703 -0.013352 -0.273767
vn 0.930534 -0.066730 -0.360075
vn 0.921652 -0.128105 -0.366260
vn 0.895369 -0.020017 -0.444875
vn 0.832137 0.038846 -0.553208
vn -0.879478 0.351652 -0.320718
vn -0.794934 0.204859 -0.571063
vn -0.129024 0.815860 -0.563671
vn -0.526602 -0.047413 -0.848789
vn -0.739806 -0.656990 -0.145092
vn 0.556943 0.682766 -0.472911
vn -0.244412 -0.881024 0.405041
vn -0.799141 -0.561567 0.214513
vn -0.710289 -0.446195 -0.544425
vn -0.383558 -0.773909 0.503933
vn -0.597537 -0.798200 0.076324
vn -0.345476 -0.057939 0.936637
vn 0.799109 -0.015459 -0.600988
vn 0.762940 -0.181537 -0.620457
vn 0.747048 0.043416 -0.663351
vn 0.787110 -0.194076 -0.585484
vn 0.767457 -0.088606 -0.634947
vn 0.671937 0.008419 -0.740561
vn 0.601304 0.052192 -0.797314
vn -0.195678 0.731290 -0.653395
vn 0.106780 0.845544 -0.523119
vn 0.933584 0.352839 -0.062656
vn 0.955235 -0.022276 0.295009
vn -0.870871 -0.279024 -0.404635
vn -0.684530 -0.654484 0.321043
vn -0.950261 -0.292457 -0.107110
vn -0.046433 0.723993 -0.688243
vn -0.270143 -0.872854 -0.406385
vn -0.949262 -0.152546 -0.275012
vn -0.668324 0.402489 -0.625576
vn -0.717700 -0.627387 -0.302147
vn -0.507703 -0.845280 -0.166553
vn 0.241423 0.487998 -0.838792
vn -0.869947 0.040315 -0.491494
vn -0.885857 -0.437107 -0.155547
vn 0.996082 0.079055 0.039643
vn 0.998564 0.051677 -0.014145
vn 0.991336 0.047811 -0.122340
vn 0.974450 0.034788 -0.221895
vn 0.945184 0.023443 -0.325695
vn 0.894838 -0.060629 -0.442255
vn 0.849996 -0.086902 -0.519572
vn 0.859303 -0.203242 -0.469351
vn 0.806213 -0.254378 -0.534147
vn 0.761146 -0.281924 -0.584103
vn 0.705649 -0.252214 -0.662154
vn 0.723712 -0.177431 -0.666902
vn 0.585078 -0.011332 -0.810898
vn -0.871233 0.206395 -0.445370
vn -0.047236 0.773044 -0.632591
vn 0.770908 0.614569 0.167348
vn 0.184918 -0.852062 0.489688
vn -0.271445 -0.772252 0.574407
vn -0.963291 -0.001689 -0.268454
vn -0.703748 -0.595128 -0.388021
vn -0.581059 -0.286317 -0.761835
vn 0.808679 0.573822 0.129484
vn 0.896825 0.316078 0.309515
vn 0.930120 -0.202424 -0.306432
vn 0.406225 -0.781591 -0.473389
vn 0.024225 -0.627616 -0.778146
vn -0.660754 -0.750602 0.001185
vn 0.971575 0.075000 0.224536
vn 0.986710 0.097724 0.129820
vn 0.993456 0.093328 0.065839
vn 0.995278 0.083784 0.049003
vn 0.997575 0.066961 -0.018994
vn 0.987956 0.045031 -0.148041
vn 0.973430 0.031751 -0.226773
vn 0.958539 -0.039528 -0.282208
vn 0.948471 0.087362 -0.304582
vn -0.489508 0.756484 -0.433720
vn -0.777189 0.089170 -0.622918
vn -0.917758 0.297675 -0.262887
vn -0.096543 0.737114 -0.668837
vn 0.802166 -0.287879 -0.523121
vn 0.029158 0.732304 -0.680353
vn -0.152834 -0.589657 0.793062
vn 0.944140 -0.088803 -0.317353
vn 0.046884 0.866911 0.496253
vn -0.531633 0.799238 -0.280329
vn 0.716814 0.196794 -0.668917
vn 0.284362 0.857326 0.429104
vn 0.207068 0.975904 -0.068806
vn 0.784735 0.581358 0.214973
vn -0.052948 0.591440 -0.804609
vn 0.487118 0.841000 0.235446
vn 0.452185 0.878594 -0.153627
vn 0.717705 0.576022 0.391277
vn 0.793212 0.522819 0.312208
vn 0.664591 0.581246 0.469544
vn 0.569828 0.665394 0.482231
vn 0.304042 0.895235 0.325748
vn 0.247268 0.859377 0.447582
vn -0.693932 -0.637736 -0.334293
vn 0.659526 0.574579 0.484648
vn 0.535464 0.683652 0.495881
vn 0.493635 0.716860 0.492378
vn -0.622729 0.690548 -0.367903
vn 0.715690 0.680673 -0.156437
vn -0.219391 0.917295 0.332321
vn 0.792303 0.607561 -0.055911
vn 0.129975 0.901682 0.412403
vn -0.038051 0.995348 -0.088508
vn 0.426301 0.266524 -0.864426
vn 0.477588 0.874857 0.080836
vn -0.885660 -0.240387 -0.397267
vn -0.919210 -0.220188 -0.326452
vn -0.408717 0.887202 -0.214065
vn -0.309968 0.943765 -0.115006
vn 0.605976 0.707608 0.363433
vn 0.032639 0.664574 -0.746509
vn -0.003274 -0.959261 -0.282501
vn 0.686446 0.650704 0.324618
vn -0.608412 0.792331 0.045233
vn 0.145456 0.970512 0.192220
vn -0.410783 0.910073 0.054998
vn -0.574725 0.687130 -0.444459
vn 0.334619 0.682445 0.649846
vn -0.361858 0.912574 0.190442
vn -0.284496 0.952968 0.104471
vn -0.307007 0.938113 0.160285
vn -0.030653 0.895629 0.443745
vn 0.539323 0.753858 0.375272
vn 0.525261 0.721599 0.450995
vn 0.417807 0.767242 0.486597
vn 0.021335 0.418937 -0.907764
vn -0.316526 0.940487 0.123676
vn -0.117433 0.992811 -0.023136
vn 0.154728 0.874103 0.460438
vn 0.492427 0.749766 0.442003
vn 0.230730 0.916170 0.327714
vn -0.659621 0.739070 0.136659
vn 0.796108 0.597020 0.098887
vn -0.974921 0.007490 -0.222427
vn -0.243024 0.844710 0.476869
vn 0.827446 0.525626 0.197610
vn 0.229126 0.835664 0.499166
vn 0.148995 0.793378 0.590214
vn -0.111455 0.913270 0.391810
vn -0.428756 0.816758 -0.386102
vn 0.518963 0.646840 -0.558815
vn 0.071772 0.529560 -0.845231
vn 0.033005 0.995795 -0.085457
vn 0.310549 0.840435 0.444104
vn -0.637226 0.186740 -0.747711
vn -0.043868 0.797453 -0.601784
vn 0.420146 0.764856 0.488337
vn -0.282018 0.943528 -0.173839
vn -0.177723 0.830184 0.528402
vn -0.671351 0.480721 -0.564088
vn 0.636809 0.713206 0.292936
vn 0.488435 0.805459 0.335658
vn -0.333356 0.833693 0.440262
vn -0.937443 0.014785 -0.347825
vn 0.159697 0.937754 0.308406
vn 0.212355 0.942488 0.258113
vn -0.507857 0.782731 0.359740
vn 0.013149 0.967606 0.252122
vn -0.603981 0.291206 -0.741893
vn -0.086680 0.987643 0.130567
vn 0.695297 0.677272 0.240551
vn 0.243470 0.867088 0.434603
vn -0.293326 0.936117 0.194020
vn -0.123701 0.986795 0.104568
vn -0.075042 0.886861 -0.455902
vn -0.175445 0.978876 0.104976
vn -0.894418 -0.372110 -0.248095
vn -0.986311 -0.138750 -0.089102
vn -0.707891 -0.671455 -0.219179
vn -0.980214 0.177008 -0.088591
vn 0.320929 0.780273 -0.536822
vn -0.712614 -0.037522 -0.700552
vn -0.222655 0.969267 0.104628
vn 0.827117 0.544558 0.139044
vn 0.700405 0.684306 0.202875
vn 0.470935 0.836234 0.280950
vn 0.429771 0.824319 0.368505
vn -0.179628 0.869376 0.460346
vn 0.520257 0.706095 -0.480377
vn -0.933934 -0.077890 -0.348855
vn -0.844779 -0.411460 -0.342124
vn 0.891298 0.343990 0.295397
vn -0.141927 0.882444 0.448498
vn -0.692746 0.101961 -0.713938
vn -0.914273 -0.345723 -0.211139
vn -0.733652 0.257024 -0.629042
vn 0.011640 0.824669 0.565495
vn -0.077632 0.996731 0.022358
vn 0.153531 0.910265 0.384508
vn -0.576480 0.694604 0.430343
vn 0.275879 0.878807 -0.389343
vn -0.971340 0.084583 -0.222134
vn -0.732013 0.369073 -0.572662
vn 0.323970 0.945996 0.011659
vn -0.323571 0.940870 0.100327
vn 0.374134 0.269829 -0.887252
vn 0.582983 0.734294 -0.347769
vn -0.725353 0.149924 -0.671853
vn 0.796440 0.509618 0.325536
vn 0.087544 0.671603 0.735721
vn 0.237845 0.971289 -0.005208
vn 0.676625 0.715396 0.174320
vn 0.576395 0.793732 0.194314
vn -0.383887 0.803599 0.454818
vn -0.578584 0.713294 0.395541
vn 0.672533 0.698479 -0.244593
vn 0.317255 0.914715 -0.250293
vn 0.323004 0.473645 -0.819347
vn -0.624501 0.167405 -0.762872
vn -0.814425 -0.085069 0.573999
vn 0.776757 0.586949 -0.228339
vn 0.628544 0.709779 -0.318036
vn 0.568648 0.760410 -0.313714
vn -0.877503 0.082008 -0.472508
vn -0.708619 0.699064 -0.095753
vn 0.169671 0.984753 0.038373
vn 0.584080 0.784378 0.208809
vn 0.396864 0.890504 0.222490
vn 0.036986 0.962925 -0.267222
vn 0.439750 0.637428 -0.632697
vn -0.452011 0.758510 0.469414
vn 0.338325 0.935994 0.097222
vn 0.670504 0.711031 -0.211802
vn 0.603279 0.753611 -0.261008
vn -0.953005 0.048053 -0.299119
vn -0.906198 0.281290 0.315724
vn -0.983291 0.048246 -0.175533
vn -0.659216 0.294287 -0.691975
vn -0.206984 0.976788 -0.055154
vn 0.248165 0.966828 0.060483
vn -0.128983 -0.684326 0.717678
vn -0.719479 0.478449 -0.503425
vn 0.141654 0.945046 0.294654
vn 0.649102 0.759379 -0.044835
vn 0.308565 0.949969 -0.048448
vn 0.249422 0.934212 -0.255023
vn -0.870863 0.269654 0.410955
vn -0.283033 0.918478 0.276206
vn -0.088757 0.811395 0.577720
vn 0.805885 0.584866 -0.092093
vn 0.797845 0.596357 -0.088331
vn 0.750357 0.648151 -0.129866
vn 0.594130 0.768550 -0.237362
vn 0.594038 0.771880 -0.226539
vn 0.000000 1.000000 0.000000
vn 0.466302 0.798953 -0.379786
vn -0.744612 0.174492 -0.644287
vn -0.701357 0.171917 -0.691768
vn 0.636240 0.679603 0.365154
vn 0.647427 0.734682 0.202686
vn 0.440847 0.860624 0.254911
vn -0.509235 0.720827 0.470200
vn 0.064099 0.994976 -0.076905
vn 0.868432 0.442013 -0.224613
vn -0.350521 0.835147 0.423868
vn -0.260989 -0.775025 -0.575518
vn 0.284938 0.952300 0.109249
vn 0.698496 0.706712 -0.112520
vn 0.573361 0.782435 -0.243009
vn 0.505791 0.823272 -0.257681
vn -0.045752 0.502953 -0.863102
vn -0.905010 0.378740 0.193684
vn 0.277455 0.920644 0.274651
vn -0.067698 0.943021 0.325774
vn 0.663546 0.713710 0.224333
vn 0.444380 0.878165 0.177067
vn 0.390107 0.917628 -0.075997
vn 0.819698 0.571857 -0.032793
vn 0.809661 0.586272 -0.027085
vn 0.770380 0.635212 -0.054956
vn 0.622821 0.765518 -0.161484
vn 0.449034 0.826320 -0.339946
vn 0.420692 0.877039 -0.231995
vn 0.394503 0.844821 -0.361447
vn -0.986330 -0.090735 -0.137551
vn -0.985265 0.065790 -0.157872
vn -0.716184 -0.594837 -0.365034
vn -0.931400 -0.229824 -0.282269
vn -0.609364 0.427057 -0.668056
vn 0.465442 0.681124 -0.565186
vn -0.344242 0.907179 0.241915
vn 0.597412 0.754352 0.272125
vn -0.042282 0.941601 0.334065
vn -0.221563 0.901974 0.370611
vn -0.609894 0.749080 0.258667
vn 0.067542 0.987849 0.139973
vn 0.838554 0.540664 -0.067160
vn 0.215755 0.936492 0.276465
vn 0.800964 0.598253 -0.023445
vn 0.733739 0.679027 -0.023418
vn 0.597370 0.788502 -0.146334
vn 0.562442 0.812643 -0.152547
vn 0.339600 0.907880 -0.245816
vn 0.325703 0.857461 -0.398344
vn -0.497491 -0.128760 -0.857860
vn -0.589007 0.715413 -0.375839
vn 0.310976 0.917104 0.249430
vn 0.409462 0.870049 0.274509
vn -0.468300 0.810254 0.352396
vn 0.083359 0.982144 0.168656
vn 0.780018 0.625709 -0.007812
vn 0.670221 0.737960 -0.078864
vn 0.634491 0.770894 -0.056065
vn 0.519586 0.841447 -0.148315
vn 0.468826 0.871212 -0.145575
vn 0.286658 0.914921 -0.284160
vn -0.841049 0.180270 -0.510038
vn -0.212884 0.282207 -0.935435
vn 0.105367 0.780534 -0.616170
vn -0.426198 -0.573573 -0.699550
vn 0.635993 0.724780 0.264967
vn 0.021867 0.951631 0.306465
vn -0.479233 0.817380 0.319727
vn 0.655532 0.653674 0.378138
vn 0.390447 0.877298 0.279105
vn 0.770775 0.584646 0.253172
vn 0.985021 0.121067 0.122786
vn 0.769400 0.501417 0.395733
vn 0.809582 0.586937 -0.009041
vn 0.798407 0.601960 0.013817
vn 0.573554 0.815813 -0.074055
vn 0.429505 0.895403 -0.117385
vn 0.364632 0.920685 -0.139218
vn 0.178888 0.953464 -0.242703
vn 0.115624 0.959507 -0.256861
vn -0.798924 -0.125244 -0.588246
vn -0.627400 0.397847 -0.669393
vn -0.857065 -0.145727 0.494170
vn 0.581721 0.756410 0.299072
vn 0.349227 0.877563 0.328516
vn 0.056936 0.938890 0.339477
vn 0.000060 0.948719 0.316121
vn -0.083579 0.928240 0.362471
vn -0.973330 0.153139 0.170811
vn 0.773860 0.633097 0.018139
vn 0.735694 0.677175 0.013727
vn 0.691295 0.722532 -0.007721
vn 0.512684 0.854930 -0.079059
vn 0.262196 0.954953 -0.138988
vn -0.129905 0.736251 -0.664123
vn -0.805299 -0.101565 -0.584104
vn -0.892836 0.219856 -0.393074
vn -0.906525 0.352017 0.233016
vn -0.058499 0.954450 0.292581
vn -0.362057 0.842370 0.399158
vn -0.060093 0.929026 0.365102
vn 0.364057 0.766268 0.529430
vn 0.828336 0.403483 0.388665
vn 0.813679 0.579524 0.045590
vn 0.798528 0.600674 0.039304
vn 0.634616 0.772793 0.007366
vn 0.597991 0.801496 -0.003301
vn 0.455805 0.888024 -0.060457
vn 0.426476 0.903267 -0.047194
vn 0.124588 0.983327 -0.132458
vn 0.009136 0.975386 -0.220315
vn -0.085441 0.968429 -0.234189
vn -0.168937 0.536755 -0.826653
vn -0.913683 0.205394 -0.350707
vn -0.019613 0.619752 -0.784552
vn -0.695322 0.315725 -0.645635
vn -0.909143 0.348952 0.227356
vn -0.652343 -0.292459 0.699225
vn 0.696096 0.654116 0.295943
vn 0.608476 0.730874 0.309161
vn -0.410301 0.827234 0.383844
vn 0.081540 0.857350 0.508234
vn -0.211372 0.968611 0.130825
vn 0.737089 0.674015 0.049037
vn 0.526386 0.850166 -0.011663
vn 0.393685 0.917412 -0.058029
vn 0.304472 0.950336 -0.064482
vn 0.016829 0.989818 -0.141338
vn -0.095515 0.967014 -0.236137
vn -0.108190 0.952987 -0.283037
vn -0.916890 0.356794 -0.178916
vn -0.913185 -0.394932 -0.100608
vn -0.594782 0.756496 -0.271933
vn 0.229876 0.881287 0.412904
vn -0.691490 0.631099 0.351506
vn 0.104152 0.775811 0.622309
vn -0.164059 0.893023 0.419041
vn 0.087253 0.860154 0.502516
vn -0.770615 0.633140 -0.072699
vn 0.773014 0.632911 0.043280
vn 0.682129 0.729671 0.047759
vn -0.177246 0.955747 -0.234802
vn -0.905701 -0.099765 -0.412010
vn -0.924168 0.279855 -0.259991
vn -0.634555 0.126723 0.762418
vn 0.852530 0.521103 0.040552
vn -0.388267 0.834926 0.390061
vn -0.156263 0.971610 -0.177640
vn -0.436214 0.355259 -0.826746
vn -0.535143 0.244395 -0.808637
vn -0.120000 0.390129 -0.912907
vn -0.375975 0.162197 -0.912324
vn -0.565499 0.167153 -0.807633
vn 0.040695 0.412170 -0.910198
vn -0.456464 -0.186683 -0.869937
vn -0.008537 -0.384005 -0.923291
vn -0.660725 -0.472383 0.583350
vn -0.528009 -0.813861 0.242564
vn -0.535215 -0.839079 -0.097429
vn -0.831746 -0.535834 -0.145192
vn -0.632227 -0.772964 0.053073
vn -0.654592 -0.738182 0.163086
vn -0.604184 -0.737470 0.301827
vn -0.432771 0.017873 -0.901327
vn -0.911196 0.108587 0.397405
vn -0.666849 -0.000057 0.745193
vn -0.860108 -0.007635 0.510054
vn 0.193013 0.282739 -0.939577
vn -0.163119 0.201959 -0.965715
vn -0.466064 0.120955 -0.876444
vn 0.095441 0.053161 -0.994015
vn 0.361657 0.107989 -0.926036
vn -0.005057 -0.989341 0.145530
vn -0.910405 -0.413183 0.021032
vn -0.747776 -0.536012 0.391818
vn -0.489430 -0.771250 0.406979
vn -0.797250 -0.415625 0.437777
vn -0.659485 -0.373467 0.652382
vn -0.749877 0.233410 0.619035
vn -0.888667 0.184891 -0.419626
vn -0.957450 0.204074 -0.204068
vn -0.993976 0.109214 -0.009213
vn -0.970818 0.079766 0.226163
vn -0.584701 -0.028442 0.810750
vn -0.207590 -0.436777 0.875290
vn -0.655445 -0.290759 0.697030
vn -0.693348 0.048613 0.718962
vn -0.335207 -0.763848 0.551519
vn -0.588114 -0.014393 0.808650
vn -0.781988 -0.043073 0.621803
vn 0.305275 0.284344 -0.908821
vn -0.751730 -0.006977 0.659434
vn -0.569610 -0.091683 0.816786
vn -0.553086 -0.114160 0.825265
vn -0.270947 -0.133449 0.953299
vn -0.578066 0.003890 0.815981
vn -0.743392 -0.260823 0.615905
vn -0.744450 -0.662257 -0.084911
vn -0.984681 0.171829 0.029626
vn -0.762702 0.140380 0.631331
vn -0.791295 0.135268 0.596284
vn -0.761610 0.340232 0.551536
vn -0.708575 0.285884 0.645129
vn -0.590475 0.347674 0.728328
vn -0.826605 0.445347 0.344079
vn -0.787598 0.289038 0.544193
vn -0.543391 0.284321 0.789865
vn -0.605381 -0.404126 0.685708
vn -0.427769 -0.299546 0.852811
vn -0.403953 -0.075740 -0.911639
vn -0.456381 0.455977 0.764069
vn -0.495129 -0.255636 0.830360
vn -0.798653 -0.031377 0.600973
vn -0.206469 -0.024777 -0.978139
vn -0.490634 0.648365 0.582152
vn -0.582553 -0.322616 0.746023
vn -0.413311 0.158799 -0.896636
vn -0.062206 0.781938 -0.620245
vn -0.946423 0.236222 -0.220189
vn -0.652862 0.491366 0.576481
vn -0.553336 0.573396 0.604183
vn -0.749305 0.653290 -0.108415
vn -0.891273 0.447524 -0.073180
vn -0.883002 0.431050 0.185749
vn -0.859091 0.331250 0.390174
vn -0.804984 0.423601 0.415407
vn -0.699428 0.334336 0.631680
vn -0.429619 0.708683 0.559639
vn -0.802082 0.356336 0.479258
vn -0.796700 0.333701 0.503898
vn -0.561669 0.457905 0.689095
vn -0.794341 -0.354053 0.493628
vn -0.830064 -0.361132 0.424944
vn -0.321553 0.832961 0.450310
vn -0.852899 0.107428 0.510903
vn -0.245320 0.332555 -0.910618
vn 0.275355 0.281956 -0.919065
vn -0.588526 0.226205 0.776188
vn -0.824403 0.532377 -0.192185
vn -0.795846 0.114221 0.594628
vn -0.872481 0.305400 0.381455
vn -0.895518 -0.056881 0.441375
vn -0.628425 0.385393 0.675688
vn -0.771303 0.249631 0.585471
vn -0.776742 0.296260 0.555789
vn -0.651489 0.214183 0.727797
vn -0.524024 0.314974 0.791322
vn -0.455168 0.253363 0.853598
vn -0.752338 0.112838 0.649042
vn -0.771389 0.222314 0.596267
vn -0.739742 -0.217277 0.636846
vn -0.499642 -0.281253 0.819301
vn -0.719400 0.122665 0.683679
vn -0.218019 -0.329179 -0.918754
vn -0.338415 0.337202 -0.878504
vn -0.774184 -0.018049 0.632704
vn -0.673486 0.242938 0.698139
vn -0.865404 0.487136 -0.117365
vn -0.873179 0.485481 0.043212
vn -0.677352 0.550016 0.488546
vn -0.649476 0.550638 0.524384
vn -0.586948 0.565018 0.579868
vn -0.526856 0.535610 0.659958
vn -0.485846 0.640525 0.594711
vn -0.592732 0.786024 0.175599
vn -0.708224 0.006572 0.705957
vn -0.667254 0.524259 0.529080
vn -0.652321 0.692819 0.307376
vn -0.579635 0.489959 0.651125
vn -0.661798 0.141661 0.736176
vn -0.945802 0.231472 0.227772
vn -0.841337 0.469675 0.267502
vn -0.783650 -0.366479 0.501583
vn -0.799354 0.248499 0.547066
vn -0.623746 -0.094629 0.775878
vn -0.695648 0.441822 0.566452
vn -0.739256 -0.454531 -0.496893
vn -0.868717 -0.284280 0.405604
vn -0.938549 0.268027 0.217459
vn -0.839496 0.288857 0.460226
vn -0.769395 0.087382 0.632768
vn -0.444253 -0.373137 0.814498
vn -0.779796 0.545255 -0.307597
vn -0.733474 0.675260 0.077720
vn -0.572662 0.643021 0.508510
vn -0.441476 0.704372 0.555841
vn -0.457078 0.769735 0.445632
vn -0.463250 -0.391297 0.795165
vn -0.790343 -0.400811 0.463367
vn -0.854741 -0.412733 0.314751
vn -0.685444 0.691294 0.228645
vn -0.839053 -0.136122 0.526746
vn -0.812916 -0.085333 0.576096
vn -0.580107 0.251853 0.774626
vn -0.112622 0.307422 -0.944885
vn -0.769620 -0.029790 0.637807
vn -0.722350 0.592009 0.357401
vn -0.713320 0.430118 0.553329
vn -0.626120 0.579859 0.521284
vn -0.664790 0.542625 0.513432
vn -0.608824 0.518415 0.600482
vn -0.877470 -0.220254 0.426068
vn -0.606901 0.071827 0.791525
vn -0.160348 0.448462 0.879301
vn -0.860093 -0.237223 0.451626
vn -0.781312 -0.268883 0.563252
vn -0.858965 0.400534 0.318984
vn -0.616965 -0.151249 0.772320
vn -0.580738 0.371448 0.724410
vn -0.676975 0.723806 0.133452
vn -0.589315 0.719140 0.368165
vn -0.421573 0.801270 0.424550
vn -0.434303 0.724308 0.535498
vn -0.374684 0.757371 0.534791
vn -0.391670 0.765000 0.511242
vn -0.593584 -0.295308 0.748633
vn -0.664214 -0.021022 0.747246
vn -0.660403 0.141469 0.737465
vn -0.755707 -0.277344 0.593285
vn -0.436630 0.753530 0.491475
vn -0.715441 0.238959 0.656538
vn -0.766275 -0.441206 0.467075
vn -0.576907 -0.775423 -0.256705
vn -0.817094 0.450931 0.359193
vn -0.536105 0.680176 0.499952
vn -0.497950 0.539094 0.679281
vn -0.730747 0.248810 0.635691
vn -0.839115 -0.309949 0.447010
vn -0.479568 0.534552 0.695894
vn -0.117191 0.272368 -0.955030
vn -0.911875 0.315574 0.262483
vn -0.783880 0.296502 0.545545
vn -0.782853 0.436370 0.443534
vn -0.848921 0.313975 0.425150
vn -0.577649 0.619712 0.531299
vn -0.609865 -0.465246 0.641569
vn -0.430415 0.899746 0.072116
vn -0.366710 0.838943 0.402118
vn -0.403458 0.770340 0.493758
vn -0.499537 0.722865 0.477420
vn -0.918352 -0.193919 0.344999
vn -0.341980 -0.121172 0.931862
vn -0.581549 0.593308 0.556584
vn -0.882054 -0.253493 0.397142
vn -0.559198 0.809430 0.179224
vn -0.903185 0.255750 0.344745
vn -0.398188 0.908678 0.125502
vn -0.407884 0.899812 0.154821
vn -0.292862 0.875338 0.384727
vn -0.726696 0.009053 0.686900
vn -0.839692 0.216641 0.497980
vn -0.772402 0.036893 0.634062
vn -0.421577 0.321108 -0.848034
vn -0.802984 -0.090096 0.589151
vn -0.721359 0.077792 0.688179
vn -0.540260 -0.040644 0.840516
vn -0.867704 -0.019085 0.496714
vn -0.477459 0.706759 0.522039
vn -0.611675 0.670634 0.419647
vn -0.851883 -0.170476 0.495210
vn -0.834263 0.259632 0.486413
vn -0.345451 0.799937 0.490677
vn -0.423810 0.710366 0.561929
vn -0.743182 0.613260 0.267568
vn -0.637454 -0.394351 0.661921
vn -0.589138 -0.018488 0.807821
vn -0.669941 0.579921 0.463542
vn -0.781133 0.457521 0.424861
vn -0.871021 0.061098 0.487431
vn -0.490866 0.161666 -0.856104
vn -0.699952 -0.112890 0.705211
vn -0.496050 0.021443 -0.868029
vn -0.870687 0.258198 0.418614
vn -0.535080 0.683669 0.496272
vn -0.426025 0.765159 0.482737
vn -0.507212 0.725828 0.464661
vn -0.566714 0.072841 0.820688
vn -0.799359 -0.071356 0.596601
vn -0.873328 0.365114 0.322475
vn -0.587461 0.778383 0.221382
vn -0.625804 0.547955 0.555081
vn -0.616221 -0.461755 0.638008
vn -0.712258 0.116395 0.692200
vn -0.238840 -0.232023 0.942932
vn -0.924843 0.308855 0.221979
vn -0.290666 -0.282849 0.914062
vn -0.799283 0.542214 0.259135
vn -0.742040 0.080220 0.665538
vn -0.774803 -0.070749 0.628231
vn -0.399598 0.908447 0.122657
vn -0.609354 0.679127 0.409237
vn -0.572398 0.665142 0.479528
vn -0.625531 0.529569 0.572947
vn -0.795741 0.469483 0.382600
vn -0.860793 0.098879 0.499257
vn -0.769962 -0.035347 0.637110
vn -0.014311 0.278515 -0.960325
vn -0.188119 -0.506738 0.841325
vn -0.546248 -0.355976 0.758218
vn -0.895323 -0.354763 0.269332
vn -0.645273 0.665062 0.375921
vn -0.700950 0.589124 0.401996
vn -0.671832 -0.585988 0.453057
vn -0.401439 0.825818 0.396070
vn -0.796246 0.483288 0.363902
vn -0.884273 0.248972 0.395063
vn -0.782035 0.318686 0.535594
vn -0.506241 -0.178892 0.843634
vn -0.692999 0.696092 -0.187637
vn -0.730252 0.675227 0.103928
vn -0.682143 0.402199 0.610669
vn -0.755849 0.283534 0.590170
vn -0.397741 -0.271162 -0.876512
vn -0.361537 0.003301 -0.932352
vn -0.769859 0.476771 0.424271
vn -0.556890 0.724333 0.406467
vn -0.365595 0.704291 0.608535
vn -0.449938 0.640584 0.622260
vn -0.458421 0.779405 0.427057
vn -0.876299 -0.440955 -0.194059
vn -0.536081 -0.266658 0.800943
vn -0.269863 -0.124324 0.954839
vn -0.440386 0.796274 0.414739
vn -0.759603 0.492346 0.424968
vn -0.652204 0.395006 0.646993
vn -0.918819 0.308168 0.246587
vn -0.577654 0.547336 0.605590
vn -0.477525 -0.128080 0.869233
vn -0.891760 0.405065 0.201709
vn -0.398944 0.830814 0.388062
vn -0.328823 0.830650 0.449328
vn -0.447216 0.729060 0.518140
vn -0.712960 0.052596 0.699229
vn -0.717096 -0.008373 0.696924
vn -0.985824 -0.002643 -0.167763
vn -0.696407 0.230107 0.679756
vn -0.631668 0.767709 0.107790
vn -0.892578 0.401385 0.205411
vn -0.823891 0.270437 0.498064
vn -0.767260 0.084632 0.635728
vn -0.775717 -0.018985 0.630796
vn -0.975729 0.026417 0.217381
vn -0.782411 0.153992 0.603423
vn -0.641702 -0.286469 0.711445
vn -0.863331 -0.297463 0.407646
vn -0.361998 0.576964 0.732168
vn -0.738341 0.144341 0.658801
vn -0.449972 0.377309 -0.809421
vn 0.378884 0.291628 -0.878293
vn -0.653921 -0.425710 0.625427
vn -0.904168 0.075124 0.420519
vn -0.820125 0.022955 0.571724
vn -0.744874 0.041552 0.665910
vn -0.581262 -0.012177 0.813626
vn -0.749916 0.054298 0.659301
vn -0.861415 -0.273110 0.428224
vn -0.771012 -0.348140 0.533235
vn -0.839568 -0.335403 0.427352
vn -0.813949 -0.123622 0.567631
vn -0.982142 -0.187321 -0.017544
vn -0.997127 -0.047881 0.058695
vn -0.974613 0.008455 0.223736
vn -0.725906 0.197631 0.658789
vn -0.361667 0.129866 -0.923218
vn -0.748714 0.100241 0.655271
vn -0.823558 -0.017560 0.566961
vn -0.723475 -0.160094 0.671531
vn -0.430125 -0.045847 -0.901605
vn -0.924613 -0.247665 0.289402
vn -0.877279 0.171496 0.448297
vn -0.871543 -0.112525 0.477232
vn -0.796056 -0.039769 0.603915
vn -0.753302 -0.034654 0.656761
vn -0.653212 -0.046632 0.755738
vn -0.054748 0.106616 -0.992792
vn -0.536845 0.674354 0.506994
vn -0.398689 -0.825753 0.398972
vn -0.475429 -0.805611 0.353493
vn -0.762982 -0.520136 0.383819
vn -0.892174 -0.409240 0.191178
vn -0.893842 -0.239186 0.379257
vn -0.817934 -0.048603 0.573256
vn -0.825977 -0.056210 0.560895
vn -0.826823 -0.062976 0.558926
vn -0.818398 -0.095929 0.566589
vn -0.748294 -0.150030 0.646179
vn -0.834385 -0.394574 -0.384854
vn -0.763152 -0.617593 -0.190206
vn -0.448459 -0.007177 -0.893775
vn -0.831819 -0.347756 0.432601
vn -0.638984 0.229142 0.734298
vn -0.723528 0.627866 0.286865
vn -0.836838 0.294878 0.461248
vn -0.977716 0.116363 0.174732
vn -0.698417 -0.643093 0.314077
vn -0.272812 -0.323936 -0.905891
vn -0.765259 -0.066787 0.640249
vn -0.688330 -0.155118 0.708619
vn -0.693064 -0.021242 0.720563
vn -0.811360 -0.120355 0.572022
vn -0.827293 -0.162165 0.537856
vn -0.826306 -0.186873 0.531316
vn -0.770473 -0.219844 0.598364
vn -0.662932 -0.231033 0.712141
vn -0.786853 0.226150 0.574212
vn 0.295473 0.327620 -0.897419
vn -0.338592 -0.286450 -0.896271
vn -0.616074 0.166993 -0.769783
vn -0.522561 0.090701 -0.847764
vn -0.502406 0.198944 -0.841433
vn -0.601976 0.144482 -0.785335
vn -0.342698 0.378667 -0.859749
vn -0.585467 0.648091 0.487040
vn -0.344064 0.134607 -0.929248
vn -0.308373 0.398095 -0.863960
vn 0.000000 1.000000 0.000000
vn -0.436746 0.594973 0.674729
vn -0.295014 -0.101319 -0.950106
vn -0.192731 0.322834 -0.926625
vn -0.439988 -0.070980 -0.895194
vn 0.281515 0.195724 -0.939383
vn -0.105934 -0.546524 -0.830716
vn 0.002238 -0.559533 -0.828805
vn -0.257604 -0.630383 0.732296
vn -0.867663 0.466183 0.172725
vn -0.607042 0.475330 0.636837
vn -0.182737 -0.525534 -0.830916
vn -0.569232 -0.771963 0.282929
vn 0.241845 0.120567 -0.962795
vn -0.023804 -0.014661 -0.999609
vn -0.564998 0.562763 0.603387
vn -0.799663 -0.210071 0.562502
vn -0.817778 -0.276512 0.504757
vn -0.819873 -0.280787 0.498966
vn -0.807431 -0.306874 0.503868
vn -0.700641 -0.318018 0.638722
vn -0.613549 -0.206426 0.762198
vn -0.573344 -0.636147 0.516326
vn 0.346585 0.150292 -0.925900
vn -0.268684 0.398535 -0.876914
vn -0.101325 0.479490 -0.871678
vn -0.844861 0.265717 0.464332
vn -0.057564 0.334751 -0.940547
vn -0.786230 -0.013821 0.617779
vn -0.593781 -0.185959 -0.782843
vn -0.237117 0.286854 -0.928165
vn -0.453351 -0.133080 -0.881341
vn 0.254192 -0.067313 -0.964808
vn 0.122747 0.116985 -0.985519
vn -0.214779 -0.006353 -0.976642
vn -0.519771 0.332264 -0.787044
vn -0.829694 0.481821 0.281879
vn -0.555155 0.596074 0.580085
vn -0.828683 -0.276816 0.486475
vn -0.830193 -0.298410 0.470883
vn -0.767936 -0.306553 0.562406
vn -0.570205 -0.282812 0.771287
vn -0.002398 0.245273 -0.969451
vn -0.344093 -0.363007 -0.865925
vn -0.546649 0.043012 -0.836256
vn -0.104876 0.418489 -0.902146
vn -0.826642 -0.270768 0.493303
vn -0.821563 -0.307734 0.479931
vn -0.772834 0.561668 -0.295392
vn -0.755913 0.267264 0.597633
vn -0.783990 0.201004 0.587331
vn -0.850549 0.322619 0.415311
vn 0.887730 -0.006857 -0.460313
vn -0.456507 -0.028964 -0.889248
vn -0.103388 0.470813 -0.876154
vn -0.479095 0.375455 -0.793411
vn -0.218607 0.352716 -0.909836
vn -0.658915 0.141919 -0.738709
vn -0.708501 -0.247109 0.661032
vn -0.440683 -0.285711 -0.850980
vn -0.803302 -0.373196 0.464145
vn -0.512646 -0.164087 -0.842775
vn -0.356027 0.729253 0.584324
vn 0.343870 0.137095 -0.928956
vn -0.835252 -0.279247 0.473682
vn -0.845247 -0.260726 -0.466454
vn -0.587222 -0.790852 -0.172406
vn -0.689082 -0.667751 -0.281559
vn -0.855241 -0.170749 -0.489294
vn -0.894098 -0.375420 -0.244233
vn -0.322864 -0.846557 -0.423202
vn -0.119058 0.905652 -0.406965
vn 0.159661 0.496660 -0.853133
vn -0.790988 0.415099 -0.449477
vn -0.250901 -0.932514 -0.259744
vn -0.660812 0.314930 -0.681283
vn -0.906797 0.224302 -0.356943
vn -0.914380 0.215930 -0.342466
vn -0.914554 0.119888 -0.386286
vn -0.893728 0.216577 -0.392868
vn -0.601468 0.061333 -0.796539
vn -0.767823 -0.562728 0.306242
vn -0.910679 -0.382351 -0.156436
vn 0.030365 0.679477 -0.733068
vn 0.600593 0.111977 -0.791675
vn -0.710914 0.593411 0.377446
vn 0.524728 0.583054 -0.620248
vn -0.687566 0.719466 -0.098089
vn -0.810826 -0.083765 -0.579261
vn -0.877281 -0.126504 -0.463007
vn -0.786684 -0.393648 -0.475573
vn -0.712432 -0.521866 -0.469144
vn -0.710626 0.595071 -0.375368
vn -0.695744 0.338543 -0.633506
vn -0.648209 -0.604273 -0.463335
vn -0.583961 -0.572157 -0.575870
vn -0.725012 -0.366630 -0.583044
vn -0.652701 0.721295 -0.231765
vn -0.938342 0.344597 0.027692
vn -0.930398 0.356364 0.085810
vn -0.849802 -0.096171 -0.518254
vn -0.747631 0.322752 -0.580413
vn -0.015251 0.440605 -0.897572
vn -0.483560 0.640899 -0.596170
vn -0.679309 0.549061 -0.486899
vn 0.216121 -0.658107 -0.721240
vn -0.665256 0.624126 -0.409759
vn -0.721621 -0.640391 -0.262987
vn -0.885368 -0.348334 -0.307876
vn -0.970549 -0.013177 -0.240545
vn -0.612284 0.646153 -0.455626
vn -0.706166 0.333322 -0.624681
vn -0.581943 0.610966 -0.536715
vn -0.787386 0.407147 -0.462876
vn -0.920638 -0.320933 -0.222323
vn -0.722366 0.691255 -0.018819
vn -0.640510 -0.618003 -0.455872
vn -0.991187 -0.028099 -0.129453
vn -0.515587 0.265559 -0.814646
vn -0.888351 0.378461 -0.260001
vn -0.568312 0.721850 -0.394909
vn -0.757935 0.476673 -0.445328
vn -0.851070 -0.265174 -0.453169
vn -0.011284 0.400317 -0.916307
vn -0.233737 0.901933 -0.363158
vn -0.705049 0.285497 -0.649151
vn -0.907668 -0.409020 -0.094029
vn -0.756978 0.240769 -0.607466
vn -0.611578 0.480508 -0.628557
vn -0.616842 0.539714 -0.572900
vn -0.649235 0.521218 -0.553918
vn -0.781281 0.499513 -0.374282
vn -0.833108 0.484916 -0.266059
vn -0.789318 0.499065 -0.357647
vn -0.483741 0.370080 -0.793118
vn -0.602835 0.768658 -0.213906
vn -0.835393 0.136431 -0.532452
vn -0.900059 0.201583 -0.386339
vn -0.978023 0.143962 -0.150818
vn -0.985756 0.105976 -0.130594
vn -0.265236 0.531768 -0.804284
vn -0.668828 0.644063 -0.371284
vn -0.928238 0.254331 -0.271460
vn -0.786363 0.459741 -0.412641
vn -0.932870 0.321907 -0.161643
vn -0.474652 0.496959 -0.726455
vn -0.633697 0.617227 -0.466324
vn 0.388269 0.313840 -0.866459
vn -0.348501 0.731240 -0.586374
vn -0.468354 0.785952 -0.403639
vn -0.446156 0.864997 -0.229620
vn -0.991770 -0.034382 -0.123327
vn -0.935979 0.341455 -0.085742
vn -0.552782 0.833221 -0.013231
vn -0.580943 0.715990 -0.387123
vn -0.503881 0.719662 -0.477694
vn -0.479783 0.756297 -0.444774
vn -0.489146 0.746750 -0.450667
vn -0.551528 0.777808 -0.301383
vn -0.632615 0.753339 -0.179660
vn -0.816001 0.577586 0.023163
vn -0.927485 0.373616 -0.013536
vn -0.900450 0.418346 0.119060
vn -0.622040 0.582721 -0.522974
vn -0.612380 0.634641 -0.471403
vn -0.545399 0.794759 -0.266268
vn -0.747040 0.604194 -0.277272
vn -0.752221 0.585204 -0.302820
vn -0.586466 0.472135 -0.658139
vn 0.039746 0.638073 -0.768949
vn -0.485709 0.660991 -0.571995
vn -0.392483 0.832389 -0.391261
vn -0.376110 0.867813 -0.324719
vn -0.974054 0.173727 0.145042
vn -0.848819 0.506649 -0.151040
vn -0.484425 0.745365 -0.457999
vn -0.428825 0.814472 -0.390824
vn -0.896911 0.405851 0.175598
vn -0.772620 -0.501175 -0.389719
vn -0.809217 -0.529761 -0.254010
vn -0.918045 0.337681 0.207761
vn -0.186576 0.186425 -0.964591
vn -0.469293 0.621698 -0.627101
vn -0.657401 0.703035 -0.271231
vn -0.079873 0.757996 -0.647350
vn 0.303114 0.457799 -0.835789
vn -0.803367 -0.511787 -0.304427
vn 0.070053 0.616098 -0.784548
vn -0.488127 0.420923 -0.764562
vn -0.527469 0.775204 -0.347615
vn -0.451673 0.878463 -0.155866
vn -0.916339 0.372954 0.145699
vn -0.485627 -0.852813 -0.192031
vn -0.961659 0.270979 0.042217
vn -0.686060 0.593249 -0.421162
vn -0.453273 0.860504 -0.232544
vn -0.362274 0.926017 -0.106062
vn -0.535184 0.842724 -0.058263
vn -0.682503 -0.545362 -0.486589
vn -0.600530 -0.557701 -0.573004
vn -0.970718 0.229642 0.070499
vn -0.639575 0.679985 -0.358559
vn -0.699883 0.286026 -0.654487
vn -0.629346 0.644325 -0.434476
vn -0.822391 0.416989 -0.387031
vn -0.766583 0.622576 -0.157321
vn -0.956890 0.244571 -0.156671
vn -0.882138 0.346256 -0.319279
vn -0.708019 0.614551 -0.347904
vn -0.611770 0.772037 -0.172326
vn -0.988489 -0.147246 -0.034748
vn -0.768872 -0.455955 -0.448263
vn 0.018148 0.567063 -0.823474
vn -0.044954 0.570915 -0.819778
vn -0.777572 0.392722 -0.491071
vn -0.328776 0.892447 -0.308941
vn -0.357242 0.891752 -0.277770
vn -0.380171 0.893900 -0.237514
vn -0.344726 0.905338 -0.248046
vn -0.284154 0.424143 -0.859860
vn 0.380357 0.419562 -0.824194
vn -0.929527 -0.021623 -0.368121
vn -0.989734 0.025723 -0.140588
vn -0.999695 0.020857 -0.013230
vn -0.879918 0.329214 -0.342583
vn -0.495695 0.863851 0.089707
vn -0.758050 -0.593149 -0.271172
vn -0.569356 -0.647511 -0.506521
vn 0.171619 0.641484 -0.747693
vn 0.511790 0.482466 -0.710842
vn 0.464763 0.393447 -0.793218
vn -0.262242 0.810079 -0.524405
vn -0.607527 0.695820 -0.383075
vn -0.350539 0.908066 -0.229213
vn -0.215226 0.752114 -0.622898
vn 0.172689 0.319828 -0.931605
vn -0.168796 0.530111 -0.830957
vn -0.149495 0.734177 -0.662295
vn -0.684300 -0.003972 -0.729189
vn -0.813915 0.047183 -0.579065
vn -0.871717 0.111537 -0.477147
vn -0.952176 0.168580 -0.254837
vn -0.977587 0.196966 -0.074355
vn -0.934028 0.269177 0.234809
vn -0.969616 0.012347 -0.244321
vn -0.970817 0.221307 -0.092405
vn -0.821816 -0.421303 -0.383564
vn -0.725850 0.570819 -0.383807
vn 0.714427 0.218098 -0.664851
vn -0.645966 0.417329 -0.639191
vn -0.605515 0.752578 -0.258801
vn -0.546752 0.802249 -0.239704
vn -0.450741 0.849673 -0.273659
vn -0.389970 0.812724 -0.432900
vn -0.913392 0.067509 0.401445
vn -0.400631 -0.532124 -0.745881
vn -0.967772 -0.121037 -0.220831
vn -0.234110 0.837689 -0.493426
vn -0.026696 0.767012 -0.641077
vn 0.420615 0.547285 -0.723576
vn -0.722597 -0.093150 -0.684964
vn -0.832312 0.058571 -0.551204
vn -0.941076 0.098709 -0.323468
vn -0.924514 0.294285 -0.242217
vn -0.911433 0.300593 -0.280952
vn -0.788129 0.270445 -0.552913
vn -0.303242 0.610990 -0.731257
vn -0.564452 0.622678 -0.541909
vn -0.789437 0.169514 -0.589961
vn -0.959695 -0.195209 -0.202187
vn 0.042295 0.491744 -0.869712
vn 0.434165 0.489658 -0.756133
vn 0.046422 0.428945 -0.902137
vn 0.410839 0.413301 -0.812646
vn 0.707653 0.391001 -0.588511
vn -0.044434 0.543855 -0.838002
vn -0.824117 -0.123703 -0.552746
vn -0.940084 -0.084489 -0.330308
vn -0.973288 -0.191653 -0.126406
vn -0.979200 -0.198871 0.040218
vn -0.865651 -0.431754 0.253451
vn -0.631973 -0.755277 -0.173688
vn 0.489333 0.545373 -0.680530
vn -0.034968 0.433574 -0.900439
vn 0.512643 0.293629 -0.806833
vn -0.632378 -0.302896 -0.712989
vn -0.962582 -0.081503 -0.258443
vn -0.957638 -0.107191 -0.267281
vn -0.825918 -0.129226 -0.548781
vn -0.201680 0.493057 -0.846298
vn 0.531861 0.215542 -0.818942
vn 0.027970 0.518182 -0.854813
vn -0.628405 -0.222864 -0.745278
vn -0.875498 0.370651 -0.310035
vn -0.739366 0.206859 -0.640740
vn -0.801525 0.349522 -0.485173
vn -0.690658 0.132299 -0.710977
vn 0.393270 0.407908 -0.823984
vn -0.566099 -0.369654 -0.736809
vn -0.717364 -0.270940 -0.641857
vn -0.860125 -0.175497 -0.478943
vn -0.903959 -0.092426 -0.417512
vn -0.936279 -0.054528 -0.346999
vn 0.617914 0.270684 -0.738182
vn 0.010541 0.541123 -0.840877
vn -0.743882 -0.241608 -0.623109
vn -0.813114 -0.349313 -0.465645
vn -0.840240 -0.293191 -0.456108
vn -0.659155 -0.664917 -0.351284
vn -0.652923 -0.735261 -0.181885
vn -0.563543 -0.822319 -0.078807
vn -0.481296 -0.874987 0.052451
vn -0.544247 -0.827088 0.140430
vn -0.972028 0.212892 -0.099193
vn -0.561440 0.474258 -0.678133
vn -0.864584 0.468382 0.181969
vn -0.665126 0.245725 -0.705143
vn -0.952534 -0.095691 -0.289003
vn -0.628992 0.177012 -0.756991
vn -0.070775 0.479827 -0.874504
vn 0.454052 0.477198 -0.752409
vn -0.658949 -0.361045 -0.659873
vn -0.758065 -0.309578 -0.574020
vn -0.898740 -0.234668 -0.370401
vn -0.926240 -0.107526 -0.361271
vn -0.925500 -0.178664 -0.333959
vn -0.931243 -0.200653 -0.304180
vn -0.928753 -0.244617 -0.278533
vn -0.752320 -0.344485 -0.561555
vn 0.517935 0.353654 -0.778892
vn 0.483523 0.528152 -0.698041
vn 0.381681 0.644480 -0.662545
vn 0.367273 0.298214 -0.881010
vn -0.054453 -0.509268 -0.858884
vn -0.659906 0.333047 -0.673501
vn 0.068538 0.760328 -0.645914
vn -0.051585 0.373669 -0.926127
vn -0.567053 -0.353840 -0.743806
vn -0.249825 0.470881 -0.846084
vn -0.010782 0.556543 -0.830749
vn -0.139727 0.436288 -0.888892
vn -0.355973 -0.900309 -0.250452
vn -0.524128 -0.740891 -0.419964
vn -0.722960 0.438040 -0.534274
vn -0.355541 -0.899129 -0.255259
vn -0.637818 0.454975 -0.621439
vn -0.260998 0.553831 -0.790665
vn -0.884699 -0.316243 -0.342488
vn -0.908474 -0.294710 -0.296345
vn -0.909694 -0.268387 -0.316900
vn -0.905304 -0.258638 -0.336943
vn -0.866942 -0.336405 -0.367754
vn -0.645645 -0.432867 -0.629101
vn 0.368570 0.519187 -0.771103
vn 0.578098 0.396684 -0.713053
vn 0.231747 0.819816 -0.523636
vn 0.193201 0.578765 -0.792278
vn 0.575060 0.092881 -0.812821
vn -0.335339 -0.780741 -0.527250
vn -0.591754 -0.669735 -0.448644
vn -0.561404 -0.749674 -0.350448
vn -0.355588 -0.003244 -0.934637
vn -0.204148 -0.080250 -0.975645
vn 0.097305 0.161041 -0.982139
vn -0.505588 -0.443471 -0.740077
vn -0.894309 -0.325337 -0.307193
vn -0.170876 0.828564 -0.533182
vn -0.555280 -0.319506 -0.767841
vn -0.672871 -0.297284 -0.677397
vn -0.804114 -0.284514 -0.521969
vn 0.272118 -0.497620 -0.823605
vn -0.535686 -0.663373 -0.522472
vn -0.601588 -0.661431 -0.447884
vn -0.631033 -0.673732 -0.384556
vn -0.610628 0.293800 -0.735402
vn -0.593986 -0.696931 0.401831
vn 0.016039 -0.963769 -0.266257
vn -0.736890 -0.673804 -0.054607
vn -0.315462 -0.247543 -0.916082
vn -0.530452 -0.675204 -0.512563
vn -0.778974 0.239844 -0.579374
vn -0.950944 -0.293660 -0.097314
vn 0.372300 0.499773 -0.782061
vn -0.877701 -0.338098 -0.339604
vn -0.884219 -0.249906 -0.394593
vn 0.582060 0.059636 -0.810956
vn 0.114027 0.564537 -0.817493
vn -0.702412 -0.657640 -0.272262
vn -0.720116 -0.678903 -0.143260
vn -0.078826 0.358987 -0.930008
vn -0.916834 -0.152516 -0.368991
vn -0.674113 0.267581 -0.688457
vn -0.894105 -0.433579 -0.112182
vn -0.020490 0.737162 -0.675405
vn -0.638478 -0.290938 -0.712531
vn -0.712883 -0.330738 -0.618394
vn -0.765681 -0.221920 -0.603725
vn -0.855765 -0.265988 -0.443753
vn -0.920573 -0.267110 -0.284950
vn -0.919782 -0.265008 -0.289433
vn -0.898833 -0.257491 -0.354679
vn -0.851372 -0.311833 -0.421813
vn -0.508201 -0.377786 -0.773957
vn 0.034007 0.571171 -0.820127
vn 0.186413 0.571216 -0.799351
vn 0.636685 0.266774 -0.723508
vn -0.514765 -0.670430 -0.534360
vn -0.508437 -0.726830 -0.461746
vn -0.597871 -0.712091 -0.368072
vn -0.678040 -0.663586 -0.316094
vn -0.742079 -0.649099 -0.167301
vn -0.679767 -0.728886 -0.081497
vn -0.426600 0.063450 -0.902212
vn -0.457317 -0.754171 0.471262
vn -0.064128 0.498300 -0.864630
vn -0.804867 0.294436 -0.515264
vn -0.814680 -0.127291 -0.565768
vn 0.498037 0.301835 -0.812930
vn -0.691397 -0.715297 -0.101595
vn 0.292074 0.593594 -0.749893
vn -0.562975 -0.769358 -0.301907
vn -0.659405 -0.715323 -0.231295
vn -0.709818 -0.695607 0.110855
vn -0.939654 0.274879 -0.203696
vn -0.988955 0.044756 -0.141295
vn -0.962935 0.265177 0.049365
vn -0.382941 0.479928 -0.789319
vn -0.784874 -0.346590 -0.513661
vn -0.853771 -0.292369 -0.430807
vn -0.906741 -0.293883 -0.302413
vn -0.909262 -0.298945 -0.289610
vn -0.892565 -0.316318 -0.321357
vn -0.810967 -0.338307 -0.477369
vn -0.445014 0.174230 -0.878411
vn -0.487223 -0.681954 -0.545485
vn -0.521193 -0.755024 -0.397865
vn -0.626354 -0.738763 -0.248814
vn -0.684580 -0.674690 -0.275943
vn -0.629589 -0.741472 -0.232028
vn -0.701305 -0.703474 -0.115309
vn -0.812739 -0.581875 -0.029601
vn -0.857352 -0.512623 0.046523
vn -0.841574 -0.524856 0.127587
vn -0.796843 -0.573262 0.190818
vn -0.540406 -0.726787 -0.423960
vn -0.970285 -0.226756 -0.084431
vn -0.221295 0.631816 -0.742857
vn -0.629530 -0.376068 -0.679900
vn -0.735724 -0.391348 -0.552772
vn -0.176993 0.622314 -0.762495
vn -0.102446 0.550616 -0.828448
vn 0.399611 0.805455 -0.437669
vn -0.568464 -0.546864 -0.614646
vn -0.698346 -0.573930 -0.427688
vn -0.741402 -0.627622 -0.237515
vn -0.705595 -0.625919 -0.332207
vn -0.798683 -0.582773 -0.149936
vn -0.077237 -0.596730 0.798717
vn -0.898547 0.424859 -0.110040
vn -0.737988 -0.650789 -0.178459
vn -0.764620 -0.630700 -0.132565
vn -0.910891 0.364701 -0.193056
vn -0.910665 0.410732 -0.044583
vn -0.901236 0.433272 0.007044
vn -0.807219 -0.367450 -0.461928
vn 0.533534 0.098269 -0.840051
vn 0.062908 0.421444 -0.904670
vn 0.175481 0.820262 -0.544405
vn -0.801957 -0.401848 -0.442022
vn -0.792971 -0.564727 -0.228649
vn -0.754977 -0.600982 -0.262355
vn -0.816219 -0.476840 -0.326206
vn -0.860774 -0.476508 -0.178910
vn -0.840529 -0.540285 0.040045
vn -0.849457 -0.526047 0.041210
vn -0.802829 -0.554579 0.218878
vn -0.901131 0.425617 0.082542
vn -0.985467 -0.088766 0.144832
vn -0.926592 0.017604 -0.375657
vn -0.636065 -0.276640 -0.720342
vn -0.716232 -0.301476 -0.629384
vn -0.798737 -0.305843 -0.518150
vn -0.874192 -0.304203 -0.378483
vn -0.877391 -0.326413 -0.351624
vn -0.896198 -0.308873 -0.318476
vn -0.899448 -0.280097 -0.335467
vn 0.455063 0.423725 -0.783183
vn 0.024167 0.399888 -0.916245
vn 0.234107 0.463753 -0.854475
vn 0.096154 0.552966 -0.827637
vn 0.221365 0.834507 -0.504574
vn -0.616997 -0.413096 -0.669826
vn -0.688920 -0.383453 -0.615105
vn -0.843350 -0.422203 -0.332423
vn -0.836700 0.120905 -0.534149
vn 0.131092 0.485540 -0.864330
vn -0.935070 0.325501 -0.140331
vn 0.420947 0.331832 -0.844210
vn 0.367293 0.442959 -0.817853
vn 0.156004 0.857638 -0.490020
vn -0.855003 -0.513626 -0.071819
vn -0.846958 -0.530717 -0.031650
vn -0.781231 -0.624179 0.008914
vn -0.769624 -0.632092 0.090213
vn -0.681048 0.494931 -0.539645
vn 0.356681 0.377127 -0.854725
vn -0.684337 -0.180238 -0.706539
vn -0.841092 -0.184928 -0.508296
vn -0.900973 -0.161898 -0.402537
vn -0.919159 -0.157300 -0.361114
vn -0.944016 -0.172516 -0.281196
vn -0.947534 -0.143657 -0.285554
vn 0.044493 0.573692 -0.817862
vn -0.678442 -0.370996 -0.634096
vn -0.679600 -0.401489 -0.613963
vn -0.677980 -0.346870 -0.648092
vn -0.287459 0.885424 -0.365228
vn -0.712845 -0.345625 -0.610242
vn -0.784138 -0.333015 -0.523668
vn -0.858286 -0.344239 -0.380585
vn -0.860986 -0.365656 -0.353552
vn -0.890203 -0.334613 -0.309149
vn -0.892984 -0.370170 -0.256037
vn -0.922562 -0.372096 -0.102099
vn -0.944399 -0.328069 -0.021936
vn -0.918174 -0.384011 0.097426
vn -0.853389 -0.467035 0.231528
vn -0.851336 -0.463652 0.245466
vn -0.260748 0.577054 -0.773964
vn 0.372414 0.305328 -0.876403
vn -0.121625 0.612249 -0.781255
vn -0.585641 -0.369379 -0.721515
vn -0.818776 -0.382179 -0.428421
vn -0.859790 -0.364069 0.358071
vn -0.488706 -0.188014 -0.851949
vn -0.572094 -0.004211 -0.820177
vn -0.549390 -0.659801 -0.512672
vn -0.693952 -0.455051 -0.557996
vn -0.947804 -0.017341 -0.318382
vn -0.822786 -0.230743 -0.519405
vn -0.791256 -0.312171 -0.525797
vn -0.853516 -0.426354 -0.299554
vn -0.851430 -0.446330 -0.275420
vn -0.863410 -0.408240 -0.296418
vn -0.910322 -0.382927 -0.157101
vn -0.948275 -0.307708 -0.078044
vn -0.939497 -0.342548 0.002439
vn -0.954514 -0.293494 0.052584
vn -0.912992 -0.347602 0.213585
vn -0.890959 -0.362485 0.273490
vn -0.856782 -0.362639 0.366631
vn -0.542231 -0.033020 -0.839580
vn -0.737159 0.019239 -0.675446
vn -0.854026 0.056421 -0.517162
vn -0.906057 0.024053 -0.422471
vn -0.945194 0.008920 -0.326386
vn -0.329921 0.182289 -0.926241
vn 0.257651 0.706370 -0.659286
vn -0.009954 0.611127 -0.791470
vn 0.088340 0.516020 -0.852009
vn -0.657803 -0.315827 -0.683775
vn -0.724645 -0.260550 -0.637968
vn -0.712545 -0.309544 -0.629653
vn -0.779834 -0.221679 -0.585420
vn -0.851502 -0.373551 -0.367974
vn 0.559258 0.616469 -0.554253
vn -0.302493 0.516145 -0.801307
vn -0.371365 0.192837 -0.908241
vn 0.095657 0.731891 -0.674675
vn -0.022124 0.781952 -0.622946
vn -0.798728 -0.132954 -0.586819
vn -0.525951 0.646200 -0.552992
vn -0.598013 0.149055 -0.787504
vn -0.777806 0.160045 -0.607786
vn -0.820388 0.229478 -0.523740
vn -0.849057 0.244293 -0.468426
vn -0.908582 0.139841 -0.393604
vn -0.909454 -0.007543 -0.415736
vn -0.642829 -0.144352 -0.752285
vn -0.730228 -0.093648 -0.676755
vn -0.778735 -0.096347 -0.619911
vn -0.801852 -0.090536 -0.590623
vn -0.732537 -0.160689 -0.661489
vn -0.782456 -0.221355 -0.582034
vn -0.896368 -0.201366 -0.394937
vn -0.909188 -0.228942 -0.347798
vn -0.938982 -0.303198 -0.162432
vn -0.937188 -0.341156 -0.072740
vn 0.863476 0.422678 0.275231
vn -0.935073 -0.354432 0.004123
vn -0.908543 -0.414526 0.052136
vn -0.911501 -0.409541 0.037978
vn -0.887142 -0.437278 0.147533
vn -0.518107 0.827969 -0.214551
vn -0.168089 0.879844 -0.444546
vn -0.835293 -0.178999 -0.519851
vn -0.926382 -0.353517 0.129777
vn -0.883602 -0.381230 0.271865
vn 0.308500 0.556561 -0.771407
vn -0.851038 0.350248 -0.391230
vn -0.748603 0.401668 -0.527501
vn -0.608342 0.087265 -0.788863
vn -0.538875 -0.274280 -0.796482
vn -0.777403 -0.070177 -0.625075
vn -0.900272 -0.047739 -0.432702
vn -0.936690 -0.003769 -0.350139
vn -0.933604 0.088853 -0.347114
vn -0.931835 0.020582 -0.362298
vn -0.968535 0.043209 -0.245098
vn -0.985309 -0.079821 -0.150979
vn -0.990645 -0.117160 -0.069973
vn -0.985834 -0.166558 0.019723
vn -0.971430 -0.157300 0.177710
vn -0.805281 -0.523039 -0.279199
vn -0.970615 0.080808 -0.226663
vn -0.201649 0.182019 -0.962396
vn -0.163921 -0.610366 -0.774973
vn -0.583789 0.341863 -0.736424
vn -0.811360 0.320298 -0.488983
vn -0.743326 0.418456 -0.521882
vn -0.101036 -0.487090 -0.867488
vn -0.725558 0.000045 -0.688161
vn -0.782011 -0.023207 -0.622832
vn -0.746852 -0.066300 -0.661677
vn -0.703022 -0.106896 -0.703088
vn -0.697410 0.419154 -0.581316
vn 0.374318 0.752877 -0.541353
vn -0.195241 0.729499 -0.655524
vn -0.906907 0.155946 -0.391408
vn -0.851847 0.216886 -0.476778
vn -0.076953 0.602856 -0.794130
vn -0.839439 0.176525 -0.513985
vn -0.869099 0.130962 -0.476987
vn 0.448668 0.576574 -0.682831
vn -0.472494 0.391598 -0.789557
vn 0.619211 0.036849 -0.784360
vn 0.011803 0.584747 -0.811130
vn -0.061550 0.581925 -0.810910
vn 0.342337 0.389353 -0.855108
vn 0.546560 0.310692 -0.777652
vn -0.025119 0.668849 -0.742973
vn -0.018667 0.609807 -0.792330
vn 0.074964 0.518495 -0.851788
vn -0.127627 0.722546 -0.679440
vn -0.015503 0.793315 -0.608615
vn 0.531254 0.309776 -0.788548
vn 0.503346 0.139852 -0.852693
vn -0.130209 0.434241 -0.891336
vn 0.297069 0.748722 -0.592592
vn 0.557342 0.390780 -0.732571
vn 0.339834 0.326120 -0.882133
vn 0.609508 0.419757 -0.672535
vn 0.644203 0.399368 -0.652310
vn 0.176758 -0.020291 -0.984045
vn 0.176851 0.226079 -0.957921
vn 0.482372 0.190171 -0.855075
vn 0.066355 0.673147 -0.736526
vn 0.176018 0.604698 -0.776761
vn -0.329624 0.807454 -0.489251
vn 0.669128 0.342240 -0.659652
vn 0.606738 0.132634 -0.783758
vn -0.214416 -0.358002 -0.908769
vn 0.358511 0.622414 -0.695752
vn 0.448670 0.489865 -0.747481
vn -0.047619 0.877817 -0.476623
vn -0.305599 0.870685 -0.385379
vn 0.465857 0.059822 -0.882836
vn 0.643561 0.052770 -0.763573
vn -0.121905 0.544046 -0.830152
vn -0.333149 -0.639309 -0.693034
vn -0.054615 0.473665 -0.879010
vn -0.378970 0.508596 -0.773118
vn 0.465128 0.123761 -0.876550
vn 0.535309 0.097757 -0.838980
vn 0.436509 0.381478 -0.814821
vn 0.398523 0.476836 -0.783458
vn 0.267610 0.435816 -0.859331
vn 0.661481 0.028372 -0.749425
vn -0.272017 0.575037 -0.771582
vn -0.044712 0.407660 -0.912039
vn 0.140205 0.273958 -0.951467
vn 0.144605 0.826183 -0.544528
vn 0.353549 0.570710 -0.741143
vn -0.294940 0.764957 -0.572582
vn 0.398222 0.681665 -0.613802
vn -0.038856 0.644690 -0.763456
vn 0.075444 0.897292 -0.434943
vn 0.129983 -0.636833 -0.759966
vn 0.533577 0.503942 -0.679219
vn 0.184931 0.340274 -0.921962
vn 0.077817 0.500150 -0.862435
vn 0.015908 0.644859 -0.764136
vn -0.086575 0.415791 -0.905330
vn -0.247130 0.664211 -0.705514
vn 0.255556 0.498786 -0.828193
vn -0.195252 0.474182 -0.858503
vn 0.261588 -0.724509 -0.637698
vn 0.508143 0.148249 -0.848418
vn 0.158377 -0.823007 -0.545505
vn -0.591189 0.374680 -0.714220
vn -0.628571 0.427348 -0.649825
vn 0.104589 -0.694209 -0.712134
vn 0.320207 0.814623 -0.483587
vn 0.547386 0.295622 -0.782928
vn 0.015364 0.872054 -0.489168
vn 0.226204 0.602772 -0.765178
vn 0.183270 0.570705 -0.800443
vn -0.137516 0.739048 -0.659468
vn -0.590520 0.236360 -0.771635
vn -0.037923 0.511878 -0.858221
vn -0.016153 0.680110 -0.732932
vn -0.199076 0.916230 -0.347695
vn -0.178439 0.724849 -0.665397
vn 0.316165 -0.217313 -0.923480
vn -0.202902 0.416814 -0.886057
vn -0.070502 0.542876 -0.836848
vn 0.020498 0.522930 -0.852129
vn -0.046594 0.464324 -0.884439
vn -0.319556 0.653440 -0.686222
vn -0.268754 0.523040 -0.808827
vn -0.112168 0.512443 -0.851364
vn -0.228158 0.902990 -0.364079
vn 0.064377 0.467826 -0.881473
vn -0.099289 0.636017 -0.765261
vn -0.220096 0.877211 -0.426684
vn -0.643014 0.138653 -0.753199
vn -0.601624 0.135788 -0.787153
vn 0.652156 0.452484 -0.608236
vn -0.104282 0.592892 -0.798501
vn -0.092456 0.592056 -0.800576
vn -0.585935 0.409057 -0.699538
vn -0.624504 0.063556 -0.778431
vn 0.289440 0.800253 -0.525185
vn -0.264849 0.243085 -0.933148
vn -0.149716 0.636412 -0.756680
vn -0.141100 0.766859 -0.626113
vn 0.271736 0.796587 -0.540008
vn -0.162840 0.826935 -0.538202
vn -0.006055 0.320343 -0.947282
vn 0.221193 0.850433 -0.477323
vn -0.202317 0.700655 -0.684215
vn -0.450405 0.476426 -0.755086
vn -0.057908 0.677651 -0.733100
vn 0.216798 -0.111635 -0.969813
vn -0.250775 0.142531 -0.957495
vn 0.662687 0.327552 -0.673466
vn 0.445659 0.656626 -0.608466
vn 0.321897 0.522199 -0.789741
vn 0.312332 0.409103 -0.857370
vn -0.003409 0.285426 -0.958395
vn 0.131731 0.804632 -0.578977
vn 0.009322 0.336147 -0.941763
vn -0.284002 0.400384 -0.871226
vn 0.387228 0.449541 -0.804964
vn 0.287614 0.310483 -0.906023
vn 0.506153 0.592263 -0.626925
vn -0.135949 0.645031 -0.751966
vn 0.485955 0.388009 -0.783133
vn 0.107537 0.631991 -0.767479
vn 0.556965 0.479121 -0.678404
vn 0.041700 0.274570 -0.960663
vn -0.010414 0.603036 -0.797646
vn -0.248392 -0.671249 0.698374
vn -0.282852 0.830216 -0.480350
vn 0.172080 0.661698 -0.729756
vn 0.371185 0.424152 -0.826025
vn -0.232369 0.595231 -0.769223
vn -0.072640 0.638186 -0.766448
vn 0.164014 0.457702 -0.873847
vn 0.181552 0.749159 -0.637024
vn -0.145152 0.454888 -0.878640
vn -0.185421 0.872640 -0.451794
vn 0.019719 0.442154 -0.896722
vn -0.076115 0.722591 -0.687073
vn -0.334748 0.438956 -0.833823
vn -0.037742 0.617707 -0.785502
vn 0.097774 -0.726261 -0.680430
vn 0.560070 0.209778 -0.801446
vn -0.330796 0.488997 -0.807128
vn 0.047441 0.392590 -0.918489
vn 0.203025 0.714370 -0.669669
vn -0.330528 0.507670 -0.795627
vn 0.189264 0.651878 -0.734325
vn 0.366478 0.493525 -0.788750
vn -0.185520 0.610342 -0.770107
vn 0.598743 0.362954 -0.713983
vn 0.514571 -0.056154 -0.855607
vn -0.382369 0.855739 -0.348574
vn -0.484924 0.766792 -0.420570
vn 0.107432 0.677757 -0.727396
vn 0.417750 0.751107 -0.511199
vn 0.337274 0.789253 -0.513153
vn 0.693671 0.556068 -0.457831
vn -0.244367 0.876991 -0.413729
vn 0.116453 0.681705 -0.722300
vn -0.224127 0.194187 -0.955018
vn 0.048796 0.287350 -0.956582
vn 0.452170 0.364497 -0.814054
vn 0.434454 0.235128 -0.869462
vn 0.840288 0.076011 -0.536785
vn -0.161437 0.620397 -0.767493
vn -0.406824 0.478527 -0.778143
vn 0.170215 0.187112 -0.967479
vn 0.128281 -0.606718 -0.784498
vn 0.408042 0.765115 -0.498098
vn 0.413412 0.298609 -0.860188
vn -0.077815 0.641904 -0.762826
vn 0.267797 0.731637 -0.626891
vn 0.149119 0.622387 -0.768373
vn 0.466391 0.374466 -0.801408
vn 0.483070 0.252033 -0.838524
vn -0.383707 0.561898 -0.732830
vn 0.630893 0.506570 -0.587675
vn -0.417401 0.587327 -0.693414
vn 0.171592 -0.030905 -0.984683
vn 0.283753 0.374955 -0.882549
vn 0.170579 0.495382 -0.851763
vn -0.076768 0.638091 -0.766124
vn -0.573636 -0.366371 -0.732608
vn 0.216883 0.782849 -0.583189
vn 0.519196 0.173833 -0.836790
vn 0.561592 0.080048 -0.823533
vn 0.029347 0.440870 -0.897091
vn 0.686876 0.175856 -0.705178
vn -0.207488 0.603171 -0.770151
vn -0.125881 0.730465 -0.671249
vn 0.406090 0.093074 -0.909081
vn 0.415329 0.683154 -0.600669
vn -0.067749 0.255273 -0.964492
vn 0.625610 0.225402 -0.746864
vn 0.669748 0.157995 -0.725586
vn 0.716475 0.594219 -0.365467
vn 0.132431 0.255636 -0.957660
vn 0.052496 0.553285 -0.831336
vn 0.289107 0.706405 -0.646072
vn 0.412224 0.328260 -0.849892
vn 0.613503 0.325348 -0.719557
vn 0.070533 0.320330 -0.944676
vn -0.310146 0.742402 -0.593842
vn -0.317923 0.674215 -0.666602
vn 0.221913 -0.237611 -0.945672
vn 0.330378 0.666348 -0.668454
vn -0.034302 0.613645 -0.788837
vn 0.536259 0.290110 -0.792630
vn 0.741053 0.347680 -0.574421
vn 0.712047 0.456883 -0.533148
vn 0.015060 0.471916 -0.881515
vn 0.000000 1.000000 0.000000
vn -0.177307 0.884984 -0.430541
vn -0.565652 -0.330389 -0.755567
vn 0.155182 0.889411 -0.429960
vn 0.562397 0.378718 -0.735039
vn 0.399506 0.815071 -0.419588
vn 0.017711 0.498186 -0.866889
vn -0.046950 0.931557 -0.360552
vn -0.035667 0.911850 -0.408970
vn -0.042046 0.935200 -0.351614
vn 0.026192 0.943137 -0.331372
vn 0.085976 0.925492 -0.368881
vn 0.134687 0.906510 -0.400123
vn 0.208205 0.896770 -0.390453
vn -0.096761 0.357197 -0.929004
vn 0.428930 0.233585 -0.872615
vn 0.503569 0.244960 -0.828500
vn 0.442773 0.771192 -0.457400
vn 0.171598 0.940192 -0.294266
vn 0.620814 0.676079 -0.396872
vn 0.243505 0.795305 -0.555153
vn -0.209392 0.930707 -0.299901
vn -0.146868 0.937120 -0.316600
vn 0.001606 0.889853 -0.456245
vn 0.045372 0.161719 -0.985793
vn 0.394593 0.190265 -0.898941
vn 0.319648 0.571804 -0.755556
vn 0.486061 0.612847 -0.623028
vn 0.327526 0.300743 -0.895701
vn -0.228005 0.905320 -0.358342
vn -0.279884 0.911298 -0.301995
vn -0.267527 0.895761 -0.355022
vn 0.414817 0.814226 -0.406157
vn 0.357104 -0.488202 -0.796326
vn -0.277858 0.707042 -0.650298
vn 0.111997 0.595541 -0.795480
vn -0.074742 0.824334 -0.561149
vn 0.085780 0.852950 -0.514897
vn -0.183393 0.928246 -0.323616
vn -0.233073 0.882061 -0.409446
vn -0.133396 0.894340 -0.427038
vn 0.029310 0.865854 -0.499437
vn 0.010142 0.844506 -0.535451
vn -0.036972 0.843198 -0.536330
vn 0.095866 0.860780 -0.499868
vn 0.269422 0.843005 -0.465569
vn 0.362673 0.805762 -0.468205
vn 0.136616 0.137925 -0.980975
vn 0.074747 0.918636 -0.387970
vn 0.142028 0.921088 -0.362525
vn 0.209411 0.927709 -0.309034
vn 0.029923 0.265081 -0.963762
vn 0.399904 0.692695 -0.600209
vn 0.193460 0.891445 -0.409754
vn -0.283289 0.824090 -0.490533
vn 0.190605 0.805933 -0.560483
vn 0.301302 0.789868 -0.534159
vn 0.113180 -0.794757 -0.596281
vn 0.175005 -0.865675 -0.469020
vn 0.073590 -0.913166 -0.400890
vn 0.032346 -0.960736 -0.275572
vn 0.072817 -0.613500 -0.786331
vn 0.438585 -0.830896 -0.342424
vn 0.377653 -0.758471 -0.531131
vn 0.273397 -0.584865 -0.763667
vn 0.087872 -0.536585 -0.839259
vn 0.138427 -0.066985 -0.988105
vn -0.396673 -0.521633 -0.755348
vn -0.222443 -0.610587 -0.760067
vn -0.492228 -0.243664 -0.835667
vn -0.495847 -0.305046 -0.813070
vn 0.197864 -0.319282 -0.926773
vn 0.167921 -0.269316 -0.948299
vn 0.175863 -0.303363 -0.936506
vn 0.222142 -0.141924 -0.964630
vn 0.116400 -0.101151 -0.988038
vn 0.107852 -0.142518 -0.983899
vn 0.117369 -0.162822 -0.979650
vn 0.112148 -0.162389 -0.980333
vn 0.187649 -0.173934 -0.966714
vn -0.366579 0.167841 -0.915123
vn -0.319564 0.172468 -0.931737
vn -0.402305 0.222045 -0.888171
vn -0.505369 -0.411890 -0.758254
vn -0.456502 -0.126097 -0.880741
vn -0.463725 -0.174232 -0.868678
vn -0.890052 -0.111048 -0.442127
vn 0.290220 -0.754951 -0.588065
vn -0.193237 -0.535214 -0.822317
vn -0.465358 -0.144981 -0.873168
vn -0.402635 0.234553 -0.884800
vn -0.760306 0.248274 -0.600246
vn 0.291873 -0.892560 -0.343724
vn 0.209985 -0.813607 -0.542172
vn 0.235979 -0.791791 -0.563366
vn -0.286645 -0.529780 -0.798228
vn -0.617187 0.275444 -0.737029
vn 0.302358 -0.347190 -0.887715
vn 0.126907 -0.202932 -0.970934
vn 0.121628 -0.119605 -0.985343
vn 0.150977 -0.222270 -0.963225
vn 0.134400 -0.168285 -0.976533
vn 0.140222 -0.105137 -0.984522
vn 0.095476 -0.101571 -0.990236
vn 0.144697 -0.056726 -0.987849
vn 0.209988 -0.041107 -0.976839
vn 0.230621 -0.044602 -0.972021
vn 0.166362 0.048759 -0.984859
vn 0.104971 0.124743 -0.986621
vn -0.513189 0.446282 -0.733123
vn -0.818071 0.291366 -0.495848
vn 0.372940 -0.802645 -0.465484
vn 0.261916 -0.838871 -0.477174
vn 0.237143 -0.737970 -0.631794
vn 0.142759 -0.663295 -0.734615
vn 0.273642 -0.616167 -0.738551
vn 0.201292 0.661187 0.722713
vn 0.110862 -0.360644 -0.926091
vn 0.063928 -0.364579 -0.928976
vn 0.191015 -0.644773 0.740123
vn -0.276472 0.359793 -0.891130
vn -0.321353 0.385555 -0.864916
vn -0.438987 0.381439 -0.813507
vn 0.167245 -0.553550 -0.815850
vn 0.155305 -0.521306 -0.839119
vn 0.304645 -0.341482 -0.889146
vn 0.131865 -0.425123 -0.895479
vn 0.105487 -0.486363 -0.867366
vn 0.183362 -0.538406 -0.822495
vn 0.106087 -0.643512 -0.758049
vn 0.126576 -0.545425 -0.828547
vn 0.055043 -0.654921 -0.753690
vn 0.065938 -0.447055 -0.892073
vn 0.180484 -0.307045 -0.934424
vn 0.222560 -0.373774 -0.900422
vn -0.043519 -0.359824 -0.932005
vn -0.026430 -0.053200 -0.998234
vn -0.024683 0.220200 -0.975142
vn -0.180838 -0.039800 -0.982707
vn -0.420749 -0.165725 -0.891911
vn -0.256375 0.272889 -0.927256
vn -0.555654 0.174469 -0.812902
vn 0.289403 -0.601947 -0.744248
vn 0.114147 -0.684476 -0.720044
vn 0.041597 -0.629389 -0.775976
vn -0.026106 -0.690632 -0.722735
vn -0.018928 -0.601000 -0.799025
vn -0.431669 0.358113 -0.827899
vn -0.308227 0.431821 -0.847659
vn -0.180158 0.147122 -0.972573
vn -0.157479 0.158080 -0.974788
vn -0.159125 0.214135 -0.963756
vn -0.556376 0.122382 -0.821869
vn -0.143905 0.261617 -0.954384
vn 0.424546 -0.720677 -0.548074
vn 0.355953 -0.629774 -0.690422
vn 0.243012 -0.498596 -0.832074
vn 0.138682 -0.408491 -0.902165
vn 0.170348 -0.383979 -0.907492
vn 0.349482 -0.510584 -0.785599
vn -0.026211 0.206153 -0.978169
vn 0.454271 -0.203073 -0.867410
vn 0.200256 -0.682345 -0.703067
vn 0.149987 -0.673789 -0.723542
vn -0.107872 0.422590 -0.899879
vn -0.169949 0.601375 -0.780682
vn -0.370707 -0.024683 -0.928422
vn 0.036548 0.128012 -0.991099
vn -0.359482 -0.495667 -0.790624
vn -0.355955 0.293235 -0.887304
vn -0.318081 0.339356 -0.885247
vn -0.382862 0.352707 -0.853823
vn 0.015709 0.154958 -0.987796
vn -0.121774 0.220478 -0.967760
vn -0.538234 -0.030515 -0.842243
vn -0.325504 0.278303 -0.903656
vn -0.288030 0.229761 -0.929650
vn 0.425116 -0.629734 -0.650162
vn 0.494030 -0.485669 -0.721152
vn 0.402951 -0.464572 -0.788545
vn 0.477667 -0.429473 -0.766412
vn 0.352314 -0.435601 -0.828328
vn 0.180005 -0.521822 -0.833847
vn 0.109073 -0.553762 -0.825500
vn 0.195754 -0.520752 -0.830962
vn 0.270091 -0.447780 -0.852375
vn 0.163590 -0.346517 -0.923669
vn 0.104759 -0.400200 -0.910421
vn 0.030275 -0.397421 -0.917137
vn -0.010090 -0.478520 -0.878019
vn -0.072945 -0.531907 -0.843655
vn -0.207393 -0.485001 -0.849566
vn -0.318562 -0.353610 -0.879476
vn -0.324686 -0.109664 -0.939443
vn -0.497395 0.063387 -0.865206
vn -0.289821 0.106172 -0.951174
vn -0.381396 -0.389245 -0.838466
vn -0.361678 0.069096 -0.929739
vn 0.226206 -0.412321 -0.882509
vn 0.107896 -0.275527 -0.955219
vn 0.128845 -0.232364 -0.964057
vn 0.245955 -0.395848 -0.884766
vn -0.456613 0.160417 -0.875084
vn 0.458696 -0.548885 -0.698801
vn 0.249673 -0.421544 -0.871759
vn 0.048527 -0.289835 -0.955846
vn 0.070956 -0.388770 -0.918599
vn 0.034379 -0.497232 -0.866936
vn -0.030057 -0.443922 -0.895561
vn -0.118491 -0.463568 -0.878103
vn -0.311600 -0.950206 -0.003635
vn -0.379622 0.235052 -0.894784
vn -0.346881 0.128417 -0.929076
vn -0.369985 0.150997 -0.916685
vn -0.492802 0.151327 -0.856882
vn -0.559806 0.398747 -0.726373
vn -0.388001 0.286249 -0.876080
vn -0.239672 -0.441261 -0.864781
vn 0.186980 -0.914057 0.359915
vn -0.500897 0.303115 -0.810693
vn 0.993764 -0.013254 -0.110713
vn 0.507626 -0.567791 -0.648020
vn 0.437611 -0.487827 -0.755329
vn 0.365216 -0.486720 -0.793549
vn 0.237608 -0.421041 -0.875367
vn 0.347641 -0.349400 -0.870095
vn 0.240035 -0.337937 -0.910045
vn 0.162616 -0.319997 -0.933358
vn 0.168237 -0.189531 -0.967354
vn 0.186467 -0.143722 -0.971892
vn 0.203363 -0.222468 -0.953494
vn 0.184160 -0.304480 -0.934547
vn 0.160886 -0.366336 -0.916468
vn 0.066508 -0.388450 -0.919067
vn -0.065985 -0.465882 -0.882383
vn -0.203166 -0.425582 -0.881818
vn -0.338594 -0.402118 -0.850679
vn -0.481775 -0.345996 -0.805096
vn -0.554623 -0.277537 -0.784453
vn -0.042364 -0.019044 -0.998921
vn -0.014058 -0.608622 -0.793335
vn -0.682842 -0.066177 -0.727563
vn 0.295158 -0.159284 -0.942078
vn 0.233064 -0.289113 -0.928491
vn 0.121808 -0.068308 -0.990200
vn 0.024504 0.001105 -0.999699
vn -0.277927 0.489842 -0.826324
vn -0.683183 -0.692822 0.230779
vn -0.292540 0.374112 -0.880034
vn -0.000302 0.181503 -0.983390
vn 0.004984 -0.010036 -0.999937
vn -0.248469 -0.064657 -0.966480
vn -0.418188 -0.102579 -0.902550
vn -0.493172 -0.342532 -0.799658
vn 0.550764 -0.459177 -0.697004
vn 0.698441 -0.283086 -0.657300
vn 0.261342 -0.384637 -0.885299
vn 0.242467 -0.226788 -0.943280
vn 0.244803 -0.152144 -0.957561
vn 0.157912 -0.130181 -0.978834
vn 0.119891 -0.257934 -0.958695
vn 0.207753 -0.297714 -0.931775
vn 0.235070 -0.311345 -0.920764
vn 0.195471 -0.297265 -0.934572
vn 0.173200 -0.278256 -0.944762
vn 0.128706 -0.250503 -0.959522
vn -0.046856 -0.378451 -0.924435
vn -0.234855 -0.422803 -0.875261
vn -0.421692 -0.405321 -0.811105
vn -0.516250 -0.342115 -0.785139
vn -0.499271 -0.071138 -0.863520
vn -0.046218 -0.691311 -0.721078
vn 0.392615 -0.112718 -0.912770
vn 0.427548 -0.165478 -0.888718
vn 0.327441 -0.132444 -0.935543
vn 0.199476 -0.331221 -0.922227
vn -0.336169 -0.258805 -0.905544
vn -0.427309 0.422325 -0.799405
vn -0.385556 -0.407950 -0.827601
vn 0.555646 -0.243378 -0.795000
vn 0.324332 -0.016643 -0.945797
vn 0.149342 0.122815 -0.981129
vn 0.047588 0.224459 -0.973321
vn 0.389709 -0.168022 0.905481
vn 0.422617 -0.032010 -0.905743
vn -0.108334 -0.900875 -0.420343
vn 0.185238 -0.151407 -0.970960
vn 0.062162 -0.344294 -0.936802
vn -0.038788 -0.436285 -0.898972
vn -0.491465 -0.427168 -0.758939
vn -0.340791 -0.118685 -0.932617
vn 0.056668 -0.132069 -0.989619
vn 0.054531 -0.145538 -0.987849
vn -0.132612 -0.197747 -0.971241
vn -0.290094 -0.247078 -0.924553
vn -0.486829 -0.253767 -0.835823
vn -0.347621 -0.523691 0.777758
vn -0.317242 -0.641716 0.698254
vn -0.506449 0.218959 -0.834006
vn 0.410242 0.052012 -0.910492
vn 0.348648 0.024754 -0.936927
vn 0.268352 -0.053418 -0.961839
vn 0.222393 -0.049906 -0.973679
vn 0.278158 -0.100412 -0.955272
vn 0.286159 -0.240128 -0.927605
vn 0.247833 -0.306476 -0.919049
vn 0.187223 -0.330383 -0.925092
vn 0.121586 -0.310703 -0.942698
vn 0.092869 -0.266603 -0.959322
vn 0.169684 -0.314030 -0.934127
vn 0.108681 -0.341103 -0.933722
vn -0.154772 -0.334950 -0.929437
vn -0.352686 -0.397032 -0.847336
vn -0.467487 -0.373651 -0.801150
vn 0.163818 -0.485255 -0.858890
vn -0.203197 0.139407 -0.969163
vn -0.030052 0.346413 -0.937600
vn 0.339239 0.064466 -0.938489
vn 0.176223 -0.376094 -0.909670
vn 0.065139 -0.347337 -0.935475
vn 0.248641 0.133195 -0.959394
vn -0.286478 -0.300813 -0.909638
vn 0.030698 -0.253796 -0.966771
vn 0.086736 -0.214815 -0.972796
vn -0.036907 -0.261347 -0.964539
vn -0.345728 -0.255715 -0.902819
vn -0.571193 -0.241984 -0.784336
vn -0.022361 -0.649451 -0.760075
vn -0.322192 -0.346611 -0.880939
vn 0.429823 -0.067684 -0.900373
vn 0.367294 -0.156335 -0.916872
vn 0.286260 -0.161549 -0.944435
vn 0.253208 -0.176480 -0.951178
vn 0.275873 -0.296405 -0.914351
vn 0.314004 -0.217932 -0.924071
vn 0.318993 -0.194062 -0.927676
vn 0.258039 -0.218259 -0.941158
vn 0.222354 -0.340914 -0.913420
vn 0.194998 -0.147932 -0.969584
vn 0.133432 -0.100354 -0.985964
vn 0.160824 -0.219665 -0.962228
vn 0.125273 -0.237083 -0.963379
vn -0.149830 -0.320151 -0.935443
vn -0.369213 -0.323666 -0.871161
vn -0.493082 -0.312778 -0.811813
vn -0.119179 -0.732226 -0.670553
vn -0.499540 -0.253514 -0.828366
vn -0.115192 0.245896 -0.962427
vn 0.279447 -0.857557 0.431864
vn -0.017330 -0.638898 -0.769096
vn -0.098835 0.171829 -0.980156
vn -0.389381 -0.191371 -0.900977
vn 0.306627 -0.224213 -0.925045
vn -0.372696 -0.511837 -0.774029
vn -0.098591 -0.464631 -0.879999
vn 0.048492 -0.355998 -0.933228
vn -0.115386 -0.315419 -0.941911
vn -0.528400 -0.788062 0.315836
vn -0.187146 0.231043 -0.954775
vn -0.422228 0.352490 -0.835149
vn 0.437158 -0.216623 -0.872908
vn 0.245489 -0.052391 -0.967983
vn 0.179051 -0.066085 -0.981618
vn 0.183971 -0.066598 -0.980673
vn 0.157774 -0.103665 -0.982019
vn 0.222996 -0.147750 -0.963557
vn 0.225113 -0.205689 -0.952374
vn -0.076732 -0.330027 -0.940848
vn -0.354468 -0.369946 -0.858774
vn -0.471168 -0.364558 -0.803180
vn -0.408003 -0.293895 -0.864384
vn -0.525708 -0.242670 -0.815317
vn -0.637250 -0.205494 -0.742755
vn -0.563956 -0.439513 -0.699129
vn -0.658621 -0.362191 -0.659572
vn -0.375265 -0.714956 -0.589927
vn -0.207052 -0.836035 -0.508110
vn -0.289285 -0.895708 -0.337670
vn -0.399915 0.353869 -0.845485
vn 0.694903 -0.125644 -0.708041
vn 0.641781 -0.149060 -0.752262
vn 0.446022 -0.148119 -0.882681
vn 0.354207 -0.151266 -0.922852
vn 0.284408 -0.182271 -0.941217
vn 0.260698 -0.177864 -0.948895
vn 0.285591 -0.109965 -0.952022
vn 0.311264 -0.134460 -0.940763
vn 0.270265 -0.042269 -0.961858
vn 0.028820 -0.225951 -0.973712
vn -0.562435 -0.379015 -0.734857
vn -0.164522 -0.401264 -0.901066
vn 0.006928 -0.431348 -0.902159
vn -0.049886 -0.386148 -0.921087
vn -0.238147 -0.361603 -0.901404
vn -0.234724 -0.785253 -0.572960
vn -0.315142 0.370184 -0.873870
vn -0.284858 -0.623719 0.727894
vn -0.438381 -0.295665 -0.848766
vn -0.095322 -0.501082 -0.860134
vn 0.269048 0.120939 -0.955503
vn 0.177039 -0.222041 -0.958830
vn -0.233122 -0.330983 -0.914387
vn -0.080570 -0.397585 -0.914021
vn 0.026773 -0.424964 -0.904814
vn -0.156832 -0.402112 -0.902059
vn -0.333710 -0.326937 -0.884166
vn -0.425226 -0.374107 -0.824152
vn -0.416374 -0.487059 -0.767728
vn -0.404229 -0.475691 -0.781228
vn -0.213712 -0.737630 -0.640491
vn -0.224818 -0.763565 -0.605330
vn -0.328778 -0.717897 -0.613620
vn -0.438059 -0.684771 -0.582403
vn -0.537366 -0.001364 -0.843348
vn 0.022620 -0.555570 -0.831162
vn 0.639321 -0.158761 -0.752372
vn 0.575635 -0.026201 -0.817287
vn 0.446849 0.005840 -0.894590
vn 0.388294 -0.056149 -0.919823
vn 0.415159 -0.011162 -0.909680
vn 0.237003 -0.126887 -0.963187
vn 0.223290 -0.164506 -0.960770
vn 0.297905 -0.167273 -0.939826
vn 0.210487 -0.238026 -0.948177
vn 0.226808 -0.135144 -0.964518
vn 0.242602 -0.125664 -0.961952
vn 0.208075 -0.155202 -0.965721
vn 0.253940 -0.206149 -0.944996
vn 0.340131 -0.196700 -0.919576
vn 0.216726 -0.187427 -0.958071
vn 0.022252 -0.156934 -0.987358
vn -0.228881 -0.239154 -0.943620
vn -0.371910 -0.312085 -0.874234
vn -0.483997 -0.332849 -0.809295
vn -0.210601 -0.756677 -0.618941
vn -0.378506 -0.726088 -0.574047
vn 0.256360 -0.869283 -0.422643
vn 0.596114 -0.237692 -0.766910
vn 0.257900 -0.304963 -0.916780
vn -0.547201 -0.815261 0.189529
vn -0.482615 -0.417286 -0.770036
vn -0.094916 -0.428696 -0.898449
vn 0.048394 -0.448393 -0.892525
vn -0.204302 -0.376007 -0.903814
vn -0.261100 -0.385728 -0.884896
vn -0.222972 -0.534371 -0.815310
vn -0.098540 -0.718081 -0.688948
vn -0.138722 -0.794643 -0.591014
vn -0.145971 -0.786349 -0.600289
vn -0.280245 -0.766005 -0.578532
vn -0.344450 -0.562337 0.751752
vn -0.408262 0.355548 -0.840778
vn -0.411980 0.336349 -0.846842
vn 0.336022 -0.104259 -0.936066
vn 0.389653 -0.212050 -0.896217
vn 0.207175 -0.312324 -0.927110
vn 0.183008 -0.207275 -0.961013
vn 0.190758 -0.205195 -0.959951
vn 0.205144 -0.173392 -0.963250
vn 0.239765 -0.195369 -0.950970
vn 0.278872 -0.215612 -0.935811
vn 0.153717 -0.095223 -0.983516
vn 0.054069 -0.062317 -0.996591
vn -0.096273 -0.110885 -0.989159
vn -0.341070 -0.229343 -0.911632
vn -0.537908 -0.194736 -0.820203
vn -0.649887 -0.537286 0.537559
vn -0.001630 -0.367215 -0.930135
vn -0.061474 -0.549663 -0.833121
vn 0.051590 -0.597411 -0.800274
vn -0.117977 -0.702306 -0.702031
vn -0.282577 -0.695261 -0.660880
vn -0.409398 -0.700904 -0.584060
vn -0.448169 -0.707680 -0.546200
vn -0.497756 -0.696124 -0.517349
vn 0.544098 0.005479 -0.839004
vn 0.455284 0.093308 -0.885443
vn 0.476422 0.137074 -0.868466
vn 0.422924 0.110945 -0.899348
vn 0.421125 0.094435 -0.902073
vn 0.409245 0.084378 -0.908514
vn 0.232002 -0.148179 -0.961363
vn -0.633165 -0.314036 -0.707449
vn -0.146251 -0.418110 -0.896546
vn -0.006622 -0.258711 -0.965932
vn -0.208055 -0.307839 -0.928412
vn -0.994018 0.093150 0.057029
vn -0.476910 -0.703691 -0.526665
vn -0.472004 -0.731786 -0.491631
vn 0.226421 -0.101985 -0.968676
vn -0.115203 -0.299514 -0.947111
vn -0.166905 -0.403641 -0.899565
vn 0.012945 -0.490391 -0.871406
vn 0.099966 -0.544838 -0.832561
vn -0.052386 -0.548960 -0.834205
vn -0.239100 -0.538898 -0.807726
vn -0.367470 -0.606573 -0.705007
vn -0.410441 -0.690284 -0.595857
vn -0.484166 -0.652159 -0.583329
vn -0.052450 -0.549738 -0.833689
vn 0.497807 0.053934 -0.865609
vn 0.427988 0.052972 -0.902231
vn 0.428967 0.118614 -0.895499
vn 0.450288 0.059619 -0.890891
vn 0.447304 0.035036 -0.893695
vn 0.463012 0.008771 -0.886309
vn 0.464779 -0.005425 -0.885410
vn 0.211589 0.040337 -0.976526
vn 0.222849 -0.028111 -0.974448
vn 0.222985 -0.054931 -0.973273
vn 0.245703 -0.127922 -0.960867
vn 0.243109 -0.138892 -0.960004
vn 0.150685 -0.040891 -0.987736
vn 0.116303 -0.029367 -0.992780
vn 0.050819 -0.030295 -0.998248
vn -0.110064 -0.027820 -0.993535
vn -0.363724 -0.070828 -0.928810
vn -0.546665 -0.134373 -0.826499
vn -0.352368 -0.419334 -0.836657
vn 0.134123 -0.554751 -0.821135
vn 0.075824 -0.547407 -0.833424
vn -0.087370 -0.492909 -0.865683
vn -0.185804 -0.466768 -0.864642
vn -0.467103 -0.598262 -0.651074
vn -0.531277 -0.601393 -0.596716
vn -0.586385 0.102288 -0.803548
vn 0.171583 -0.108677 -0.979157
vn -0.486260 -0.060046 -0.871748
vn -0.706863 -0.207125 -0.676346
vn -0.115013 -0.267209 -0.956750
vn -0.035003 -0.272391 -0.961550
vn -0.061995 -0.301422 -0.951473
vn -0.052476 -0.431703 -0.900488
vn 0.089391 -0.502995 -0.859654
vn 0.011477 -0.430293 -0.902616
vn -0.159801 -0.359354 -0.919417
vn -0.208403 -0.357151 -0.910501
vn -0.267441 -0.421559 -0.866466
vn -0.388915 -0.392142 -0.833648
vn -0.496895 -0.487793 -0.717742
vn -0.591749 -0.501693 -0.630981
vn -0.581724 -0.576818 -0.573480
vn 0.465644 0.021757 -0.884705
vn 0.418829 0.040638 -0.907155
vn 0.429469 0.082771 -0.899281
vn 0.362545 0.109397 -0.925523
vn 0.272854 0.075709 -0.959072
vn 0.318914 -0.025483 -0.947441
vn 0.304648 -0.098921 -0.947314
vn 0.240810 -0.084656 -0.966873
vn 0.124853 -0.044787 -0.991164
vn 0.128732 -0.028024 -0.991283
vn 0.135042 -0.060418 -0.988996
vn 0.006083 -0.039427 -0.999204
vn -0.078287 0.012724 -0.996850
vn -0.331374 0.024989 -0.943169
vn -0.283780 -0.339670 -0.896712
vn -0.574426 -0.417008 -0.704371
vn 0.453432 0.031539 -0.890733
vn 0.460742 0.021138 -0.887282
vn 0.262948 0.113571 -0.958102
vn -0.718642 -0.379625 -0.582613
vn -0.072363 -0.367921 -0.927037
vn -0.063766 -0.350666 -0.934327
vn -0.003537 -0.342006 -0.939691
vn 0.049896 -0.405900 -0.912554
vn 0.096433 -0.441617 -0.892006
vn -0.025116 -0.452418 -0.891452
vn -0.228897 -0.287411 -0.930054
vn -0.229891 -0.229559 -0.945755
vn -0.294846 -0.246089 -0.923313
vn -0.432681 -0.309319 -0.846823
vn -0.664840 -0.355203 -0.657129
vn -0.340499 -0.478379 -0.809453
vn 0.088935 -0.397360 -0.913343
vn -0.045017 -0.289206 -0.956208
vn -0.210368 -0.365573 -0.906698
vn -0.353897 -0.233171 -0.905753
vn 0.504530 0.027010 -0.862972
vn -0.189540 0.397452 -0.897835
vn 0.463789 0.092529 -0.881100
vn 0.419567 0.076435 -0.904500
vn 0.414579 0.108595 -0.903511
vn 0.358386 0.123599 -0.925355
vn 0.318320 0.093125 -0.943398
vn 0.378538 0.086744 -0.921512
vn 0.389969 0.062667 -0.918693
vn 0.258491 0.073146 -0.963240
vn 0.149794 0.050416 -0.987431
vn 0.120385 0.062498 -0.990758
vn -0.006269 0.032974 -0.999437
vn -0.153030 0.099895 -0.983160
vn -0.302223 0.111590 -0.946683
vn -0.168477 0.335554 0.926833
vn 0.135396 -0.427014 -0.894051
vn 0.233507 -0.473555 -0.849247
vn 0.369233 0.023793 -0.929032
vn -0.419962 0.204704 -0.884154
vn 0.629567 -0.053586 -0.775096
vn -0.369791 -0.229097 -0.900427
vn -0.116569 -0.279716 -0.952980
vn 0.023768 -0.322574 -0.946246
vn 0.090710 -0.272456 -0.957883
vn 0.007040 -0.126396 -0.991955
vn -0.093017 -0.074420 -0.992879
vn -0.278808 -0.118356 -0.953026
vn -0.378180 -0.101696 -0.920129
vn -0.256220 -0.093969 -0.962040
vn -0.261922 -0.072315 -0.962376
vn -0.368924 -0.099361 -0.924133
vn -0.489131 -0.176440 -0.854178
vn -0.442535 0.314252 -0.839886
vn -0.154772 0.344085 -0.926095
vn 0.385983 0.079972 -0.919033
vn 0.333061 0.103161 -0.937245
vn 0.311856 0.142396 -0.939398
vn 0.367490 0.200499 -0.908158
vn 0.268655 0.251407 -0.929849
vn 0.166669 0.266157 -0.949411
vn 0.204334 0.295297 -0.933299
vn -0.064773 0.251791 -0.965612
vn -0.174892 0.310573 -0.934322
vn -0.230636 0.237809 -0.943533
vn -0.351309 0.331483 -0.875615
vn -0.076026 0.183955 -0.979990
vn -0.000044 -0.984492 0.175432
vn -0.381711 -0.240714 -0.892386
vn -0.132225 -0.232615 -0.963539
vn -0.012568 -0.169567 -0.985439
vn 0.000772 -0.066860 -0.997762
vn -0.702447 -0.497005 0.509464
vn -0.227582 0.396385 -0.889430
vn -0.022111 -0.962109 -0.271768
vn -0.007023 -0.999794 -0.019058
vn 0.053288 -0.993137 -0.104109
vn 0.016547 -0.981921 -0.188569
vn 0.095548 -0.954628 -0.282057
vn 0.034395 -0.991595 -0.124727
vn 0.021376 -0.992746 -0.118313
vn 0.030143 -0.996760 -0.074571
vn 0.107162 -0.973917 -0.200004
vn -0.122884 -0.986866 -0.104857
vn 0.027577 -0.999573 0.009647
vn -0.035800 -0.948547 0.314607
vn 0.080446 -0.996499 -0.022747
vn -0.003784 -0.999096 0.042349
vn -0.026293 -0.965074 0.260653
vn 0.014980 -0.998203 0.058021
vn -0.006627 -0.998290 0.058077
vn 0.018766 -0.973620 0.227405
vn -0.016900 -0.930694 0.365408
vn 0.000631 -0.944314 0.329045
vn -0.048244 -0.853176 0.519388
vn -0.073873 -0.879917 0.469349
vn -0.104755 -0.843348 0.527058
vn -0.150543 -0.948820 0.277629
vn -0.016913 -0.999400 0.030239
vn 0.129177 -0.990825 -0.039741
vn -0.326406 -0.945110 -0.015010
vn -0.106684 -0.989127 -0.101225
vn -0.011457 -0.999913 0.006588
vn 0.119226 -0.962285 0.244526
vn -0.104925 -0.718836 0.687216
vn -0.087847 -0.812344 0.576524
vn -0.094659 -0.790808 0.604700
vn -0.170399 -0.762938 0.623610
vn -0.250608 -0.755455 0.605378
vn 0.016832 -0.704451 0.709553
vn -0.032730 -0.709662 0.703781
vn -0.155407 -0.726633 0.669218
vn -0.118841 -0.675039 0.728148
vn -0.585093 -0.771415 0.250169
vn -0.138678 -0.987404 0.076163
vn 0.083773 -0.996485 -0.000387
vn -0.045422 -0.998936 -0.007939
vn 0.164417 -0.967785 0.190681
vn 0.355326 -0.817064 0.454037
vn 0.124938 -0.794126 0.594773
vn -0.107274 -0.711572 0.694375
vn -0.116138 -0.699015 0.705613
vn -0.131421 -0.668363 0.732134
vn -0.102323 -0.684565 0.721734
vn -0.063857 -0.866575 0.494944
vn -0.112005 -0.778694 0.617325
vn -0.066917 -0.781963 0.619723
vn -0.146060 -0.746596 0.649046
vn -0.242753 -0.696560 0.675185
vn -0.360493 -0.743737 0.562938
vn 0.083054 -0.996180 -0.026960
vn 0.171039 -0.789434 0.589524
vn 0.041351 -0.741900 0.669234
vn -0.037067 -0.826747 0.561351
vn -0.085144 -0.931101 0.354685
vn -0.264662 -0.905685 0.331193
vn -0.465551 -0.842223 0.271888
vn -0.340955 -0.939637 -0.028834
vn -0.123972 -0.991716 -0.033612
vn 0.163188 -0.981927 0.095863
vn 0.455306 -0.823303 0.338923
vn 0.334647 -0.710812 0.618674
vn -0.019547 -0.975464 0.219288
vn -0.035208 -0.966322 0.254917
vn -0.013791 -0.967971 0.250683
vn -0.066043 -0.978386 0.195956
vn -0.547450 -0.836276 -0.030663
vn -0.620533 -0.698474 -0.356472
vn -0.081106 -0.994859 -0.060639
vn 0.087730 -0.994986 -0.048033
vn 0.198360 -0.976769 -0.081084
vn 0.395222 -0.824976 0.403999
vn 0.121770 -0.971549 0.203137
vn 0.030473 -0.984238 0.174204
vn 0.003461 -0.998124 0.061119
vn 0.029578 -0.992434 0.119160
vn 0.005916 -0.987770 0.155803
vn -0.419124 -0.856253 -0.301937
vn -0.010552 -0.999591 0.026571
vn 0.442709 -0.882041 0.161281
vn 0.019109 -0.999797 -0.006317
vn 0.016687 -0.999768 0.013617
vn -0.004203 -0.996670 0.081432
vn 0.022367 -0.999697 -0.010264
vn -0.003725 -0.999989 0.002991
vn -0.188002 -0.982147 0.006557
vn -0.618824 -0.692420 -0.370959
vn -0.019237 -0.999391 -0.029129
vn 0.047694 -0.997092 0.059439
vn 0.128683 -0.991665 -0.006496
vn 0.000000 1.000000 0.000000
vn 0.586627 -0.702249 0.403380
vn 0.524077 -0.800574 0.290560
vn 0.017233 -0.999737 -0.015133
vn 0.004491 -0.999322 -0.036538
vn 0.016201 -0.999141 -0.038141
vn 0.022060 -0.999360 -0.028171
vn 0.026368 -0.999320 -0.025787
vn 0.026995 -0.999359 -0.023512
vn -0.357654 -0.891137 -0.279211
vn -0.135975 -0.980051 -0.144954
vn 0.093320 -0.986502 -0.134554
vn 0.198633 -0.867580 -0.455906
vn 0.056274 -0.997475 -0.043329
vn 0.343064 -0.938006 0.049517
vn 0.156120 -0.984375 0.081445
vn 0.023087 -0.999128 -0.034797
vn 0.035141 -0.999022 -0.026834
vn 0.033379 -0.999035 -0.028546
vn 0.024303 -0.999382 -0.025405
vn -0.093623 -0.989129 -0.113394
vn -0.499025 -0.761462 -0.413702
vn -0.522897 -0.756362 -0.393059
vn 0.036147 -0.997157 0.066115
vn 0.125604 -0.970297 0.206753
vn 0.024355 -0.985423 0.168370
vn 0.042562 -0.991828 0.120271
vn 0.142228 -0.965930 -0.216219
vn 0.203817 -0.904731 -0.374060
vn 0.227832 -0.919946 -0.319048
vn 0.268876 -0.900008 -0.343061
vn -0.050463 -0.985595 -0.161421
vn 0.022442 -0.993788 -0.109005
vn 0.028147 -0.995070 -0.095098
vn 0.412934 -0.904717 0.104754
vn 0.042597 -0.998854 -0.021821
vn -0.004352 -0.999528 -0.030425
vn 0.005723 -0.999496 -0.031237
vn 0.027565 -0.998993 -0.035391
vn 0.028089 -0.999218 -0.027831
vn 0.032111 -0.999190 -0.024251
vn -0.319102 -0.926837 -0.197857
vn -0.098401 -0.961463 0.256720
vn -0.105085 -0.994054 0.028511
vn -0.011805 -0.999507 -0.029108
vn 0.175910 -0.971763 -0.157266
vn 0.274332 -0.937578 -0.213750
vn 0.323266 -0.923721 -0.205519
vn 0.385964 -0.909436 -0.154785
vn -0.384573 -0.732247 0.562066
vn 0.026309 -0.999607 0.009697
vn 0.091316 -0.995739 -0.012827
vn 0.099097 -0.993766 -0.051086
vn 0.021395 -0.999570 -0.020065
vn 0.029783 -0.999102 -0.030127
vn 0.029860 -0.998768 -0.039640
vn 0.028706 -0.998965 -0.035296
vn -0.001799 -0.998690 -0.051133
vn -0.293391 -0.934079 -0.203515
vn -0.574412 -0.714695 -0.399076
vn 0.253388 -0.932733 0.256524
vn 0.000000 1.000000 0.000000
vn 0.080257 -0.996638 -0.016487
vn 0.211483 -0.973658 -0.085233
vn 0.293125 -0.951755 -0.090771
vn -0.029444 -0.996891 -0.073079
vn 0.010420 -0.999945 0.000908
vn 0.018031 -0.999802 0.008438
vn 0.020366 -0.999781 -0.004895
vn -0.009835 -0.999844 -0.014660
vn 0.001466 -0.999946 -0.010257
vn 0.026850 -0.999054 -0.034204
vn 0.036149 -0.998791 -0.033306
vn 0.033713 -0.998930 -0.031657
vn -0.527447 -0.788889 -0.315362
vn -0.594826 -0.711217 -0.374637
vn -0.533424 -0.814414 -0.228446
vn -0.052790 -0.998605 0.000755
vn 0.523254 -0.505377 0.686148
vn -0.219552 -0.964892 0.144155
vn -0.140745 -0.984332 0.106214
vn 0.373769 -0.921174 -0.108332
vn 0.431392 -0.900264 -0.058525
vn 0.441113 -0.896778 -0.034775
vn 0.458832 -0.885823 -0.069216
vn -0.131183 -0.973409 -0.187793
vn -0.019367 -0.994011 -0.107546
vn 0.026566 -0.999630 0.005801
vn 0.041929 -0.998783 -0.025982
vn 0.068216 -0.995706 -0.062576
vn 0.013076 -0.995856 0.090003
vn 0.001512 -0.999920 -0.012534
vn 0.010304 -0.999797 -0.017297
vn 0.021447 -0.999412 -0.026747
vn 0.023523 -0.999080 -0.035856
vn -0.131579 -0.984036 -0.119837
vn -0.244976 -0.969440 0.013165
vn 0.065100 -0.997778 0.014165
vn 0.216521 -0.974470 0.059379
vn 0.306404 -0.949909 0.061560
vn 0.411982 -0.909721 0.051757
vn 0.438577 -0.895814 0.071888
vn -0.392407 -0.912053 0.119063
vn 0.008608 -0.999869 0.013704
vn 0.015612 -0.999733 0.017051
vn 0.014580 -0.999865 0.007533
vn 0.058734 -0.991849 -0.113073
vn 0.025918 -0.999016 -0.035983
vn 0.001758 -0.999808 -0.019520
vn 0.024751 -0.999516 -0.018852
vn 0.029911 -0.999329 -0.021128
vn 0.027126 -0.999294 -0.025975
vn -0.497330 -0.811947 -0.305622
vn -0.482797 -0.873345 -0.064612
vn -0.099500 -0.994923 -0.015098
vn -0.427110 -0.878867 0.212533
vn 0.437317 -0.897618 0.055100
vn 0.427406 -0.903809 0.021294
vn -0.424899 -0.813198 0.397706
vn -0.063974 -0.997088 -0.041509
vn -0.007019 -0.999951 0.007036
vn 0.019946 -0.999704 0.013941
vn -0.003003 -0.999916 0.012628
vn 0.021525 -0.999455 -0.025032
vn 0.013162 -0.999466 -0.029904
vn 0.011022 -0.999605 -0.025842
vn 0.004910 -0.999865 -0.015678
vn 0.012952 -0.999808 -0.014706
vn 0.025110 -0.999446 -0.021830
vn -0.020740 -0.998786 -0.044691
vn -0.398695 -0.905960 -0.142402
vn -0.167257 -0.985616 0.024211
vn -0.055862 -0.997001 0.053557
vn 0.143587 -0.979846 0.138869
vn 0.263954 -0.948356 0.175923
vn 0.289235 -0.938604 0.188056
vn 0.359239 -0.917765 0.169274
vn 0.387333 -0.910368 0.145609
vn -0.263413 -0.960013 -0.094805
vn 0.013585 -0.999739 0.018356
vn 0.004669 -0.999987 0.001935
vn 0.006217 -0.999965 -0.005546
vn -0.037012 -0.971848 0.232681
vn -0.072947 -0.989298 0.126366
vn 0.028444 -0.999576 -0.006301
vn 0.013793 -0.999067 -0.040932
vn 0.022328 -0.999627 -0.015730
vn 0.022079 -0.999664 -0.013593
vn 0.024113 -0.999578 -0.016215
vn -0.407997 -0.909130 -0.083792
vn -0.644896 -0.763620 -0.031529
vn -0.410081 -0.911959 0.012819
vn -0.629824 -0.772760 -0.078512
vn -0.329238 -0.932238 -0.150114
vn 0.407972 -0.903751 0.129585
vn 0.434047 -0.894870 0.103978
vn 0.458260 -0.881051 0.117249
vn -0.658053 -0.731251 0.179552
vn -0.033037 -0.999376 0.012484
vn -0.000856 -0.999808 0.019583
vn 0.084938 -0.992092 0.092404
vn 0.034941 -0.974984 0.219510
vn 0.007877 -0.967947 0.251029
vn 0.018380 -0.999166 -0.036473
vn 0.021424 -0.999158 -0.035004
vn 0.017413 -0.999417 -0.029378
vn 0.019729 -0.999594 -0.020572
vn -0.072803 -0.996740 -0.034768
vn -0.502773 -0.864414 0.002804
vn -0.172096 -0.980251 0.097419
vn 0.016483 -0.997848 0.063468
vn 0.038817 -0.998842 0.028426
vn 0.209638 -0.953253 0.217623
vn 0.236921 -0.951005 0.198642
vn 0.278524 -0.925433 0.256902
vn 0.319159 -0.920299 0.226245
vn -0.187921 -0.981952 0.021369
vn -0.003983 -0.999960 0.008019
vn 0.000262 -0.999979 -0.006494
vn -0.178245 -0.928702 0.325180
vn -0.253400 -0.936123 0.243850
vn -0.075176 -0.993664 0.083549
vn 0.025363 -0.999542 -0.016533
vn 0.022015 -0.999624 -0.016325
vn 0.021068 -0.999639 -0.016686
vn -0.641740 -0.765109 0.052704
vn -0.482130 -0.852093 0.203684
vn -0.091354 -0.980091 -0.176285
vn 0.375082 -0.901171 0.217266
vn 0.401227 -0.885315 0.235019
vn 0.427918 -0.876788 0.219383
vn 0.447891 -0.862467 0.235680
vn -0.029099 -0.998726 0.041234
vn -0.016173 -0.999465 0.028413
vn 0.175103 -0.983210 0.051350
vn 0.132571 -0.901455 0.412074
vn -0.035532 -0.857338 0.513526
vn -0.054646 -0.995799 0.073478
vn 0.027502 -0.999002 -0.035182
vn 0.032779 -0.999092 -0.027231
vn 0.020564 -0.999727 -0.011072
vn 0.016248 -0.999776 -0.013583
vn -0.106131 -0.994312 -0.008893
vn -0.427583 -0.894058 0.133539
vn -0.638417 -0.767485 0.058225
vn -0.176225 -0.962247 0.207426
vn -0.046406 -0.990431 0.129976
vn 0.002213 -0.999997 -0.000478
vn -0.225007 -0.920724 -0.318808
vn 0.264866 -0.935003 0.235828
vn 0.501695 -0.845924 0.180870
vn -0.234996 -0.969610 0.068073
vn -0.019826 -0.999630 0.018619
vn 0.049423 -0.998096 0.036898
vn -0.473914 -0.788482 0.392047
vn -0.250084 -0.949782 0.188072
vn 0.031025 -0.999413 -0.014563
vn 0.023849 -0.999654 -0.011088
vn -0.458392 -0.828163 0.322527
vn 0.012693 -0.999513 0.028495
vn 0.005937 -0.998949 -0.045447
vn 0.111435 -0.990494 0.080646
vn 0.269051 -0.892123 0.362943
vn 0.243065 -0.899238 0.363717
vn 0.298618 -0.889579 0.345652
vn 0.331021 -0.886466 0.323423
vn 0.385885 -0.860025 0.333840
vn 0.420808 -0.842282 0.336871
vn -0.064734 -0.995837 0.064180
vn -0.028155 -0.999199 0.028422
vn -0.181394 -0.981874 0.054948
vn 0.044001 -0.997386 0.057319
vn 0.035143 -0.998866 -0.032122
vn 0.050712 -0.998594 -0.015461
vn 0.019438 -0.999777 -0.008311
vn 0.017902 -0.999836 -0.002889
vn -0.064536 -0.997261 0.036135
vn -0.496341 -0.828901 0.258010
vn -0.330882 -0.853359 0.402860
vn -0.190157 -0.961512 0.198333
vn -0.034952 -0.998738 0.036077
vn 0.320582 -0.877184 0.357456
vn 0.430357 -0.824731 0.366894
vn 0.474307 -0.807891 0.349778
vn -0.246133 -0.883497 0.398563
vn -0.027362 -0.999405 0.020978
vn 0.008172 -0.999931 -0.008425
vn -0.039340 -0.982502 -0.182047
vn 0.057529 -0.998341 -0.002181
vn 0.028493 -0.999585 -0.004332
vn 0.021291 -0.999773 -0.001158
vn -0.181365 -0.979331 0.089542
vn -0.003941 -0.998470 0.055155
vn 0.073204 -0.995932 0.052548
vn 0.301881 -0.939530 0.161711
vn 0.404790 -0.857193 0.318379
vn 0.391562 -0.861966 0.322016
vn 0.373305 -0.793560 0.480527
vn 0.242999 -0.821665 0.515576
vn 0.257725 -0.842382 0.473255
vn 0.325593 -0.798991 0.505571
vn -0.216093 -0.957792 0.189576
vn -0.057273 -0.997364 0.044547
vn -0.170738 -0.985046 -0.023066
vn 0.429170 -0.892907 0.136124
vn 0.589315 -0.765957 0.256938
vn 0.366656 -0.924230 0.106591
vn 0.018913 -0.999767 0.010380
vn 0.026565 -0.999536 0.014904
vn 0.007591 -0.999598 0.027303
vn -0.239709 -0.928565 0.283384
vn -0.479647 -0.726902 0.491480
vn -0.494005 -0.762186 0.418368
vn -0.152381 -0.973080 0.172905
vn 0.184895 -0.754104 0.630191
vn 0.418337 -0.805163 0.420365
vn 0.416731 -0.763038 0.494073
vn -0.535152 -0.596404 0.598259
vn -0.353763 -0.720120 0.596890
vn -0.050169 -0.998561 0.018934
vn -0.056878 -0.998334 0.009691
vn 0.055993 -0.998370 0.011017
vn 0.033031 -0.999399 0.010503
vn 0.020476 -0.999635 0.017606
vn -0.078792 -0.993280 0.084769
vn -0.281763 -0.889101 0.360706
vn -0.429427 -0.754579 0.496189
vn -0.060101 -0.997060 0.047525
vn 0.100222 -0.994742 0.021066
vn 0.363517 -0.926713 0.095174
vn 0.529748 -0.803375 0.271947
vn 0.225612 -0.709669 0.667434
vn -0.048647 -0.975840 -0.213001
vn -0.186470 -0.971108 0.148926
vn -0.069329 -0.996188 0.052943
vn -0.611385 -0.768598 -0.188323
vn -0.017181 -0.999843 -0.004342
vn 0.502405 -0.853007 0.141311
vn 0.438337 -0.895626 0.075599
vn 0.019665 -0.999307 0.031611
vn 0.023552 -0.999268 0.030151
vn 0.020942 -0.999261 0.032228
vn -0.374474 -0.915538 0.146831
vn 0.555034 -0.813881 0.171855
vn 0.460920 -0.784760 0.414372
vn 0.106782 -0.601607 0.791622
vn 0.213203 -0.736953 0.641440
vn 0.312781 -0.918316 -0.242618
vn -0.571531 -0.668503 0.475874
vn -0.122115 -0.990070 0.069642
vn -0.301293 -0.937939 -0.171738
vn 0.049214 -0.998419 0.027150
vn 0.033045 -0.998885 0.033710
vn 0.023124 -0.999079 0.036143
vn 0.024932 -0.998484 0.049079
vn 0.003546 -0.997285 0.073559
vn -0.022828 -0.990788 0.133483
vn -0.393160 -0.875057 0.282313
vn -0.660083 -0.696683 0.280933
vn -0.047174 -0.998426 -0.030318
vn 0.194593 -0.979708 0.048013
vn 0.503652 -0.853392 0.134377
vn -0.023482 -0.967314 0.252494
vn -0.058014 -0.993759 0.095280
vn 0.249667 -0.961103 0.118099
vn 0.313370 -0.942480 0.116320
vn 0.015350 -0.999014 0.041658
vn 0.022996 -0.998843 0.042233
vn -0.076062 -0.990858 0.111420
vn -0.435199 -0.844063 -0.313304
vn -0.487141 -0.545247 0.682202
vn -0.089153 -0.912718 0.398745
vn -0.098967 -0.994966 0.015787
vn -0.062523 -0.995400 0.072600
vn -0.023971 -0.996637 -0.078364
vn 0.561307 -0.780627 0.274875
vn 0.046231 -0.997654 0.050480
vn 0.034444 -0.998213 0.048838
vn 0.022063 -0.998634 0.047359
vn 0.025287 -0.997935 0.059039
vn 0.036482 -0.997508 0.060382
vn 0.042229 -0.997512 0.056449
vn -0.628160 -0.773433 -0.084949
vn -0.036783 -0.995722 -0.084764
vn 0.096894 -0.994612 0.036851
vn 0.324642 -0.932031 0.161011
vn 0.442906 -0.884121 0.148875
vn -0.229551 -0.669704 0.706260
vn -0.564641 -0.747341 0.350232
vn -0.744448 -0.545719 0.384692
vn -0.442076 -0.870844 -0.214940
vn -0.033818 -0.994798 0.096089
vn 0.015821 -0.985650 0.168061
vn 0.063881 -0.997951 0.003495
vn 0.411011 -0.891806 0.189080
vn 0.077191 -0.995108 0.061652
vn 0.017832 -0.998234 0.056673
vn 0.024680 -0.997595 0.064772
vn -0.400364 -0.878303 -0.261330
vn -0.204406 -0.944289 -0.257945
vn -0.560433 -0.734183 0.383263
vn -0.513243 -0.490609 0.704190
vn -0.352566 -0.843471 0.405284
vn -0.503887 -0.833661 -0.226067
vn -0.348200 -0.907239 -0.235953
vn -0.883894 0.068956 -0.462576
vn -0.015316 -0.999250 0.035576
vn -0.023871 -0.997355 0.068650
vn -0.022413 -0.984347 0.174811
vn -0.003108 -0.991251 0.131951
vn -0.003613 -0.995474 0.094961
vn 0.059711 -0.996835 0.052490
vn 0.366714 -0.922061 0.123793
vn 0.586187 -0.779860 0.219552
vn 0.039018 -0.996707 0.071078
vn 0.031309 -0.997885 0.056970
vn 0.020225 -0.997846 0.062410
vn 0.023947 -0.997066 0.072702
vn 0.035838 -0.996452 0.076151
vn 0.037480 -0.997291 0.063294
vn -0.058800 -0.997163 0.047001
vn -0.057374 -0.993539 -0.097921
vn 0.048178 -0.993921 0.098998
vn 0.121405 -0.984623 0.125616
vn 0.393289 -0.882202 0.258928
vn -0.301053 -0.900359 0.314200
vn -0.364985 -0.903933 -0.222913
vn -0.331922 -0.916107 -0.224891
vn -0.520247 -0.843519 0.133483
vn -0.116853 -0.993147 0.002205
vn -0.010944 -0.995797 0.090929
vn -0.000153 -0.995175 0.098112
vn 0.427285 -0.889103 0.164086
vn 0.095138 -0.992528 0.076405
vn 0.022414 -0.997104 0.072671
vn 0.021421 -0.996563 0.080026
vn -0.024943 -0.999677 -0.004894
vn -0.004262 -0.999883 0.014658
vn 0.026882 -0.996210 0.082724
vn 0.465703 -0.664225 0.584745
vn -0.722164 -0.614003 0.318558
vn -0.448487 -0.858097 -0.250060
vn -0.312589 -0.930444 -0.191210
vn -0.347805 -0.923465 -0.161998
vn -0.398401 -0.657798 0.639202
vn 0.001126 -0.999411 0.034286
vn 0.008787 -0.998706 0.050093
vn -0.016965 -0.999459 0.028184
vn 0.068207 -0.997655 0.005609
vn 0.446940 -0.890414 0.086064
vn 0.033175 -0.996557 0.075983
vn 0.022252 -0.997127 0.072410
vn 0.023321 -0.996943 0.074566
vn 0.035984 -0.996108 0.080461
vn 0.042199 -0.995037 0.090116
vn -0.012789 -0.998215 -0.058339
vn 0.146963 -0.755855 0.638033
vn 0.170038 -0.864560 0.472888
vn 0.389474 -0.715976 0.579386
vn -0.749804 -0.584415 0.310247
vn -0.494357 -0.706404 0.506561
vn -0.355478 -0.910054 -0.213161
vn -0.308730 -0.938423 -0.155074
vn -0.306234 -0.945526 -0.110456
vn -0.114180 -0.993374 0.013072
vn 0.011108 -0.999517 0.029018
vn 0.009984 -0.999398 0.033218
vn -0.009662 -0.999276 0.036798
vn 0.576579 -0.773834 0.262178
vn 0.198845 -0.975010 0.099074
vn 0.074237 -0.993610 0.085017
vn 0.026745 -0.995346 0.092577
vn 0.027934 -0.994765 0.098297
vn 0.017240 -0.995926 0.088508
vn -0.047250 -0.990509 -0.129069
vn 0.018203 -0.992108 0.124056
vn 0.051234 -0.972068 0.229038
vn 0.138445 -0.914216 0.380844
vn 0.058905 -0.977108 -0.204426
vn -0.264602 -0.708503 0.654224
vn -0.563214 -0.782365 -0.265885
vn -0.471950 -0.856865 -0.207473
vn -0.327601 -0.937582 -0.116691
vn -0.285178 -0.958319 -0.017274
vn 0.013532 -0.999563 0.026276
vn 0.017022 -0.999693 0.018006
vn -0.011615 -0.999139 0.039834
vn -0.017118 -0.999199 0.036176
vn 0.055962 -0.998035 -0.028200
vn 0.025678 -0.996683 0.077229
vn 0.023856 -0.996194 0.083836
vn 0.026655 -0.995001 0.096239
vn -0.052414 -0.987587 -0.148068
vn 0.003545 -0.999182 0.040282
vn 0.022655 -0.991223 0.130242
vn -0.651005 -0.737880 -0.178118
vn -0.555934 -0.804828 -0.207820
vn -0.435119 -0.894864 -0.099448
vn -0.276727 -0.960298 -0.035355
vn -0.096446 -0.994695 0.035776
vn 0.006993 -0.999923 0.010274
vn -0.001380 -0.999771 0.021376
vn -0.052214 -0.993896 0.097185
vn -0.040080 -0.994396 0.097832
vn 0.092329 -0.993606 0.064986
vn 0.053715 -0.996464 0.064601
vn 0.030925 -0.993225 0.112020
vn 0.036197 -0.991921 0.121586
vn -0.002548 -0.999739 -0.022697
vn -0.006723 -0.999895 -0.012875
vn 0.182603 -0.609006 0.771860
vn 0.132784 -0.582787 0.801703
vn 0.219069 -0.511763 0.830727
vn -0.608969 -0.790083 -0.070179
vn -0.307507 -0.951517 0.007407
vn -0.260105 -0.947917 0.183845
vn 0.000375 -0.999856 0.016970
vn 0.020022 -0.999775 0.007027
vn 0.016105 -0.999840 0.007827
vn -0.019133 -0.986613 0.161953
vn -0.028115 -0.987588 0.154530
vn 0.014423 -0.995637 0.092193
vn 0.027320 -0.995485 0.090905
vn 0.033841 -0.994596 0.098146
vn -0.001368 -0.999923 -0.012299
vn 0.057044 -0.977982 0.200742
vn 0.218772 -0.774963 0.592934
vn 0.086939 -0.818920 0.567285
vn 0.171430 0.014612 0.985088
vn -0.493939 -0.869396 -0.013188
vn -0.390837 -0.920324 0.015803
vn -0.270441 -0.952761 0.138231
vn -0.170980 -0.984177 0.046496
vn 0.023137 -0.998365 0.052263
vn 0.058201 -0.980995 0.185100
vn -0.108503 -0.986402 0.123445
vn -0.037565 -0.995596 0.085892
vn -0.000173 -0.999499 0.031643
vn 0.003786 -0.999916 -0.012416
vn -0.011778 -0.999907 -0.006833
vn 0.014960 -0.998522 0.052241
vn 0.031164 -0.992451 0.118617
vn 0.000000 1.000000 0.000000
vn -0.636476 -0.566898 0.522996
vn -0.692121 -0.721383 -0.023980
vn -0.647263 -0.762208 -0.009446
vn -0.320524 -0.936267 0.143767
vn -0.251281 -0.926866 0.278885
vn -0.046709 -0.995003 0.088243
vn 0.007058 -0.999469 0.031813
vn 0.016704 -0.999270 0.034361
vn -0.004539 -0.999841 0.017217
vn -0.008681 -0.999846 0.015256
vn -0.705682 -0.707668 0.034919
vn -0.460372 -0.873818 0.156521
vn -0.263870 -0.923533 0.278315
vn -0.131675 -0.984231 0.118117
vn 0.108530 -0.666301 0.737743
vn -0.358517 -0.876407 0.321522
vn -0.077173 -0.993796 0.080085
vn -0.011505 -0.999305 0.035457
vn 0.234413 -0.547464 0.803327
vn -0.368625 -0.899724 0.233692
vn -0.276085 -0.917136 0.287469
vn 0.043011 -0.978324 0.202564
vn -0.603425 -0.761850 0.235505
vn -0.239545 -0.841007 0.485103
vn 0.354533 -0.916758 -0.184013
vn 0.228719 -0.810215 -0.539666
vn 0.138454 -0.911958 -0.386216
vn 0.710249 -0.624342 -0.325181
vn 0.618675 -0.752199 -0.226798
vn 0.316894 -0.850493 -0.419809
vn 0.541518 -0.558046 -0.628763
vn 0.571529 -0.779811 -0.255439
vn 0.130439 -0.789004 -0.600383
vn 0.322774 -0.859900 -0.395460
vn 0.555517 -0.795423 -0.242287
vn 0.567444 -0.800933 -0.191087
vn 0.018293 -0.792809 -0.609195
vn 0.491480 -0.805089 -0.332082
vn 0.764914 -0.585113 -0.269350
vn 0.668306 -0.703675 -0.241265
vn 0.722145 -0.666606 -0.184778
vn 0.761710 -0.627944 -0.159638
vn 0.053691 -0.814418 -0.577790
vn 0.147947 -0.770636 -0.619865
vn 0.010024 -0.713213 -0.700875
vn 0.353041 -0.899771 -0.256466
vn 0.210725 -0.854600 -0.474610
vn 0.798187 -0.576923 -0.173371
vn 0.740433 -0.647671 -0.179672
vn 0.068177 -0.729354 -0.680731
vn 0.144176 -0.856586 -0.495453
vn 0.130501 -0.770659 -0.623743
vn 0.325863 -0.918080 -0.225707
vn -0.056854 -0.704661 -0.707262
vn 0.489154 -0.848557 -0.201690
vn 0.123305 -0.758403 -0.640016
vn -0.121116 -0.956579 -0.265117
vn 0.377201 -0.887350 -0.265198
vn 0.316745 -0.903531 -0.288624
vn 0.540043 -0.115314 -0.833701
vn -0.100776 -0.672755 -0.732970
vn 0.583423 -0.721970 -0.371991
vn 0.572691 -0.682168 -0.454612
vn 0.077041 -0.658173 -0.748914
vn 0.120161 -0.756761 -0.642553
vn 0.377635 -0.792809 -0.478379
vn 0.002365 -0.974195 -0.225697
vn -0.131196 -0.744109 -0.655049
vn 0.121559 -0.792017 -0.598275
vn 0.357590 -0.724528 -0.589227
vn 0.773437 -0.617779 -0.141931
vn -0.334870 -0.883010 -0.328869
vn 0.760039 -0.630272 -0.158421
vn 0.357013 -0.879491 -0.314703
vn 0.226728 -0.826360 -0.515484
vn 0.335658 -0.188005 0.923032
vn 0.883560 -0.404445 -0.236108
vn -0.364319 -0.572217 -0.734738
vn 0.213976 -0.892319 -0.397468
vn -0.580898 0.621245 0.525939
vn 0.808928 -0.564204 -0.165255
vn 0.357653 -0.540981 0.761199
vn 0.343653 -0.915859 -0.207618
vn 0.254305 -0.921990 -0.291998
f 2278//2278 2300//2300 936//936
f 1012//1012 3011//3011 1467//1467
f 2367//2367 1012//1012 1467//1467
f 1176//1176 621//621 97//97
f 608//608 603//603 352//352
f 352//352 603//603 403//403
f 1176//1176 166//166 656//656
f 3182//3182 674//674 3176//3176
f 3176//3176 674//674 1457//1457
f 1457//1457 1628//1628 353//353
f 4036//4036 4466//4466 4313//4313
f 2264//2264 632//632 2820//2820
f 1628//1628 1509//1509 1175//1175
f 883//883 186//186 1685//1685
f 1175//1175 1247//1247 3242//3242
f 3242//3242 1247//1247 564//564
f 757//757 1120//1120 2926//2926
f 4317//4317 4318//4318 4339//4339
f 3281//3281 3292//3292 1541//1541
f 4011//4011 4025//4025 3992//3992
f 3145//3145 1162//1162 267//267
f 3233//3233 3259//3259 83//83
f 3217//3217 3233//3233 83//83
f 1957//1957 3059//3059 3085//3085
f 3421//3421 141//141 1331//1331
f 3401//3401 3421//3421 1331//1331
f 1115//1115 564//564 1157//1157
f 1298//1298 607//607 567//567
f 1614//1614 920//920 3330//3330
f 2128//2128 1614//1614 3330//3330
f 1331//1331 141//141 74//74
f 3434//3434 3401//3401 1331//1331
f 4279//4279 99//99 1590//1590
f 703//703 234//234 2838//2838
f 1060//1060 856//856 828//828
f 533//533 1459//1459 1412//1412
f 534//534 3400//3400 329//329
f 728//728 603//603 608//608
f 4277//4277 360//360 2475//2475
f 4339//4339 4340//4340 4361//4361
f 3367//3367 3401//3401 3385//3385
f 119//119 190//190 1122//1122
f 2818//2818 5810//5810 4342//4342
f 1375//1375 616//616 115//115
f 1302//1302 1012//1012 3225//3225
f 1019//1019 1302//1302 597//597
f 4160//4160 4192//4192 4008//4008
f 1062//1062 194//194 731//731
f 3536//3536 1792//1792 4431//4431
f 474//474 1450//1450 112//112
f 441//441 326//326 183//183
f 882//882 3182//3182 3176//3176
f 403//403 882//882 3176//3176
f 725//725 3242//3242 564//564
f 3977//3977 4279//4279 3968//3968
f 2864//2864 2597//2597 1221//1221
f 977//977 421//421 13//13
f 3429//3429 3430//3430 3442//3442
f 3442//3442 731//731 3448//3448
f 409//409 533//533 1412//1412
f 1685//1685 708//708 3400//3400
f 3377//3377 3426//3426 3409//3409
f 3257//3257 3272//3272 3306//3306
f 554//554 167//167 623//623
f 554//554 1248//1248 167//167
f 3155//3155 202//202 1020//1020
f 66//66 3158//3158 1215//1215
f 945//945 26//26 643//643
f 1471//1471 1062//1062 731//731
f 194//194 1062//1062 474//474
f 112//112 1450//1450 3228//3228
f 3228//3228 1450//1450 295//295
f 2315//2315 2864//2864 1221//1221
f 1457//1457 480//480 1628//1628
f 491//491 616//616 1375//1375
f 3009//3009 4110//4110 4084//4084
f 194//194 474//474 217//217
f 353//353 1628//1628 1175//1175
f 3184//3184 1247//1247 1175//1175
f 534//534 1685//1685 3400//3400
f 3229//3229 3230//3230 3111//3111
f 1912//1912 276//276 793//793
f 136//136 204//204 597//597
f 167//167 1248//1248 433//433
f 2143//2143 1121//1121 2068//2068
f 1957//1957 429//429 3059//3059
f 622//622 554//554 1288//1288
f 4257//4257 4290//4290 4289//4289
f 657//657 622//622 1288//1288
f 3448//3448 731//731 3429//3429
f 3442//3442 3448//3448 3429//3429
f 4340//4340 4362//4362 4361//4361
f 1509//1509 3184//3184 1175//1175
f 3230//3230 3272//3272 3257//3257
f 535//535 81//81 191//191
f 3079//3079 2864//2864 1913//1913
f 4431//4431 2565//2565 4812//4812
f 1375//1375 115//115 774//774
f 183//183 326//326 3219//3219
f 13//13 421//421 1544//1544
f 1175//1175 3242//3242 725//725
f 183//183 3219//3219 3215//3215
f 3569//3569 287//287 3620//3620
f 3176//3176 1457//1457 633//633
f 3336//3336 3176//3176 633//633
f 3192//3192 3208//3208 3233//3233
f 3143//3143 3145//3145 2600//2600
f 3867//3867 3634//3634 3632//3632
f 908//908 3215//3215 4//4
f 622//622 441//441 1248//1248
f 554//554 622//622 1248//1248
f 3137//3137 201//201 3148//3148
f 3353//3353 3367//3367 3385//3385
f 115//115 134//134 819//819
f 3310//3310 534//534 329//329
f 607//607 1330//1330 567//567
f 3175//3175 403//403 3176//3176
f 113//113 403//403 3175//3175
f 553//553 2647//2647 2695//2695
f 522//522 181//181 907//907
f 1192//1192 820//820 990//990
f 31//31 1192//1192 990//990
f 1464//1464 519//519 31//31
f 1052//1052 2264//2264 1926//1926
f 2565//2565 4813//4813 4812//4812
f 352//352 403//403 113//113
f 4255//4255 4256//4256 4272//4272
f 4584//4584 4498//4498 4464//4464
f 1333//1333 454//454 1128//1128
f 4256//4256 4289//4289 4288//4288
f 251//251 410//410 207//207
f 609//609 691//691 387//387
f 2032//2032 5972//5972 5944//5944
f 3151//3151 3179//3179 2527//2527
f 3272//3272 3273//3273 3306//3306
f 718//718 587//587 630//630
f 589//589 630//630 587//587
f 587//587 550//550 589//589
f 3230//3230 3257//3257 3111//3111
f 3511//3511 717//717 319//319
f 1128//1128 915//915 1298//1298
f 3539//3539 3957//3957 3929//3929
f 341//341 647//647 117//117
f 97//97 608//608 1176//1176
f 429//429 2315//2315 3059//3059
f 647//647 3155//3155 1020//1020
f 1192//1192 688//688 820//820
f 31//31 688//688 1192//1192
f 1264//1264 1054//1054 2199//2199
f 410//410 334//334 207//207
f 568//568 3198//3198 1215//1215
f 493//493 1032//1032 616//616
f 2926//2926 3009//3009 4084//4084
f 618//618 653//653 694//694
f 2538//2538 2149//2149 3157//3157
f 3011//3011 936//936 1354//1354
f 1744//1744 5937//5937 5919//5919
f 404//404 519//519 1464//1464
f 1298//1298 915//915 607//607
f 4039//4039 4038//4038 3330//3330
f 124//124 213//213 1671//1671
f 1098//1098 2068//2068 863//863
f 204//204 1019//1019 597//597
f 4427//4427 4426//4426 4405//4405
f 3059//3059 2315//2315 3898//3898
f 5155//5155 5156//5156 5182//5182
f 5462//5462 5484//5484 5445//5445
f 182//182 908//908 872//872
f 335//335 534//534 3310//3310
f 3257//3257 3305//3305 3105//3105
f 4256//4256 2442//2442 682//682
f 74//74 141//141 140//140
f 167//167 772//772 732//732
f 202//202 643//643 1854//1854
f 298//298 3547//3547 253//253
f 3160//3160 1587//1587 925//925
f 1215//1215 1174//1174 203//203
f 5183//5183 5197//5197 5196//5196
f 3471//3471 1014//1014 1516//1516
f 472//472 1098//1098 863//863
f 726//726 609//609 1377//1377
f 3294//3294 430//430 1035//1035
f 3153//3153 4159//4159 4084//4084
f 4110//4110 3153//3153 4084//4084
f 4404//4404 4403//4403 4361//4361
f 240//240 882//882 403//403
f 603//603 240//240 403//403
f 4406//4406 4407//4407 4405//4405
f 1590//1590 99//99 2128//2128
f 4427//4427 204//204 136//136
f 2710//2710 3958//3958 52//52
f 112//112 493//493 3221//3221
f 1314//1314 656//656 731//731
f 3977//3977 3968//3968 1121//1121
f 2143//2143 3977//3977 1121//1121
f 1516//1516 1028//1028 3849//3849
f 1354//1354 936//936 1957//1957
f 3257//3257 3306//3306 3305//3305
f 772//772 167//167 712//712
f 718//718 228//228 587//587
f 228//228 62//62 550//550
f 587//587 228//228 550//550
f 62//62 222//222 440//440
f 550//550 62//62 440//440
f 222//222 546//546 319//319
f 440//440 222//222 319//319
f 546//546 516//516 17//17
f 319//319 546//546 17//17
f 516//516 386//386 19//19
f 17//17 516//516 19//19
f 815//815 790//790 19//19
f 386//386 815//815 19//19
f 89//89 394//394 790//790
f 815//815 89//89 790//790
f 90//90 478//478 394//394
f 89//89 90//90 394//394
f 90//90 40//40 478//478
f 90//90 285//285 40//40
f 4341//4341 4363//4363 4340//4340
f 3306//3306 3367//3367 3353//3353
f 3055//3055 1017//1017 2440//2440
f 3110//3110 3227//3227 994//994
f 1695//1695 821//821 2430//2430
f 3182//3182 882//882 674//674
f 1471//1471 656//656 1062//1062
f 474//474 112//112 326//326
f 217//217 474//474 326//326
f 774//774 115//115 768//768
f 2692//2692 3037//3037 1432//1432
f 1147//1147 1308//1308 609//609
f 3055//3055 3444//3444 1017//1017
f 99//99 1614//1614 2128//2128
f 3410//3410 732//732 1356//1356
f 622//622 194//194 441//441
f 31//31 774//774 871//871
f 554//554 623//623 3428//3428
f 656//656 1471//1471 731//731
f 2528//2528 4829//4829 139//139
f 875//875 2491//2491 5022//5022
f 5114//5114 3449//3449 5115//5115
f 4903//4903 4934//4934 5926//5926
f 674//674 617//617 1457//1457
f 1457//1457 617//617 480//480
f 1628//1628 3184//3184 1509//1509
f 39//39 191//191 16//16
f 4//4 3399//3399 519//519
f 3958//3958 3953//3953 52//52
f 1464//1464 31//31 990//990
f 2529//2529 102//102 4007//4007
f 1120//1120 757//757 133//133
f 3379//3379 3361//3361 4676//4676
f 3444//3444 1120//1120 133//133
f 519//519 774//774 31//31
f 1098//1098 2143//2143 2068//2068
f 656//656 1219//1219 1062//1062
f 4954//4954 4985//4985 4984//4984
f 5870//5870 5885//5885 5852//5852
f 165//165 512//512 62//62
f 285//285 90//90 241//241
f 5745//5745 5764//5764 5726//5726
f 5716//5716 5726//5726 5688//5688
f 4279//4279 4278//4278 3968//3968
f 4675//4675 3380//3380 4676//4676
f 872//872 4//4 519//519
f 1464//1464 990//990 283//283
f 3311//3311 1464//1464 283//283
f 1942//1942 4290//4290 4257//4257
f 4258//4258 1942//1942 4257//4257
f 5688//5688 5715//5715 5687//5687
f 768//768 115//115 819//819
f 1050//1050 108//108 760//760
f 1091//1091 1050//1050 760//760
f 108//108 18//18 228//228
f 760//760 108//108 228//228
f 18//18 165//165 62//62
f 228//228 18//18 62//62
f 465//465 585//585 511//511
f 516//516 327//327 386//386
f 388//388 279//279 815//815
f 386//386 388//388 815//815
f 279//279 60//60 89//89
f 815//815 279//279 89//89
f 60//60 109//109 90//90
f 89//89 60//60 90//90
f 1053//1053 677//677 595//595
f 219//219 146//146 1091//1091
f 5156//5156 5183//5183 5182//5182
f 1669//1669 74//74 140//140
f 125//125 74//74 1669//1669
f 1247//1247 541//541 3242//3242
f 3284//3284 474//474 1062//1062
f 4256//4256 4257//4257 4289//4289
f 1012//1012 2367//2367 3225//3225
f 908//908 4//4 872//872
f 3975//3975 4012//4012 3974//3974
f 5258//5258 3350//3350 1119//1119
f 5275//5275 2854//2854 2698//2698
f 5097//5097 5109//5109 5070//5070
f 2645//2645 3453//3453 3382//3382
f 680//680 101//101 21//21
f 2488//2488 3443//3443 2503//2503
f 187//187 125//125 407//407
f 4639//4639 2889//2889 2828//2828
f 4202//4202 4574//4574 4171//4171
f 4192//4192 5683//5683 5976//5976
f 5949//5949 5968//5968 5099//5099
f 189//189 1537//1537 2541//2541
f 100//100 39//39 71//71
f 3284//3284 476//476 474//474
f 4//4 491//491 1375//1375
f 5104//5104 5146//5146 5103//5103
f 3410//3410 3394//3394 3379//3379
f 2546//2546 58//58 1878//1878
f 5109//5109 5132//5132 5131//5131
f 524//524 1050//1050 146//146
f 18//18 512//512 165//165
f 1407//1407 1396//1396 1428//1428
f 462//462 463//463 461//461
f 1306//1306 5964//5964 2544//2544
f 2825//2825 2868//2868 2824//2824
f 162//162 101//101 680//680
f 3254//3254 1925//1925 2541//2541
f 930//930 3242//3242 541//541
f 4104//4104 4984//4984 4144//4144
f 3046//3046 1637//1637 2902//2902
f 1548//1548 1618//1618 1547//1547
f 2624//2624 3254//3254 2541//2541
f 106//106 100//100 71//71
f 662//662 1122//1122 590//590
f 3216//3216 2990//2990 1990//1990
f 623//623 732//732 3410//3410
f 1413//1413 1441//1441 1440//1440
f 1379//1379 1413//1413 1440//1440
f 467//467 5970//5970 1093//1093
f 988//988 3245//3245 3233//3233
f 3380//3380 3410//3410 3379//3379
f 5935//5935 2714//2714 2803//2803
f 1497//1497 1549//1549 1548//1548
f 425//425 381//381 458//458
f 1947//1947 2129//2129 18//18
f 2723//2723 2745//2745 4942//4942
f 985//985 942//942 895//895
f 60//60 814//814 109//109
f 428//428 716//716 594//594
f 3076//3076 162//162 392//392
f 231//231 2113//2113 2206//2206
f 1670//1670 3076//3076 392//392
f 392//392 162//162 680//680
f 2870//2870 2828//2828 2889//2889
f 1620//1620 1633//1633 1619//1619
f 5921//5921 2711//2711 2714//2714
f 340//340 341//341 117//117
f 3312//3312 451//451 1463//1463
f 474//474 476//476 1450//1450
f 3215//3215 3219//3219 4//4
f 926//926 1558//1558 404//404
f 4193//4193 4226//4226 4204//4204
f 926//926 404//404 1464//1464
f 1380//1380 1379//1379 3728//3728
f 1379//1379 1380//1380 1413//1413
f 1380//1380 1442//1442 1441//1441
f 1413//1413 1380//1380 1441//1441
f 1474//1474 1473//1473 1441//1441
f 1442//1442 1474//1474 1441//1441
f 1474//1474 1508//1508 1473//1473
f 1508//1508 1561//1561 1473//1473
f 1594//1594 1592//1592 1593//1593
f 1594//1594 1640//1640 1592//1592
f 1675//1675 1674//1674 1592//1592
f 1640//1640 1675//1675 1592//1592
f 1674//1674 1675//1675 1706//1706
f 1633//1633 1618//1618 1619//1619
f 1304//1304 1050//1050 524//524
f 4071//4071 748//748 139//139
f 1161//1161 108//108 1050//1050
f 1304//1304 1161//1161 1050//1050
f 1161//1161 984//984 18//18
f 108//108 1161//1161 18//18
f 1360//1360 1361//1361 1426//1426
f 2888//2888 1798//1798 3495//3495
f 383//383 464//464 463//463
f 351//351 59//59 109//109
f 1947//1947 18//18 984//984
f 631//631 428//428 594//594
f 2633//2633 2632//2632 2606//2606
f 2113//2113 271//271 2206//2206
f 1633//1633 1663//1663 1618//1618
f 1663//1663 1682//1682 1662//1662
f 1663//1663 1662//1662 1618//1618
f 2381//2381 2380//2380 2325//2325
f 1682//1682 1661//1661 1662//1662
f 1325//1325 1397//1397 1396//1396
f 2899//2899 4291//4291 2818//2818
f 3978//3978 82//82 4292//4292
f 1795//1795 1910//1910 4940//4940
f 725//725 564//564 929//929
f 2597//2597 472//472 1221//1221
f 2315//2315 1221//1221 2103//2103
f 353//353 1175//1175 741//741
f 1120//1120 3009//3009 2926//2926
f 731//731 194//194 657//657
f 433//433 183//183 908//908
f 3219//3219 491//491 4//4
f 772//772 712//712 20//20
f 4426//4426 4427//4427 136//136
f 182//182 3213//3213 328//328
f 635//635 182//182 328//328
f 147//147 851//851 738//738
f 972//972 971//971 849//849
f 2102//2102 2408//2408 1435//1435
f 1323//1323 1362//1362 1361//1361
f 1662//1662 1661//1661 1618//1618
f 1163//1163 1027//1027 2411//2411
f 1008//1008 976//976 626//626
f 2269//2269 1098//1098 472//472
f 5683//5683 4192//4192 3086//3086
f 1744//1744 5943//5943 5937//5937
f 716//716 3076//3076 1670//1670
f 270//270 2269//2269 472//472
f 5364//5364 5381//5381 5363//5363
f 2588//2588 2633//2633 2606//2606
f 639//639 638//638 557//557
f 437//437 438//438 557//557
f 558//558 639//639 557//557
f 4290//4290 4318//4318 4289//4289
f 1457//1457 353//353 883//883
f 1213//1213 662//662 100//100
f 908//908 183//183 3215//3215
f 1594//1594 1675//1675 1640//1640
f 5803//5803 5841//5841 5802//5802
f 438//438 558//558 557//557
f 2915//2915 5921//5921 3365//3365
f 665//665 735//735 780//780
f 2868//2868 2922//2922 2921//2921
f 3052//3052 3051//3051 3021//3021
f 3022//3022 3052//3052 3021//3021
f 1455//1455 333//333 1465//1465
f 521//521 1053//1053 101//101
f 2790//2790 2827//2827 2767//2767
f 2722//2722 2721//2721 2675//2675
f 728//728 5//5 603//603
f 633//633 1457//1457 883//883
f 3175//3175 3176//3176 3336//3336
f 5//5 240//240 603//603
f 3429//3429 731//731 657//657
f 657//657 1288//1288 3412//3412
f 167//167 433//433 712//712
f 623//623 167//167 732//732
f 447//447 495//495 411//411
f 3213//3213 1558//1558 926//926
f 3788//3788 3162//3162 3082//3082
f 3379//3379 3394//3394 3361//3361
f 1443//1443 1442//1442 1380//1380
f 1475//1475 1474//1474 1442//1442
f 1443//1443 1475//1475 1442//1442
f 1475//1475 1523//1523 1508//1508
f 1474//1474 1475//1475 1508//1508
f 1562//1562 1561//1561 1508//1508
f 1523//1523 1562//1562 1508//1508
f 1595//1595 1594//1594 1561//1561
f 1562//1562 1595//1595 1561//1561
f 1676//1676 1675//1675 1594//1594
f 1595//1595 1676//1676 1594//1594
f 1676//1676 1691//1691 1675//1675
f 1396//1396 1429//1429 1428//1428
f 668//668 667//667 584//584
f 511//511 585//585 464//464
f 585//585 668//668 584//584
f 784//784 667//667 668//668
f 4990//4990 5958//5958 5945//5945
f 59//59 301//301 389//389
f 3094//3094 3125//3125 3124//3124
f 101//101 1053//1053 904//904
f 162//162 521//521 101//101
f 428//428 631//631 2206//2206
f 271//271 428//428 2206//2206
f 2721//2721 2790//2790 2720//2720
f 3423//3423 617//617 674//674
f 882//882 3423//3423 674//674
f 3447//3447 883//883 534//534
f 3429//3429 4671//4671 4670//4670
f 3429//3429 657//657 3412//3412
f 4831//4831 4941//4941 1545//1545
f 3774//3774 3773//3773 3753//3753
f 1563//1563 1562//1562 1523//1523
f 1475//1475 1563//1563 1523//1523
f 1433//1433 1402//1402 2514//2514
f 752//752 751//751 637//637
f 1155//1155 1208//1208 1207//1207
f 973//973 1043//1043 1005//1005
f 1510//1510 3077//3077 38//38
f 101//101 904//904 21//21
f 2993//2993 2995//2995 3026//3026
f 3039//3039 3028//3028 2996//2996
f 480//480 561//561 1628//1628
f 561//561 3137//3137 3184//3184
f 1628//1628 561//561 3184//3184
f 608//608 352//352 166//166
f 766//766 541//541 1247//1247
f 836//836 3447//3447 534//534
f 1248//1248 441//441 433//433
f 4//4 1375//1375 3399//3399
f 2277//2277 3229//3229 3003//3003
f 1563//1563 1595//1595 1562//1562
f 1550//1550 1621//1621 1620//1620
f 2610//2610 2611//2611 2653//2653
f 1205//1205 1257//1257 1256//1256
f 156//156 220//220 309//309
f 465//465 511//511 463//463
f 585//585 584//584 464//464
f 518//518 75//75 1010//1010
f 1322//1322 1323//1323 1361//1361
f 3888//3888 322//322 1808//1808
f 5942//5942 5959//5959 5921//5921
f 295//295 265//265 1032//1032
f 4109//4109 987//987 3953//3953
f 1685//1685 1003//1003 708//708
f 534//534 883//883 1685//1685
f 1784//1784 4752//4752 4732//4732
f 252//252 5909//5909 5910//5910
f 1132//1132 1225//1225 1224//1224
f 1225//1225 1273//1273 1272//1272
f 1224//1224 1225//1225 1272//1272
f 1273//1273 1335//1335 1334//1334
f 1272//1272 1273//1273 1334//1334
f 1335//1335 1382//1382 1381//1381
f 1334//1334 1335//1335 1381//1381
f 1382//1382 1414//1414 1381//1381
f 1414//1414 1443//1443 1381//1381
f 1476//1476 1475//1475 1443//1443
f 1414//1414 1476//1476 1443//1443
f 1524//1524 1563//1563 1475//1475
f 1476//1476 1524//1524 1475//1475
f 1596//1596 1595//1595 1563//1563
f 1524//1524 1596//1596 1563//1563
f 1641//1641 1676//1676 1595//1595
f 1596//1596 1641//1641 1595//1595
f 1692//1692 1641//1641 1708//1708
f 1641//1641 1692//1692 1676//1676
f 1455//1455 1428//1428 333//333
f 558//558 2029//2029 599//599
f 1155//1155 1207//1207 1206//1206
f 384//384 383//383 309//309
f 384//384 465//465 383//383
f 511//511 464//464 463//463
f 466//466 465//465 384//384
f 1256//1256 1257//1257 1322//1322
f 2037//2037 2449//2449 2342//2342
f 1176//1176 608//608 166//166
f 5225//5225 5224//5224 5191//5191
f 1032//1032 265//265 836//836
f 2598//2598 1957//1957 3085//3085
f 1989//1989 5930//5930 3043//3043
f 1132//1132 1178//1178 1225//1225
f 2493//2493 2512//2512 2492//2492
f 665//665 664//664 581//581
f 558//558 599//599 639//639
f 155//155 307//307 262//262
f 1113//1113 1204//1204 1112//1112
f 382//382 462//462 461//461
f 1043//1043 1155//1155 1154//1154
f 1430//1430 1466//1466 1496//1496
f 310//310 384//384 309//309
f 465//465 463//463 383//383
f 1256//1256 1322//1322 1321//1321
f 1154//1154 1155//1155 1206//1206
f 1206//1206 1205//1205 1114//1114
f 4278//4278 4279//4279 1590//1590
f 5955//5955 5698//5698 2355//2355
f 1335//1335 1383//1383 1382//1382
f 1383//1383 1414//1414 1382//1382
f 1732//1732 1731//1731 1682//1682
f 1619//1619 1618//1618 1548//1548
f 1659//1659 1727//1727 1726//1726
f 1427//1427 1455//1455 1454//1454
f 5315//5315 5326//5326 5308//5308
f 112//112 3221//3221 3219//3219
f 1521//1521 3183//3183 798//798
f 3898//3898 2315//2315 2103//2103
f 67//67 676//676 332//332
f 6//6 728//728 650//650
f 6//6 5//5 728//728
f 441//441 194//194 217//217
f 848//848 970//970 847//847
f 3888//3888 1808//1808 1775//1775
f 1428//1428 1429//1429 1490//1490
f 1045//1045 1010//1010 227//227
f 306//306 307//307 380//380
f 1658//1658 1726//1726 1725//1725
f 309//309 308//308 155//155
f 2789//2789 2767//2767 2720//2720
f 3021//3021 2978//2978 3022//3022
f 1045//1045 518//518 1010//1010
f 1329//1329 1402//1402 1328//1328
f 1402//1402 1401//1401 1328//1328
f 309//309 383//383 382//382
f 155//155 308//308 307//307
f 2676//2676 2723//2723 2702//2702
f 987//987 2440//2440 3953//3953
f 186//186 741//741 1003//1003
f 1685//1685 186//186 1003//1003
f 326//326 112//112 3219//3219
f 472//472 863//863 1221//1221
f 3157//3157 3152//3152 3147//3147
f 6//6 284//284 240//240
f 5//5 6//6 240//240
f 1333//1333 3165//3165 410//410
f 4804//4804 3810//3810 3334//3334
f 2080//2080 1540//1540 3904//3904
f 1785//1785 1881//1881 3554//3554
f 1881//1881 2563//2563 3554//3554
f 1133//1133 1134//1134 1178//1178
f 1134//1134 1226//1226 1225//1225
f 1178//1178 1134//1134 1225//1225
f 1226//1226 1274//1274 1273//1273
f 1225//1225 1226//1226 1273//1273
f 1336//1336 1335//1335 1273//1273
f 1274//1274 1336//1336 1273//1273
f 1384//1384 1382//1382 1335//1335
f 1336//1336 1384//1384 1335//1335
f 1384//1384 1415//1415 1414//1414
f 1382//1382 1384//1384 1414//1414
f 1477//1477 1476//1476 1414//1414
f 1415//1415 1477//1477 1414//1414
f 1477//1477 1525//1525 1524//1524
f 1476//1476 1477//1477 1524//1524
f 1597//1597 1596//1596 1524//1524
f 1525//1525 1597//1597 1524//1524
f 1597//1597 1630//1630 1596//1596
f 1642//1642 1641//1641 1596//1596
f 1630//1630 1642//1642 1596//1596
f 1709//1709 1708//1708 1641//1641
f 1642//1642 1709//1709 1641//1641
f 1431//1431 1456//1456 1430//1430
f 311//311 310//310 221//221
f 5928//5928 5698//5698 5955//5955
f 973//973 972//972 917//917
f 3787//3787 3955//3955 1503//1503
f 5008//5008 1294//1294 5947//5947
f 1694//1694 1732//1732 1682//1682
f 2587//2587 2586//2586 2566//2566
f 3958//3958 4109//4109 3953//3953
f 240//240 284//284 882//882
f 284//284 3243//3243 882//882
f 882//882 3243//3243 3423//3423
f 3423//3423 3243//3243 617//617
f 3214//3214 4190//4190 2549//2549
f 1133//1133 1132//1132 1106//1106
f 1384//1384 1416//1416 1415//1415
f 1429//1429 1494//1494 1490//1490
f 4934//4934 5973//5973 5944//5944
f 1429//1429 1430//1430 1495//1495
f 460//460 582//582 581//581
f 1325//1325 1364//1364 1397//1397
f 971//971 970//970 848//848
f 2566//2566 5475//5475 5474//5474
f 1496//1496 1548//1548 1547//1547
f 665//665 666//666 735//735
f 1333//1333 1128//1128 338//338
f 1638//1638 324//324 1404//1404
f 971//971 1005//1005 1042//1042
f 782//782 848//848 847//847
f 1041//1041 1040//1040 969//969
f 156//156 309//309 155//155
f 931//931 851//851 801//801
f 971//971 1042//1042 970//970
f 780//780 847//847 846//846
f 847//847 969//969 968//968
f 1664//1664 1694//1694 1663//1663
f 225//225 644//644 230//230
f 288//288 287//287 245//245
f 122//122 288//288 245//245
f 411//411 3649//3649 288//288
f 338//338 1128//1128 1298//1298
f 5971//5971 5008//5008 5947//5947
f 1347//1347 100//100 106//106
f 3184//3184 766//766 1247//1247
f 2091//2091 2032//2032 5944//5944
f 1376//1376 2698//2698 2854//2854
f 1881//1881 4804//4804 357//357
f 1135//1135 1134//1134 1106//1106
f 1070//1070 1135//1135 1106//1106
f 1135//1135 1227//1227 1226//1226
f 1134//1134 1135//1135 1226//1226
f 1227//1227 1275//1275 1274//1274
f 1226//1226 1227//1227 1274//1274
f 1275//1275 1337//1337 1336//1336
f 1274//1274 1275//1275 1336//1336
f 1337//1337 1385//1385 1384//1384
f 1336//1336 1337//1337 1384//1384
f 1385//1385 1417//1417 1416//1416
f 1384//1384 1385//1385 1416//1416
f 1417//1417 1418//1418 1415//1415
f 1416//1416 1417//1417 1415//1415
f 1418//1418 1478//1478 1477//1477
f 1415//1415 1418//1418 1477//1477
f 1478//1478 1526//1526 1525//1525
f 1477//1477 1478//1478 1525//1525
f 1526//1526 1598//1598 1597//1597
f 1525//1525 1526//1526 1597//1597
f 1598//1598 1599//1599 1630//1630
f 1597//1597 1598//1598 1630//1630
f 1643//1643 1642//1642 1630//1630
f 1599//1599 1643//1643 1630//1630
f 1710//1710 1709//1709 1642//1642
f 1643//1643 1710//1710 1642//1642
f 1710//1710 548//548 588//588
f 1709//1709 1710//1710 588//588
f 1042//1042 1114//1114 1041//1041
f 1427//1427 1428//1428 1455//1455
f 736//736 782//782 780//780
f 970//970 969//969 847//847
f 1633//1633 1634//1634 1663//1663
f 738//738 900//900 709//709
f 846//846 847//847 968//968
f 5224//5224 4327//4327 5191//5191
f 4745//4745 620//620 4882//4882
f 1615//1615 1658//1658 1657//1657
f 1430//1430 1456//1456 1466//1466
f 754//754 753//753 639//639
f 3175//3175 265//265 295//295
f 5555//5555 5554//5554 5516//5516
f 2563//2563 1881//1881 357//357
f 1136//1136 1135//1135 1070//1070
f 1418//1418 1417//1417 1385//1385
f 666//666 667//667 736//736
f 780//780 779//779 664//664
f 147//147 738//738 148//148
f 1496//1496 1497//1497 1548//1548
f 941//941 942//942 985//985
f 666//666 665//665 582//582
f 792//792 1190//1190 921//921
f 640//640 754//754 639//639
f 795//795 752//752 753//753
f 171//171 1433//1433 1500//1500
f 2628//2628 2627//2627 2602//2602
f 5933//5933 5931//5931 2859//2859
f 754//754 795//795 753//753
f 740//740 1175//1175 725//725
f 186//186 353//353 741//741
f 741//741 1175//1175 740//740
f 3620//3620 287//287 3649//3649
f 5075//5075 5136//5136 5098//5098
f 1881//1881 3810//3810 4804//4804
f 3452//3452 3470//3470 2528//2528
f 1526//1526 1599//1599 1598//1598
f 781//781 780//780 665//665
f 1204//1204 1256//1256 1203//1203
f 669//669 668//668 585//585
f 523//523 435//435 556//556
f 1621//1621 1634//1634 1633//1633
f 823//823 822//822 752//752
f 795//795 823//823 752//752
f 938//938 937//937 822//822
f 823//823 938//938 822//822
f 1402//1402 1433//1433 171//171
f 938//938 894//894 1015//1015
f 40//40 285//285 317//317
f 937//937 938//938 1015//1015
f 1551//1551 2505//2505 1623//1623
f 3254//3254 770//770 1925//1925
f 770//770 3373//3373 1925//1925
f 1059//1059 3147//3147 3141//3141
f 3180//3180 3192//3192 3179//3179
f 1785//1785 3554//3554 1066//1066
f 950//950 1022//1022 3110//3110
f 1275//1275 1338//1338 1337//1337
f 1321//1321 1322//1322 1360//1360
f 1398//1398 1431//1431 1430//1430
f 1204//1204 1203//1203 1112//1112
f 1010//1010 75//75 1009//1009
f 2051//2051 3113//3113 2102//2102
f 779//779 780//780 846//846
f 1620//1620 1619//1619 1548//1548
f 1549//1549 1620//1620 1548//1548
f 2998//2998 2997//2997 2963//2963
f 2964//2964 2998//2998 2963//2963
f 2998//2998 2996//2996 2997//2997
f 122//122 192//192 288//288
f 4831//4831 2535//2535 2550//2550
f 289//289 412//412 411//411
f 288//288 289//289 411//411
f 448//448 447//447 411//411
f 412//412 448//448 411//411
f 1785//1785 1066//1066 4149//4149
f 3896//3896 4611//4611 3950//3950
f 1137//1137 1228//1228 1227//1227
f 1135//1135 1137//1137 1227//1227
f 1276//1276 1275//1275 1227//1227
f 1228//1228 1276//1276 1227//1227
f 1276//1276 1339//1339 1338//1338
f 1275//1275 1276//1276 1338//1338
f 1355//1355 1337//1337 1338//1338
f 1339//1339 1355//1355 1338//1338
f 1386//1386 1385//1385 1337//1337
f 1355//1355 1386//1386 1337//1337
f 1386//1386 1444//1444 1418//1418
f 1385//1385 1386//1386 1418//1418
f 1479//1479 1478//1478 1418//1418
f 1444//1444 1479//1479 1418//1418
f 1527//1527 1526//1526 1478//1478
f 1479//1479 1527//1527 1478//1478
f 1527//1527 1580//1580 1526//1526
f 1580//1580 1600//1600 1599//1599
f 1526//1526 1580//1580 1599//1599
f 1600//1600 1644//1644 1643//1643
f 1599//1599 1600//1600 1643//1643
f 1644//1644 1711//1711 1710//1710
f 1643//1643 1644//1644 1710//1710
f 1711//1711 707//707 548//548
f 1710//1710 1711//1711 548//548
f 783//783 849//849 782//782
f 392//392 55//55 2510//2510
f 1623//1623 1665//1665 1664//1664
f 1621//1621 1622//1622 1634//1634
f 1622//1622 1623//1623 1634//1634
f 289//289 369//369 412//412
f 738//738 851//851 900//900
f 3168//3168 3206//3206 3191//3191
f 2801//2801 3168//3168 3191//3191
f 3206//3206 3231//3231 3230//3230
f 3191//3191 3206//3206 3230//3230
f 24//24 2441//2441 1286//1286
f 153//153 4039//4039 920//920
f 23//23 153//153 920//920
f 3175//3175 3336//3336 265//265
f 994//994 950//950 3110//3110
f 1755//1755 1785//1785 4149//4149
f 1276//1276 1313//1313 1339//1339
f 1339//1339 1386//1386 1355//1355
f 5971//5971 5947//5947 4758//4758
f 1039//1039 1040//1040 1112//1112
f 973//973 1005//1005 971//971
f 849//849 850//850 917//917
f 1500//1500 1501//1501 1551//1551
f 460//460 461//461 582//582
f 1547//1547 1586//1586 1585//1585
f 383//383 463//463 462//462
f 1456//1456 1497//1497 1496//1496
f 1324//1324 1325//1325 1363//1363
f 1727//1727 163//163 363//363
f 1551//1551 1622//1622 1621//1621
f 2428//2428 2736//2736 2734//2734
f 2407//2407 2540//2540 2428//2428
f 591//591 570//570 2601//2601
f 349//349 278//278 1726//1726
f 1550//1550 1551//1551 1621//1621
f 883//883 353//353 186//186
f 3336//3336 633//633 883//883
f 5976//5976 5683//5683 5925//5925
f 950//950 4732//4732 1022//1022
f 2550//2550 4730//4730 4831//4831
f 3843//3843 4282//4282 4979//4979
f 5798//5798 5818//5818 5761//5761
f 1527//1527 1600//1600 1580//1580
f 5931//5931 5929//5929 1093//1093
f 1363//1363 1362//1362 1323//1323
f 1324//1324 1363//1363 1323//1323
f 1684//1684 1735//1735 1734//1734
f 638//638 637//637 557//557
f 3119//3119 3120//3120 1696//1696
f 213//213 1046//1046 1671//1671
f 2662//2662 2739//2739 1637//1637
f 1728//1728 1729//1729 443//443
f 290//290 370//370 369//369
f 289//289 290//290 369//369
f 370//370 413//413 412//412
f 449//449 448//448 412//412
f 413//413 449//449 412//412
f 449//449 496//496 448//448
f 5918//5918 5935//5935 5934//5934
f 881//881 880//880 835//835
f 5071//5071 5097//5097 5070//5070
f 3536//3536 4431//4431 3469//3469
f 1138//1138 1137//1137 1107//1107
f 1138//1138 1229//1229 1228//1228
f 1137//1137 1138//1138 1228//1228
f 1277//1277 1276//1276 1228//1228
f 1229//1229 1277//1277 1228//1228
f 1277//1277 1313//1313 1276//1276
f 1277//1277 1340//1340 1339//1339
f 1313//1313 1277//1277 1339//1339
f 1340//1340 1387//1387 1386//1386
f 1339//1339 1340//1340 1386//1386
f 1387//1387 1445//1445 1444//1444
f 1386//1386 1387//1387 1444//1444
f 1480//1480 1479//1479 1444//1444
f 1445//1445 1480//1480 1444//1444
f 1480//1480 1528//1528 1527//1527
f 1479//1479 1480//1480 1527//1527
f 1528//1528 1601//1601 1600//1600
f 1527//1527 1528//1528 1600//1600
f 1645//1645 1644//1644 1600//1600
f 1601//1601 1645//1645 1600//1600
f 1712//1712 1711//1711 1644//1644
f 1645//1645 1712//1712 1644//1644
f 1712//1712 348//348 707//707
f 1711//1711 1712//1712 707//707
f 708//708 675//675 671//671
f 582//582 665//665 581//581
f 1430//1430 1496//1496 1495//1495
f 1819//1819 393//393 98//98
f 98//98 320//320 1926//1926
f 393//393 213//213 124//124
f 98//98 393//393 124//124
f 105//105 1625//1625 321//321
f 5726//5726 5715//5715 5688//5688
f 3255//3255 314//314 626//626
f 2380//2380 2381//2381 2413//2413
f 4407//4407 4427//4427 4405//4405
f 3989//3989 4241//4241 4039//4039
f 153//153 3989//3989 4039//4039
f 3428//3428 3410//3410 3380//3380
f 3411//3411 3428//3428 3380//3380
f 3469//3469 4431//4431 4812//4812
f 1138//1138 1107//1107 1074//1074
f 1340//1340 1341//1341 1387//1387
f 1712//1712 1757//1757 348//348
f 3989//3989 3852//3852 4241//4241
f 1008//1008 626//626 314//314
f 2533//2533 2215//2215 547//547
f 1255//1255 1256//1256 1321//1321
f 1433//1433 1501//1501 1500//1500
f 1726//1726 278//278 1725//1725
f 1116//1116 1008//1008 314//314
f 413//413 496//496 449//449
f 5924//5924 5927//5927 2859//2859
f 441//441 217//217 326//326
f 3385//3385 3434//3434 131//131
f 712//712 182//182 635//635
f 1341//1341 1340//1340 1277//1277
f 1581//1581 1601//1601 1528//1528
f 1257//1257 1258//1258 1323//1323
f 443//443 1008//1008 1116//1116
f 3997//3997 4568//4568 4565//4565
f 1734//1734 1735//1735 1733//1733
f 1735//1735 313//313 264//264
f 307//307 308//308 381//381
f 3005//3005 1432//1432 479//479
f 163//163 443//443 1116//1116
f 79//79 481//481 1047//1047
f 920//920 4039//4039 3330//3330
f 1154//1154 1206//1206 1114//1114
f 1660//1660 1728//1728 1659//1659
f 5053//5053 5065//5065 4218//4218
f 441//441 183//183 433//433
f 1288//1288 3428//3428 3411//3411
f 774//774 768//768 871//871
f 3428//3428 623//623 3410//3410
f 1258//1258 1324//1324 1323//1323
f 2829//2829 3997//3997 4565//4565
f 1975//1975 1952//1952 1871//1871
f 5927//5927 2760//2760 5931//5931
f 1363//1363 1396//1396 1407//1407
f 1727//1727 1728//1728 163//163
f 461//461 583//583 582//582
f 213//213 1626//1626 1047//1047
f 5077//5077 5258//5258 2359//2359
f 1466//1466 1456//1456 1496//1496
f 1617//1617 1660//1660 1659//1659
f 198//198 291//291 290//290
f 197//197 198//198 290//290
f 337//337 370//370 290//290
f 291//291 337//337 290//290
f 337//337 414//414 413//413
f 370//370 337//337 413//413
f 497//497 496//496 413//413
f 414//414 497//497 413//413
f 497//497 538//538 496//496
f 1288//1288 554//554 3428//3428
f 3412//3412 1288//1288 3411//3411
f 1375//1375 774//774 519//519
f 3399//3399 1375//1375 519//519
f 768//768 819//819 688//688
f 871//871 768//768 688//688
f 131//131 3434//3434 1331//1331
f 884//884 959//959 1001//1001
f 182//182 872//872 3213//3213
f 959//959 1075//1075 1074//1074
f 1075//1075 1076//1076 1074//1074
f 1076//1076 1139//1139 1138//1138
f 1074//1074 1076//1076 1138//1138
f 1230//1230 1229//1229 1138//1138
f 1139//1139 1230//1230 1138//1138
f 1278//1278 1277//1277 1229//1229
f 1230//1230 1278//1278 1229//1229
f 1342//1342 1341//1341 1277//1277
f 1278//1278 1342//1342 1277//1277
f 1342//1342 1388//1388 1387//1387
f 1341//1341 1342//1342 1387//1387
f 1446//1446 1445//1445 1387//1387
f 1388//1388 1446//1446 1387//1387
f 1446//1446 1481//1481 1480//1480
f 1445//1445 1446//1446 1480//1480
f 1481//1481 1529//1529 1528//1528
f 1480//1480 1481//1481 1528//1528
f 1529//1529 1581//1581 1528//1528
f 1602//1602 1601//1601 1581//1581
f 1529//1529 1602//1602 1581//1581
f 1646//1646 1645//1645 1601//1601
f 1602//1602 1646//1646 1601//1601
f 1646//1646 1713//1713 1712//1712
f 1645//1645 1646//1646 1712//1712
f 1713//1713 549//549 348//348
f 1712//1712 1713//1713 348//348
f 1210//1210 919//919 348//348
f 549//549 1210//1210 348//348
f 1007//1007 918//918 919//919
f 1210//1210 1007//1007 919//919
f 1007//1007 859//859 858//858
f 918//918 1007//1007 858//858
f 5929//5929 5964//5964 1306//1306
f 1665//1665 1683//1683 1664//1664
f 4758//4758 5930//5930 5961//5961
f 5934//5934 5935//5935 485//485
f 1634//1634 1623//1623 1664//1664
f 1728//1728 443//443 163//163
f 1728//1728 1727//1727 1659//1659
f 1325//1325 1324//1324 1258//1258
f 2158//2158 399//399 213//213
f 399//399 129//129 1047//1047
f 1626//1626 399//399 1047//1047
f 129//129 79//79 1047//1047
f 1694//1694 1683//1683 1732//1732
f 1043//1043 2379//2379 1155//1155
f 1616//1616 1617//1617 1659//1659
f 712//712 433//433 182//182
f 5928//5928 5955//5955 2355//2355
f 959//959 1076//1076 1075//1075
f 1758//1758 549//549 1713//1713
f 3115//3115 5927//5927 5924//5924
f 1510//1510 1435//1435 3077//3077
f 1683//1683 1733//1733 1732//1732
f 1585//1585 1586//1586 1616//1616
f 381//381 460//460 459//459
f 667//667 737//737 736//736
f 736//736 737//737 782//782
f 1664//1664 1683//1683 1694//1694
f 2379//2379 1156//1156 1155//1155
f 610//610 611//611 695//695
f 433//433 908//908 182//182
f 3410//3410 1356//1356 3394//3394
f 959//959 1029//1029 1076//1076
f 1007//1007 1553//1553 859//859
f 2826//2826 2869//2869 2825//2825
f 5960//5960 5950//5950 5951//5951
f 458//458 459//459 510//510
f 939//939 938//938 823//823
f 264//264 897//897 851//851
f 147//147 264//264 851//851
f 4363//4363 4362//4362 4340//4340
f 81//81 762//762 51//51
f 199//199 292//292 291//291
f 292//292 293//293 337//337
f 291//291 292//292 337//337
f 293//293 415//415 414//414
f 337//337 293//293 414//414
f 498//498 497//497 414//414
f 415//415 498//498 414//414
f 498//498 611//611 610//610
f 497//497 498//498 610//610
f 611//611 696//696 695//695
f 696//696 805//805 804//804
f 884//884 804//804 805//805
f 805//805 885//885 884//884
f 885//885 960//960 959//959
f 884//884 885//885 959//959
f 960//960 1030//1030 1029//1029
f 959//959 960//960 1029//1029
f 1077//1077 1076//1076 1029//1029
f 1030//1030 1077//1077 1029//1029
f 1077//1077 1140//1140 1139//1139
f 1076//1076 1077//1077 1139//1139
f 1231//1231 1230//1230 1139//1139
f 1140//1140 1231//1231 1139//1139
f 1231//1231 1279//1279 1278//1278
f 1230//1230 1231//1231 1278//1278
f 1343//1343 1342//1342 1278//1278
f 1279//1279 1343//1343 1278//1278
f 1343//1343 1389//1389 1388//1388
f 1342//1342 1343//1343 1388//1388
f 1389//1389 1447//1447 1446//1446
f 1388//1388 1389//1389 1446//1446
f 1482//1482 1481//1481 1446//1446
f 1447//1447 1482//1482 1446//1446
f 1482//1482 1564//1564 1529//1529
f 1481//1481 1482//1482 1529//1529
f 1564//1564 1565//1565 1529//1529
f 1565//1565 1603//1603 1602//1602
f 1529//1529 1565//1565 1602//1602
f 1603//1603 1647//1647 1646//1646
f 1602//1602 1603//1603 1646//1646
f 1647//1647 1714//1714 1713//1713
f 1646//1646 1647//1647 1713//1713
f 1713//1713 1714//1714 1758//1758
f 1714//1714 483//483 549//549
f 1758//1758 1714//1714 549//549
f 1180//1180 1210//1210 549//549
f 483//483 1180//1180 549//549
f 1051//1051 1007//1007 1210//1210
f 1180//1180 1051//1051 1210//1210
f 1051//1051 1553//1553 1007//1007
f 3091//3091 3092//3092 3121//3121
f 36//36 225//225 3010//3010
f 1586//1586 1617//1617 1616//1616
f 849//849 971//971 848//848
f 382//382 383//383 462//462
f 463//463 464//464 461//461
f 193//193 486//486 79//79
f 129//129 193//193 79//79
f 486//486 51//51 79//79
f 2488//2488 4445//4445 3055//3055
f 4241//4241 3852//3852 3044//3044
f 3879//3879 1700//1700 5953//5953
f 1733//1733 264//264 765//765
f 1732//1732 1733//1733 765//765
f 1831//1831 5908//5908 1860//1860
f 960//960 1077//1077 1030//1030
f 1530//1530 1565//1565 1564//1564
f 1482//1482 1530//1530 1564//1564
f 3092//3092 3122//3122 3121//3121
f 765//765 264//264 147//147
f 2926//2926 2855//2855 3362//3362
f 199//199 293//293 292//292
f 1647//1647 1677//1677 1714//1714
f 2621//2621 1510//1510 1171//1171
f 4626//4626 5261//5261 4646//4646
f 3092//3092 3091//3091 3048//3048
f 5420//5420 4756//4756 5421//5421
f 4318//4318 1942//1942 4319//4319
f 594//594 1670//1670 715//715
f 2018//2018 3045//3045 2081//2081
f 199//199 248//248 293//293
f 1603//1603 1677//1677 1647//1647
f 540//540 1148//1148 1553//1553
f 3171//3171 360//360 1265//1265
f 2075//2075 2121//2121 2120//2120
f 262//262 307//307 306//306
f 970//970 1041//1041 969//969
f 191//191 81//81 150//150
f 4403//4403 4402//4402 4360//4360
f 294//294 416//416 415//415
f 293//293 294//294 415//415
f 416//416 499//499 498//498
f 415//415 416//416 498//498
f 612//612 611//611 498//498
f 499//499 612//612 498//498
f 697//697 696//696 611//611
f 612//612 697//697 611//611
f 806//806 805//805 696//696
f 697//697 806//806 696//696
f 886//886 885//885 805//805
f 806//806 886//886 805//805
f 961//961 960//960 885//885
f 886//886 961//961 885//885
f 961//961 1078//1078 1077//1077
f 960//960 961//961 1077//1077
f 1141//1141 1140//1140 1077//1077
f 1078//1078 1141//1141 1077//1077
f 1232//1232 1231//1231 1140//1140
f 1141//1141 1232//1232 1140//1140
f 1232//1232 1280//1280 1279//1279
f 1231//1231 1232//1232 1279//1279
f 1280//1280 1344//1344 1343//1343
f 1279//1279 1280//1280 1343//1343
f 1390//1390 1389//1389 1343//1343
f 1344//1344 1390//1390 1343//1343
f 1390//1390 1448//1448 1447//1447
f 1389//1389 1390//1390 1447//1447
f 1483//1483 1482//1482 1447//1447
f 1448//1448 1483//1483 1447//1447
f 1483//1483 1530//1530 1482//1482
f 1566//1566 1565//1565 1530//1530
f 1483//1483 1566//1566 1530//1530
f 1604//1604 1603//1603 1565//1565
f 1566//1566 1604//1604 1565//1565
f 1604//1604 1678//1678 1677//1677
f 1603//1603 1604//1604 1677//1677
f 1678//1678 1715//1715 1714//1714
f 1677//1677 1678//1678 1714//1714
f 1715//1715 629//629 483//483
f 1714//1714 1715//1715 483//483
f 629//629 1181//1181 1180//1180
f 483//483 629//629 1180//1180
f 1181//1181 980//980 1051//1051
f 1180//1180 1181//1181 1051//1051
f 980//980 540//540 1051//1051
f 3049//3049 3092//3092 3048//3048
f 2605//2605 2631//2631 2604//2604
f 325//325 150//150 81//81
f 51//51 325//325 81//81
f 166//166 352//352 476//476
f 653//653 945//945 3218//3218
f 961//961 1031//1031 1078//1078
f 2790//2790 2767//2767 2789//2789
f 2998//2998 3029//3029 2996//2996
f 1207//1207 1208//1208 1289//1289
f 2040//2040 814//814 60//60
f 714//714 754//754 640//640
f 1171//1171 38//38 2862//2862
f 352//352 113//113 476//476
f 3444//3444 133//133 1017//1017
f 694//694 653//653 3218//3218
f 1531//1531 1566//1566 1483//1483
f 1715//1715 1759//1759 629//629
f 930//930 540//540 980//980
f 4004//4004 4617//4617 3986//3986
f 518//518 314//314 990//990
f 417//417 500//500 499//499
f 416//416 417//417 499//499
f 500//500 501//501 499//499
f 613//613 612//612 499//499
f 501//501 613//613 499//499
f 613//613 651//651 612//612
f 698//698 697//697 612//612
f 651//651 698//698 612//612
f 807//807 806//806 697//697
f 698//698 807//807 697//697
f 887//887 886//886 806//806
f 807//807 887//887 806//806
f 962//962 961//961 886//886
f 887//887 962//962 886//886
f 962//962 1031//1031 961//961
f 1079//1079 1078//1078 1031//1031
f 962//962 1079//1079 1031//1031
f 1079//1079 1108//1108 1078//1078
f 1142//1142 1141//1141 1078//1078
f 1108//1108 1142//1142 1078//1078
f 1142//1142 1143//1143 1141//1141
f 1233//1233 1232//1232 1141//1141
f 1143//1143 1233//1233 1141//1141
f 1281//1281 1280//1280 1232//1232
f 1233//1233 1281//1281 1232//1232
f 1281//1281 1345//1345 1344//1344
f 1280//1280 1281//1281 1344//1344
f 1391//1391 1390//1390 1344//1344
f 1345//1345 1391//1391 1344//1344
f 1391//1391 1419//1419 1448//1448
f 1390//1390 1391//1391 1448//1448
f 1484//1484 1483//1483 1448//1448
f 1419//1419 1484//1484 1448//1448
f 1484//1484 1531//1531 1483//1483
f 1484//1484 1532//1532 1531//1531
f 1582//1582 1566//1566 1531//1531
f 1532//1532 1582//1582 1531//1531
f 1605//1605 1604//1604 1566//1566
f 1582//1582 1605//1605 1566//1566
f 1679//1679 1678//1678 1604//1604
f 1605//1605 1679//1679 1604//1604
f 1716//1716 1715//1715 1678//1678
f 1679//1679 1716//1716 1678//1678
f 1716//1716 1760//1760 1759//1759
f 1715//1715 1716//1716 1759//1759
f 347//347 629//629 1759//1759
f 1760//1760 347//347 1759//1759
f 347//347 1158//1158 1181//1181
f 629//629 347//347 1181//1181
f 1158//1158 930//930 980//980
f 1181//1181 1158//1158 980//980
f 2540//2540 2407//2407 2408//2408
f 2204//2204 1501//1501 1433//1433
f 88//88 16//16 191//191
f 150//150 88//88 191//191
f 16//16 88//88 2053//2053
f 476//476 113//113 1450//1450
f 3221//3221 493//493 491//491
f 3219//3219 3221//3221 491//491
f 5162//5162 1744//1744 5919//5919
f 613//613 698//698 651//651
f 1143//1143 1142//1142 1108//1108
f 1079//1079 1143//1143 1108//1108
f 1234//1234 1233//1233 1143//1143
f 1648//1648 1679//1679 1605//1605
f 261//261 262//262 306//306
f 850//850 849//849 783//783
f 3185//3185 2125//2125 32//32
f 491//491 493//493 616//616
f 4272//4272 4256//4256 4288//4288
f 699//699 698//698 613//613
f 1234//1234 1281//1281 1233//1233
f 1532//1532 1605//1605 1582//1582
f 1716//1716 347//347 1760//1760
f 968//968 969//969 1039//1039
f 755//755 756//756 795//795
f 754//754 755//755 795//795
f 756//756 824//824 823//823
f 381//381 382//382 460//460
f 1362//1362 1407//1407 1428//1428
f 278//278 227//227 1725//1725
f 5931//5931 3167//3167 5929//5929
f 166//166 1062//1062 1219//1219
f 656//656 166//166 1219//1219
f 872//872 519//519 404//404
f 1282//1282 1281//1281 1234//1234
f 1282//1282 1345//1345 1281//1281
f 2721//2721 2720//2720 2701//2701
f 795//795 756//756 823//823
f 2219//2219 2243//2243 896//896
f 737//737 783//783 782//782
f 586//586 585//585 465//465
f 1208//1208 1207//1207 1206//1206
f 1397//1397 1398//1398 1430//1430
f 972//972 973//973 971//971
f 1634//1634 1664//1664 1663//1663
f 16//16 1469//1469 39//39
f 1062//1062 166//166 3284//3284
f 166//166 476//476 3284//3284
f 614//614 613//613 501//501
f 539//539 614//614 501//501
f 700//700 699//699 613//613
f 614//614 700//700 613//613
f 700//700 698//698 699//699
f 808//808 807//807 698//698
f 700//700 808//808 698//698
f 808//808 837//837 807//807
f 888//888 887//887 807//807
f 837//837 888//888 807//807
f 1002//1002 962//962 887//887
f 888//888 1002//1002 887//887
f 1080//1080 1079//1079 962//962
f 1002//1002 1080//1080 962//962
f 1144//1144 1143//1143 1079//1079
f 1080//1080 1144//1144 1079//1079
f 1235//1235 1234//1234 1143//1143
f 1144//1144 1235//1235 1143//1143
f 1283//1283 1282//1282 1234//1234
f 1235//1235 1283//1283 1234//1234
f 1283//1283 1284//1284 1282//1282
f 1284//1284 1346//1346 1345//1345
f 1282//1282 1284//1284 1345//1345
f 1346//1346 1392//1392 1391//1391
f 1345//1345 1346//1346 1391//1391
f 1449//1449 1419//1419 1391//1391
f 1392//1392 1449//1449 1391//1391
f 1449//1449 1485//1485 1484//1484
f 1419//1419 1449//1449 1484//1484
f 1533//1533 1532//1532 1484//1484
f 1485//1485 1533//1533 1484//1484
f 1606//1606 1605//1605 1532//1532
f 1533//1533 1606//1606 1532//1532
f 1606//1606 1631//1631 1605//1605
f 1649//1649 1648//1648 1605//1605
f 1631//1631 1649//1649 1605//1605
f 1649//1649 1679//1679 1648//1648
f 1717//1717 1716//1716 1679//1679
f 1649//1649 1717//1717 1679//1679
f 670//670 347//347 1716//1716
f 1717//1717 670//670 1716//1716
f 1157//1157 1158//1158 347//347
f 670//670 1157//1157 347//347
f 1158//1158 1157//1157 930//930
f 941//941 940//940 824//824
f 5944//5944 5936//5936 2091//2091
f 940//940 939//939 823//823
f 824//824 940//940 823//823
f 27//27 626//626 625//625
f 969//969 1040//1040 1039//1039
f 586//586 669//669 585//585
f 3827//3827 5962//5962 5943//5943
f 1584//1584 71//71 1469//1469
f 16//16 1584//1584 1469//1469
f 1469//1469 71//71 39//39
f 2554//2554 2569//2569 2568//2568
f 3310//3310 329//329 134//134
f 616//616 335//335 115//115
f 936//936 429//429 1957//1957
f 2553//2553 2554//2554 2568//2568
f 20//20 712//712 635//635
f 3213//3213 872//872 1558//1558
f 889//889 888//888 837//837
f 808//808 889//889 837//837
f 1236//1236 1284//1284 1283//1283
f 1235//1235 1236//1236 1283//1283
f 1625//1625 15//15 321//321
f 2110//2110 1435//1435 2408//2408
f 2869//2869 2870//2870 2923//2923
f 866//866 2047//2047 2590//2590
f 1670//1670 2510//2510 715//715
f 985//985 938//938 939//939
f 940//940 985//985 939//939
f 666//666 736//736 735//735
f 512//512 18//18 2129//2129
f 1257//1257 1323//1323 1322//1322
f 2053//2053 1584//1584 16//16
f 616//616 1032//1032 335//335
f 115//115 335//335 134//134
f 335//335 3310//3310 134//134
f 632//632 3160//3160 925//925
f 4318//4318 4317//4317 4289//4289
f 4180//4180 1027//1027 5956//5956
f 2769//2769 2791//2791 2721//2721
f 1235//1235 1144//1144 3551//3551
f 665//665 780//780 664//664
f 2589//2589 2588//2588 2567//2567
f 1497//1497 1515//1515 1549//1549
f 1467//1467 3011//3011 1354//1354
f 3565//3565 3969//3969 3956//3956
f 373//373 298//298 299//299
f 3385//3385 3401//3401 3434//3434
f 701//701 700//700 614//614
f 615//615 701//701 614//614
f 809//809 808//808 700//700
f 701//701 809//809 700//700
f 890//890 889//889 808//808
f 809//809 890//890 808//808
f 890//890 891//891 888//888
f 889//889 890//890 888//888
f 891//891 963//963 1002//1002
f 888//888 891//891 1002//1002
f 963//963 1081//1081 1080//1080
f 1002//1002 963//963 1080//1080
f 1081//1081 1145//1145 1144//1144
f 1080//1080 1081//1081 1144//1144
f 1756//1756 2597//2597 2864//2864
f 658//658 628//628 744//744
f 1405//1405 1420//1420 1449//1449
f 1392//1392 1405//1405 1449//1449
f 1420//1420 1486//1486 1485//1485
f 1449//1449 1420//1420 1485//1485
f 1486//1486 1534//1534 1533//1533
f 1485//1485 1486//1486 1533//1533
f 1607//1607 1606//1606 1533//1533
f 1534//1534 1607//1607 1533//1533
f 1632//1632 1631//1631 1606//1606
f 1607//1607 1632//1632 1606//1606
f 1650//1650 1649//1649 1631//1631
f 1632//1632 1650//1650 1631//1631
f 1718//1718 1717//1717 1649//1649
f 1650//1650 1718//1718 1649//1649
f 218//218 670//670 1717//1717
f 1718//1718 218//218 1717//1717
f 218//218 1115//1115 1157//1157
f 670//670 218//218 1157//1157
f 1063//1063 1743//1743 5287//5287
f 2155//2155 2533//2533 547//547
f 2629//2629 2628//2628 2603//2603
f 1256//1256 1255//1255 1203//1203
f 2533//2533 2359//2359 1119//1119
f 2399//2399 2438//2438 2437//2437
f 374//374 373//373 299//299
f 916//916 798//798 1330//1330
f 809//809 891//891 890//890
f 3210//3210 328//328 364//364
f 653//653 3174//3174 945//945
f 533//533 338//338 1459//1459
f 10//10 218//218 1718//1718
f 2981//2981 2994//2994 2938//2938
f 2794//2794 4501//4501 2732//2732
f 1551//1551 1623//1623 1622//1622
f 1684//1684 1734//1734 1733//1733
f 735//735 736//736 780//780
f 1428//1428 1490//1490 333//333
f 459//459 460//460 510//510
f 584//584 583//583 461//461
f 4658//4658 2794//2794 2732//2732
f 1055//1055 1294//1294 1977//1977
f 691//691 606//606 168//168
f 31//31 871//871 688//688
f 3732//3732 3704//3704 503//503
f 701//701 771//771 809//809
f 809//809 810//810 891//891
f 5008//5008 2550//2550 1294//1294
f 628//628 20//20 257//257
f 20//20 635//635 257//257
f 2640//2640 1242//1242 2239//2239
f 489//489 365//365 47//47
f 364//364 634//634 692//692
f 3427//3427 624//624 3426//3426
f 3305//3305 3353//3353 3337//3337
f 257//257 3277//3277 744//744
f 1719//1719 1718//1718 1650//1650
f 2994//2994 2995//2995 2993//2993
f 1670//1670 392//392 2510//2510
f 2731//2731 4658//4658 2732//2732
f 556//556 557//557 598//598
f 308//308 309//309 382//382
f 1042//1042 1154//1154 1114//1114
f 1396//1396 1397//1397 1429//1429
f 940//940 941//941 985//985
f 1362//1362 1363//1363 1407//1407
f 435//435 437//437 523//523
f 437//437 557//557 556//556
f 375//375 374//374 299//299
f 300//300 375//375 299//299
f 374//374 455//455 373//373
f 504//504 503//503 373//373
f 455//455 504//504 373//373
f 1891//1891 255//255 254//254
f 3306//3306 3353//3353 3305//3305
f 767//767 916//916 1330//1330
f 1033//1033 3160//3160 57//57
f 772//772 20//20 658//658
f 894//894 895//895 336//336
f 4127//4127 4096//4096 3758//3758
f 226//226 3941//3941 4207//4207
f 658//658 624//624 3427//3427
f 1356//1356 658//658 3427//3427
f 3385//3385 3384//3384 3337//3337
f 1308//1308 3170//3170 3211//3211
f 628//628 257//257 744//744
f 3609//3609 1420//1420 1393//1393
f 1487//1487 1486//1486 1420//1420
f 1486//1486 1535//1535 1534//1534
f 1535//1535 1607//1607 1534//1534
f 1651//1651 1650//1650 1632//1632
f 1607//1607 1651//1651 1632//1632
f 2922//2922 2923//2923 2955//2955
f 1682//1682 1731//1731 1730//1730
f 557//557 637//637 598//598
f 1733//1733 1735//1735 264//264
f 2589//2589 2607//2607 2588//2588
f 584//584 667//667 583//583
f 667//667 666//666 583//583
f 346//346 385//385 310//310
f 346//346 310//310 311//311
f 4990//4990 5012//5012 5958//5958
f 780//780 782//782 847//847
f 1362//1362 1428//1428 1427//1427
f 466//466 586//586 465//465
f 1042//1042 1043//1043 1154//1154
f 235//235 362//362 234//234
f 234//234 362//362 401//401
f 523//523 437//437 556//556
f 398//398 436//436 435//435
f 190//190 119//119 685//685
f 375//375 455//455 374//374
f 301//301 390//390 389//389
f 3386//3386 3213//3213 926//926
f 2710//2710 4448//4448 2239//2239
f 3427//3427 3426//3426 3378//3378
f 3385//3385 131//131 3384//3384
f 283//283 314//314 3255//3255
f 658//658 744//744 624//624
f 3059//3059 3898//3898 3236//3236
f 1608//1608 1607//1607 1535//1535
f 1652//1652 1651//1651 1607//1607
f 1608//1608 1652//1652 1607//1607
f 1720//1720 1719//1719 1650//1650
f 1651//1651 1720//1720 1650//1650
f 1720//1720 1718//1718 1719//1719
f 11//11 10//10 1718//1718
f 1720//1720 11//11 1718//1718
f 1260//1260 218//218 10//10
f 11//11 1260//1260 10//10
f 898//898 1115//1115 218//218
f 1260//1260 898//898 218//218
f 928//928 929//929 1115//1115
f 898//898 928//928 1115//1115
f 1660//1660 1661//1661 1681//1681
f 118//118 897//897 1945//1945
f 220//220 310//310 309//309
f 923//923 738//738 709//709
f 1744//1744 3827//3827 5943//5943
f 1657//1657 1658//1658 1725//1725
f 1618//1618 1661//1661 1617//1617
f 732//732 772//772 1356//1356
f 772//772 658//658 1356//1356
f 1061//1061 2641//2641 3191//3191
f 3191//3191 3230//3230 3229//3229
f 634//634 283//283 27//27
f 4316//4316 4317//4317 4338//4338
f 2352//2352 3403//3403 2398//2398
f 236//236 328//328 181//181
f 4317//4317 4339//4339 4338//4338
f 1432//1432 439//439 479//479
f 257//257 236//236 181//181
f 624//624 744//744 892//892
f 11//11 898//898 1260//1260
f 899//899 928//928 898//898
f 899//899 740//740 928//928
f 2923//2923 2956//2956 2955//2955
f 2862//2862 1537//1537 242//242
f 436//436 437//437 435//435
f 1661//1661 1660//1660 1617//1617
f 1732//1732 765//765 1731//1731
f 158//158 765//765 148//148
f 1042//1042 1041//1041 970//970
f 1206//1206 1258//1258 1205//1205
f 1258//1258 1257//1257 1205//1205
f 1620//1620 1621//1621 1633//1633
f 381//381 459//459 458//458
f 58//58 2546//2546 2032//2032
f 784//784 850//850 813//813
f 20//20 628//628 658//658
f 1372//1372 282//282 409//409
f 3453//3453 1057//1057 3382//3382
f 1783//1783 4517//4517 5949//5949
f 1099//1099 634//634 27//27
f 430//430 1033//1033 57//57
f 4041//4041 3715//3715 3729//3729
f 4626//4626 4646//4646 4645//4645
f 1750//1750 257//257 181//181
f 41//41 11//11 1720//1720
f 708//708 1003//1003 740//740
f 2037//2037 2342//2342 2343//2343
f 765//765 158//158 1731//1731
f 667//667 783//783 737//737
f 363//363 163//163 278//278
f 849//849 848//848 782//782
f 380//380 381//381 425//425
f 5932//5932 2355//2355 2479//2479
f 345//345 376//376 375//375
f 300//300 345//345 375//375
f 422//422 455//455 375//375
f 376//376 422//422 375//375
f 505//505 504//504 455//455
f 422//422 505//505 455//455
f 504//504 505//505 573//573
f 568//568 25//25 3198//3198
f 1370//1370 2710//2710 2239//2239
f 328//328 3213//3213 3386//3386
f 634//634 1464//1464 283//283
f 283//283 990//990 314//314
f 364//364 926//926 634//634
f 2710//2710 52//52 4448//4448
f 1537//1537 2624//2624 2541//2541
f 181//181 328//328 3210//3210
f 2440//2440 133//133 4030//4030
f 5146//5146 5153//5153 5145//5145
f 2367//2367 3431//3431 601//601
f 3353//3353 3385//3385 3337//3337
f 981//981 137//137 570//570
f 181//181 3210//3210 45//45
f 744//744 1090//1090 892//892
f 3426//3426 624//624 892//892
f 1536//1536 1609//1609 1608//1608
f 1535//1535 1536//1536 1608//1608
f 1653//1653 1652//1652 1608//1608
f 1609//1609 1653//1653 1608//1608
f 1680//1680 1651//1651 1652//1652
f 1653//1653 1680//1680 1652//1652
f 1721//1721 1720//1720 1651//1651
f 1680//1680 1721//1721 1651//1651
f 44//44 41//41 1720//1720
f 1721//1721 44//44 1720//1720
f 157//157 11//11 41//41
f 44//44 157//157 41//41
f 1084//1084 898//898 11//11
f 157//157 1084//1084 11//11
f 1084//1084 1369//1369 898//898
f 675//675 899//899 898//898
f 1369//1369 675//675 898//898
f 708//708 740//740 899//899
f 675//675 708//708 899//899
f 2874//2874 2913//2913 2873//2873
f 388//388 386//386 327//327
f 1495//1495 1496//1496 1547//1547
f 4037//4037 4277//4277 2475//2475
f 278//278 1045//1045 227//227
f 1726//1726 1727//1727 349//349
f 1155//1155 1156//1156 1208//1208
f 1510//1510 2102//2102 1435//1435
f 1454//1454 1455//1455 1465//1465
f 385//385 426//426 384//384
f 385//385 384//384 310//310
f 765//765 147//147 148//148
f 5927//5927 5931//5931 5933//5933
f 506//506 505//505 422//422
f 505//505 506//506 574//574
f 2486//2486 2077//2077 3747//3747
f 568//568 759//759 25//25
f 1269//1269 769//769 340//340
f 282//282 533//533 409//409
f 3348//3348 3378//3378 3328//3328
f 4012//4012 4041//4041 4025//4025
f 1467//1467 1240//1240 3128//3128
f 3210//3210 364//364 45//45
f 3174//3174 26//26 945//945
f 1114//1114 1113//1113 1040//1040
f 1658//1658 1659//1659 1726//1726
f 349//349 363//363 278//278
f 1694//1694 1682//1682 1663//1663
f 3023//3023 3022//3022 2978//2978
f 2979//2979 3023//3023 2978//2978
f 639//639 752//752 713//713
f 1488//1488 1547//1547 1495//1495
f 2277//2277 3191//3191 3229//3229
f 368//368 282//282 1372//1372
f 3431//3431 1467//1467 3128//3128
f 1150//1150 1199//1199 1198//1198
f 4288//4288 4289//4289 4316//4316
f 1035//1035 430//430 57//57
f 831//831 1690//1690 5938//5938
f 1539//1539 492//492 1194//1194
f 3823//3823 1755//1755 4149//4149
f 1084//1084 675//675 1369//1369
f 1073//1073 2528//2528 139//139
f 1040//1040 1113//1113 1112//1112
f 510//510 460//460 581//581
f 752//752 822//822 751//751
f 1114//1114 1205//1205 1204//1204
f 1361//1361 1362//1362 1427//1427
f 3053//3053 3052//3052 3022//3022
f 1116//1116 314//314 518//518
f 302//302 377//377 376//376
f 377//377 423//423 422//422
f 376//376 377//377 422//422
f 423//423 507//507 506//506
f 422//422 423//423 506//506
f 506//506 507//507 575//575
f 916//916 1521//1521 798//798
f 3394//3394 3378//3378 3348//3348
f 67//67 1264//1264 2199//2199
f 2955//2955 2956//2956 3234//3234
f 3394//3394 3427//3427 3378//3378
f 91//91 1452//1452 126//126
f 131//131 1331//1331 74//74
f 3348//3348 3328//3328 3349//3349
f 1151//1151 1200//1200 1199//1199
f 1150//1150 1151//1151 1199//1199
f 1200//1200 1252//1252 1251//1251
f 1199//1199 1200//1200 1251//1251
f 1318//1318 1317//1317 1251//1251
f 1252//1252 1318//1318 1251//1251
f 1357//1357 642//642 1317//1317
f 1318//1318 1357//1357 1317//1317
f 692//692 634//634 27//27
f 1610//1610 1609//1609 1536//1536
f 1567//1567 1610//1610 1536//1536
f 1654//1654 1653//1653 1609//1609
f 1610//1610 1654//1654 1609//1609
f 1693//1693 1680//1680 1653//1653
f 1654//1654 1693//1693 1653//1653
f 1722//1722 1721//1721 1680//1680
f 1693//1693 1722//1722 1680//1680
f 123//123 44//44 1721//1721
f 1722//1722 123//123 1721//1721
f 123//123 157//157 44//44
f 123//123 1086//1086 157//157
f 1088//1088 1084//1084 157//157
f 1086//1086 1088//1088 157//157
f 672//672 675//675 1084//1084
f 1088//1088 672//672 1084//1084
f 3023//3023 3053//3053 3022//3022
f 3053//3053 3051//3051 3052//3052
f 1041//1041 1114//1114 1040//1040
f 1113//1113 1114//1114 1204//1204
f 1005//1005 1043//1043 1042//1042
f 302//302 376//376 345//345
f 163//163 1116//1116 1045//1045
f 507//507 508//508 576//576
f 3361//3361 3394//3394 3348//3348
f 2943//2943 3147//3147 1059//1059
f 328//328 3386//3386 364//364
f 3394//3394 1356//1356 3427//3427
f 1151//1151 1152//1152 1200//1200
f 3120//3120 105//105 1696//1696
f 3167//3167 5977//5977 2760//2760
f 3095//3095 3094//3094 3051//3051
f 3053//3053 3095//3095 3051//3051
f 312//312 311//311 221//221
f 583//583 666//666 582//582
f 2579//2579 2051//2051 2102//2102
f 1727//1727 363//363 349//349
f 850//850 973//973 917//917
f 926//926 1464//1464 634//634
f 618//618 1179//1179 653//653
f 759//759 3183//3183 1220//1220
f 1020//1020 202//202 3190//3190
f 3386//3386 926//926 364//364
f 1036//1036 1152//1152 1151//1151
f 1357//1357 1422//1422 1395//1395
f 55//55 392//392 1167//1167
f 392//392 680//680 1167//1167
f 5307//5307 5326//5326 5306//5306
f 739//739 672//672 1088//1088
f 350//350 3125//3125 3094//3094
f 1429//1429 1495//1495 1494//1494
f 3095//3095 350//350 3094//3094
f 859//859 32//32 2106//2106
f 917//917 972//972 849//849
f 5938//5938 5923//5923 5962//5962
f 1499//1499 1550//1550 1549//1549
f 1045//1045 1116//1116 518//518
f 423//423 508//508 507//507
f 2509//2509 5950//5950 5960//5960
f 1036//1036 1110//1110 1152//1152
f 757//757 2926//2926 3362//3362
f 893//893 2590//2590 1171//1171
f 840//840 692//692 28//28
f 744//744 3277//3277 1090//1090
f 1654//1654 1722//1722 1693//1693
f 350//350 3124//3124 3125//3125
f 753//753 752//752 639//639
f 5945//5945 5958//5958 5940//5940
f 308//308 382//382 381//381
f 1515//1515 1499//1499 1549//1549
f 278//278 163//163 1045//1045
f 303//303 378//378 377//377
f 302//302 303//303 377//377
f 377//377 378//378 423//423
f 378//378 509//509 508//508
f 423//423 378//378 508//508
f 509//509 578//578 577//577
f 508//508 509//509 577//577
f 578//578 661//661 660//660
f 577//577 578//578 660//660
f 660//660 661//661 734//734
f 5104//5104 5153//5153 5146//5146
f 3792//3792 3435//3435 3421//3421
f 966//966 965//965 842//842
f 843//843 966//966 842//842
f 1037//1037 1036//1036 965//965
f 966//966 1037//1037 965//965
f 1037//1037 1083//1083 1110//1110
f 1036//1036 1037//1037 1110//1110
f 1083//1083 1153//1153 1152//1152
f 1110//1110 1083//1083 1152//1152
f 1153//1153 1201//1201 1200//1200
f 1152//1152 1153//1153 1200//1200
f 1253//1253 1252//1252 1200//1200
f 1201//1201 1253//1253 1200//1200
f 1253//1253 1319//1319 1318//1318
f 1252//1252 1253//1253 1318//1318
f 1358//1358 1357//1357 1318//1318
f 1319//1319 1358//1358 1318//1318
f 1423//1423 1422//1422 1357//1357
f 1358//1358 1423//1423 1357//1357
f 2630//2630 2629//2629 2604//2604
f 1491//1491 492//492 3534//3534
f 45//45 364//364 692//692
f 1567//1567 1568//1568 1610//1610
f 5918//5918 5920//5920 5935//5935
f 1655//1655 1654//1654 1610//1610
f 1611//1611 1655//1655 1610//1610
f 1723//1723 1722//1722 1654//1654
f 1655//1655 1723//1723 1654//1654
f 1723//1723 1748//1748 1722//1722
f 154//154 123//123 1722//1722
f 1748//1748 154//154 1722//1722
f 154//154 1086//1086 123//123
f 1085//1085 1088//1088 1086//1086
f 154//154 1085//1085 1086//1086
f 705//705 739//739 1088//1088
f 1085//1085 705//705 1088//1088
f 544//544 672//672 739//739
f 705//705 544//544 739//739
f 544//544 134//134 672//672
f 2586//2586 2631//2631 2605//2605
f 350//350 3133//3133 3124//3124
f 2667//2667 2307//2307 3124//3124
f 307//307 381//381 380//380
f 464//464 584//584 461//461
f 1962//1962 1824//1824 2990//2990
f 1397//1397 1430//1430 1429//1429
f 303//303 1867//1867 259//259
f 378//378 456//456 509//509
f 1424//1424 1423//1423 1358//1358
f 5968//5968 5926//5926 2546//2546
f 2673//2673 2672//2672 2629//2629
f 3277//3277 257//257 522//522
f 3133//3133 2667//2667 3124//3124
f 2428//2428 5946//5946 2156//2156
f 709//709 625//625 626//626
f 1363//1363 1325//1325 1396//1396
f 1666//1666 1736//1736 1735//1735
f 1684//1684 1666//1666 1735//1735
f 1729//1729 1730//1730 315//315
f 1008//1008 1239//1239 976//976
f 639//639 713//713 638//638
f 713//713 637//637 638//638
f 923//923 709//709 976//976
f 2859//2859 5931//5931 5970//5970
f 5065//5065 5104//5104 4218//4218
f 635//635 328//328 236//236
f 257//257 635//635 236//236
f 1194//1194 1423//1423 1493//1493
f 3426//3426 892//892 3409//3409
f 1089//1089 1085//1085 154//154
f 860//860 935//935 134//134
f 2667//2667 818//818 2037//2037
f 1969//1969 2006//2006 1968//1968
f 625//625 709//709 27//27
f 974//974 973//973 850//850
f 896//896 974//974 850//850
f 1426//1426 1427//1427 1454//1454
f 1497//1497 1498//1498 1515//1515
f 315//315 1239//1239 1008//1008
f 1239//1239 923//923 976//976
f 709//709 626//626 976//976
f 260//260 304//304 303//303
f 304//304 305//305 303//303
f 305//305 379//379 378//378
f 303//303 305//305 378//378
f 379//379 424//424 378//378
f 378//378 424//424 456//456
f 424//424 457//457 509//509
f 456//456 424//424 509//509
f 457//457 579//579 578//578
f 509//509 457//457 578//578
f 663//663 578//578 580//580
f 663//663 777//777 776//776
f 704//704 663//663 776//776
f 777//777 844//844 776//776
f 4050//4050 4912//4912 4911//4911
f 844//844 967//967 966//966
f 967//967 1038//1038 1037//1037
f 966//966 967//967 1037//1037
f 1037//1037 1038//1038 1083//1083
f 1038//1038 1111//1111 1083//1083
f 1083//1083 1111//1111 1153//1153
f 1111//1111 1202//1202 1201//1201
f 1153//1153 1111//1111 1201//1201
f 1202//1202 1254//1254 1253//1253
f 1201//1201 1202//1202 1253//1253
f 1320//1320 1319//1319 1253//1253
f 1254//1254 1320//1320 1253//1253
f 1320//1320 1359//1359 1358//1358
f 1319//1319 1320//1320 1358//1358
f 1359//1359 1425//1425 1424//1424
f 1358//1358 1359//1359 1424//1424
f 1453//1453 1423//1423 1424//1424
f 1425//1425 1453//1453 1424//1424
f 1453//1453 1493//1493 1423//1423
f 1612//1612 1611//1611 1569//1569
f 1656//1656 1655//1655 1611//1611
f 1612//1612 1656//1656 1611//1611
f 1724//1724 1723//1723 1655//1655
f 1656//1656 1724//1724 1655//1655
f 1749//1749 1748//1748 1723//1723
f 1724//1724 1749//1749 1723//1723
f 172//172 154//154 1748//1748
f 1749//1749 172//172 1748//1748
f 1159//1159 1089//1089 154//154
f 172//172 1159//1159 154//154
f 1092//1092 1085//1085 1089//1089
f 1159//1159 1092//1092 1089//1089
f 76//76 705//705 1085//1085
f 1092//1092 76//76 1085//1085
f 427//427 544//544 705//705
f 76//76 427//427 705//705
f 935//935 860//860 544//544
f 427//427 935//935 544//544
f 2307//2307 2667//2667 2037//2037
f 2792//2792 2791//2791 2723//2723
f 1204//1204 1205//1205 1256//1256
f 1498//1498 1499//1499 1515//1515
f 443//443 315//315 1008//1008
f 1549//1549 1550//1550 1620//1620
f 2037//2037 818//818 2449//2449
f 818//818 128//128 2342//2342
f 578//578 663//663 704//704
f 967//967 1004//1004 1038//1038
f 1724//1724 172//172 1749//1749
f 1013//1013 3607//3607 439//439
f 2449//2449 818//818 2342//2342
f 1683//1683 1684//1684 1733//1733
f 382//382 461//461 460//460
f 221//221 310//310 220//220
f 1499//1499 1500//1500 1550//1550
f 813//813 850//850 783//783
f 713//713 752//752 637//637
f 457//457 580//580 579//579
f 663//663 778//778 777//777
f 778//778 844//844 777//777
f 3412//3412 3411//3411 4672//4672
f 128//128 103//103 104//104
f 1547//1547 1617//1617 1586//1586
f 1618//1618 1617//1617 1547//1547
f 2342//2342 128//128 104//104
f 1500//1500 1551//1551 1550//1550
f 260//260 305//305 304//304
f 457//457 543//543 580//580
f 845//845 844//844 778//778
f 5271//5271 5270//5270 5232//5232
f 76//76 935//935 427//427
f 62//62 546//546 222//222
f 895//895 942//942 1016//1016
f 261//261 306//306 305//305
f 380//380 379//379 305//305
f 306//306 380//380 305//305
f 380//380 425//425 424//424
f 379//379 380//380 424//424
f 425//425 458//458 457//457
f 424//424 425//425 457//457
f 458//458 510//510 543//543
f 457//457 458//458 543//543
f 510//510 581//581 580//580
f 543//543 510//510 580//580
f 581//581 664//664 663//663
f 580//580 581//581 663//663
f 664//664 779//779 778//778
f 663//663 664//664 778//778
f 846//846 845//845 778//778
f 779//779 846//846 778//778
f 846//846 844//844 845//845
f 846//846 968//968 967//967
f 844//844 846//846 967//967
f 967//967 968//968 1004//1004
f 968//968 1039//1039 1038//1038
f 1004//1004 968//968 1038//1038
f 1039//1039 1112//1112 1111//1111
f 1038//1038 1039//1039 1111//1111
f 1203//1203 1202//1202 1111//1111
f 1112//1112 1203//1203 1111//1111
f 1255//1255 1254//1254 1202//1202
f 1203//1203 1255//1255 1202//1202
f 1321//1321 1320//1320 1254//1254
f 1255//1255 1321//1321 1254//1254
f 1360//1360 1359//1359 1320//1320
f 1321//1321 1360//1360 1320//1320
f 1360//1360 1426//1426 1425//1425
f 1359//1359 1360//1360 1425//1425
f 1454//1454 1453//1453 1425//1425
f 1426//1426 1454//1454 1425//1425
f 1465//1465 1493//1493 1453//1453
f 1454//1454 1465//1465 1453//1453
f 3848//3848 5261//5261 4626//4626
f 103//103 164//164 36//36
f 1583//1583 1569//1569 1130//1130
f 104//104 103//103 36//36
f 1613//1613 1657//1657 1656//1656
f 1725//1725 1724//1724 1656//1656
f 1657//1657 1725//1725 1656//1656
f 227//227 172//172 1724//1724
f 1725//1725 227//227 1724//1724
f 1010//1010 1159//1159 172//172
f 227//227 1010//1010 172//172
f 1009//1009 1092//1092 1159//1159
f 1010//1010 1009//1009 1159//1159
f 75//75 76//76 1092//1092
f 1009//1009 75//75 1092//1092
f 820//820 935//935 76//76
f 75//75 820//820 76//76
f 2956//2956 2923//2923 2925//2925
f 164//164 644//644 36//36
f 260//260 1868//1868 261//261
f 5415//5415 5414//5414 5388//5388
f 1985//1985 2081//2081 1118//1118
f 1612//1612 1613//1613 1656//1656
f 1512//1512 1465//1465 342//342
f 5315//5315 5343//5343 5342//5342
f 1361//1361 1427//1427 1426//1426
f 1322//1322 1361//1361 1360//1360
f 230//230 827//827 792//792
f 5326//5326 5315//5315 5342//5342
f 5942//5942 5921//5921 2714//2714
f 225//225 230//230 792//792
f 485//485 2697//2697 5934//5934
f 1118//1118 5952//5952 2546//2546
f 2292//2292 2291//2291 2248//2248
f 2452//2452 1365//1365 1325//1325
f 1658//1658 1616//1616 1659//1659
f 1289//1289 2452//2452 1325//1325
f 2217//2217 784//784 668//668
f 1919//1919 2127//2127 1889//1889
f 2247//2247 2245//2245 2246//2246
f 2235//2235 2236//2236 1869//1869
f 2138//2138 2175//2175 2174//2174
f 2087//2087 2532//2532 2052//2052
f 2332//2332 2388//2388 2349//2349
f 2090//2090 2045//2045 2086//2086
f 1123//1123 171//171 1499//1499
f 2001//2001 2062//2062 2061//2061
f 2056//2056 2134//2134 2133//2133
f 111//111 794//794 1914//1914
f 2092//2092 1921//1921 1974//1974
f 4652//4652 4646//4646 3046//3046
f 4406//4406 4405//4405 4362//4362
f 2256//2256 2255//2255 2230//2230
f 1929//1929 2034//2034 2090//2090
f 2231//2231 2230//2230 751//751
f 2517//2517 2036//2036 77//77
f 96//96 156//156 95//95
f 277//277 1849//1849 793//793
f 2075//2075 2074//2074 2009//2009
f 2075//2075 2073//2073 2074//2074
f 2825//2825 2824//2824 2765//2765
f 2874//2874 2873//2873 2813//2813
f 2588//2588 2566//2566 2567//2567
f 2075//2075 2119//2119 2073//2073
f 2118//2118 2117//2117 2073//2073
f 312//312 385//385 346//346
f 928//928 740//740 725//725
f 2026//2026 2055//2055 385//385
f 2042//2042 1919//1919 2087//2087
f 2009//2009 2030//2030 2008//2008
f 2420//2420 2419//2419 2387//2387
f 2094//2094 466//466 2054//2054
f 910//910 43//43 1024//1024
f 2184//2184 1060//1060 2024//2024
f 4834//4834 4877//4877 4876//4876
f 4948//4948 5959//5959 5942//5942
f 359//359 1316//1316 1751//1751
f 2055//2055 2131//2131 2094//2094
f 2104//2104 2408//2408 2407//2407
f 3121//3121 231//231 105//105
f 385//385 2055//2055 2054//2054
f 2005//2005 2006//2006 2029//2029
f 2029//2029 2006//2006 599//599
f 792//792 827//827 1190//1190
f 4860//4860 1940//1940 875//875
f 5131//5131 5132//5132 5155//5155
f 2195//2195 546//546 62//62
f 512//512 2195//2195 62//62
f 827//827 2370//2370 921//921
f 45//45 692//692 286//286
f 3120//3120 3121//3121 105//105
f 2913//2913 2912//2912 2873//2873
f 1190//1190 827//827 921//921
f 3094//3094 3124//3124 3123//3123
f 2060//2060 2136//2136 2096//2096
f 880//880 881//881 912//912
f 327//327 516//516 2195//2195
f 1982//1982 1983//1983 1977//1977
f 2994//2994 2993//2993 2938//2938
f 1495//1495 1547//1547 1100//1100
f 2494//2494 2484//2484 2517//2517
f 2137//2137 2151//2151 2136//2136
f 1729//1729 1661//1661 1730//1730
f 2540//2540 5919//5919 2428//2428
f 1545//1545 1410//1410 2535//2535
f 2206//2206 631//631 1625//1625
f 921//921 1126//1126 792//792
f 1510//1510 30//30 1171//1171
f 982//982 3528//3528 316//316
f 3885//3885 4436//4436 3886//3886
f 2995//2995 3027//3027 3026//3026
f 556//556 2064//2064 482//482
f 631//631 15//15 1625//1625
f 640//640 639//639 599//599
f 2507//2507 301//301 59//59
f 5929//5929 5974//5974 1093//1093
f 2085//2085 706//706 1304//1304
f 312//312 346//346 311//311
f 1025//1025 1627//1627 3851//3851
f 2601//2601 1093//1093 1306//1306
f 1798//1798 2888//2888 2970//2970
f 3735//3735 3162//3162 3788//3788
f 1206//1206 1289//1289 1258//1258
f 1947//1947 984//984 1161//1161
f 2129//2129 2194//2194 2195//2195
f 512//512 2129//2129 2195//2195
f 2195//2195 2194//2194 327//327
f 279//279 388//388 327//327
f 2412//2412 279//279 327//327
f 2940//2940 2981//2981 2938//2938
f 636//636 2140//2140 556//556
f 229//229 827//827 986//986
f 5964//5964 5922//5922 2544//2544
f 3514//3514 3510//3510 5289//5289
f 2369//2369 1044//1044 2379//2379
f 1044//1044 1156//1156 2379//2379
f 706//706 2320//2320 1161//1161
f 1304//1304 706//706 1161//1161
f 1161//1161 2320//2320 1947//1947
f 1855//1855 1964//1964 327//327
f 2194//2194 1855//1855 327//327
f 327//327 1964//1964 2412//2412
f 1964//1964 2179//2179 279//279
f 2412//2412 1964//1964 279//279
f 2314//2314 897//897 264//264
f 2052//2052 2092//2092 2185//2185
f 4255//4255 4237//4237 2442//2442
f 2268//2268 706//706 2085//2085
f 2268//2268 1928//1928 2320//2320
f 706//706 2268//2268 2320//2320
f 1928//1928 1946//1946 1947//1947
f 2320//2320 1928//1928 1947//1947
f 2501//2501 1855//1855 2194//2194
f 2129//2129 2501//2501 2194//2194
f 2424//2424 2423//2423 2391//2391
f 4147//4147 4148//4148 4491//4491
f 2092//2092 2532//2532 1921//1921
f 2151//2151 2173//2173 2136//2136
f 2223//2223 2224//2224 2248//2248
f 1939//1939 88//88 1974//1974
f 5444//5444 5461//5461 5428//5428
f 2288//2288 2287//2287 2244//2244
f 2245//2245 2288//2288 2244//2244
f 2287//2287 2288//2288 2286//2286
f 1889//1889 1921//1921 2532//2532
f 2288//2288 2326//2326 2325//2325
f 2286//2286 2288//2288 2325//2325
f 2021//2021 2448//2448 2085//2085
f 2448//2448 2268//2268 2085//2085
f 1946//1946 2190//2190 2129//2129
f 1947//1947 1946//1946 2129//2129
f 2190//2190 2501//2501 2129//2129
f 2642//2642 2803//2803 2714//2714
f 36//36 3010//3010 1053//1053
f 2392//2392 2424//2424 2391//2391
f 5936//5936 3043//3043 1989//1989
f 475//475 770//770 2373//2373
f 1941//1941 2005//2005 438//438
f 2358//2358 2406//2406 2014//2014
f 937//937 1015//1015 2257//2257
f 1015//1015 2299//2299 2257//2257
f 1015//1015 2338//2338 2299//2299
f 2052//2052 2185//2185 2242//2242
f 2087//2087 1889//1889 2532//2532
f 2120//2120 2119//2119 2075//2075
f 1880//1880 2448//2448 2021//2021
f 1880//1880 2268//2268 2448//2448
f 1946//1946 2019//2019 2190//2190
f 2190//2190 2019//2019 2501//2501
f 2501//2501 2019//2019 1855//1855
f 2088//2088 2040//2040 2234//2234
f 2179//2179 2088//2088 2234//2234
f 2398//2398 3403//3403 2399//2399
f 2499//2499 2432//2432 2523//2523
f 636//636 2176//2176 2140//2140
f 2427//2427 3090//3090 2438//2438
f 1845//1845 2113//2113 3122//3122
f 2014//2014 864//864 50//50
f 1993//1993 2406//2406 2358//2358
f 2348//2348 2268//2268 1880//1880
f 2348//2348 1928//1928 2268//2268
f 1805//1805 2066//2066 1946//1946
f 1928//1928 1805//1805 1946//1946
f 1946//1946 2066//2066 2019//2019
f 2019//2019 2402//2402 1855//1855
f 2402//2402 2345//2345 1964//1964
f 1855//1855 2402//2402 1964//1964
f 2345//2345 2088//2088 2179//2179
f 1964//1964 2345//2345 2179//2179
f 2523//2523 2432//2432 1914//1914
f 1584//1584 2053//2053 1939//1939
f 2010//2010 1993//1993 2525//2525
f 1876//1876 2010//2010 2525//2525
f 2076//2076 1880//1880 2377//2377
f 2377//2377 1880//1880 2021//2021
f 1805//1805 1928//1928 2348//2348
f 2019//2019 269//269 2402//2402
f 269//269 2039//2039 2345//2345
f 2402//2402 269//269 2345//2345
f 2039//2039 1938//1938 2088//2088
f 2345//2345 2039//2039 2088//2088
f 2088//2088 1938//1938 2040//2040
f 289//289 288//288 192//192
f 1841//1841 2487//2487 87//87
f 932//932 1546//1546 85//85
f 1850//1850 2213//2213 1898//1898
f 1995//1995 2213//2213 1850//1850
f 2392//2392 2391//2391 2334//2334
f 3001//3001 2076//2076 2377//2377
f 2076//2076 2348//2348 1880//1880
f 2067//2067 1805//1805 2348//2348
f 2019//2019 2002//2002 269//269
f 1938//1938 2283//2283 2040//2040
f 2283//2283 2507//2507 351//351
f 2040//2040 2283//2283 351//351
f 1950//1950 290//290 289//289
f 2224//2224 2223//2223 2171//2171
f 2260//2260 2302//2302 2301//2301
f 3090//3090 3091//3091 3120//3120
f 1991//1991 1055//1055 2035//2035
f 1055//1055 1977//1977 2035//2035
f 2035//2035 1977//1977 1879//1879
f 1791//1791 1995//1995 1994//1994
f 2363//2363 2364//2364 2242//2242
f 2325//2325 2326//2326 2381//2381
f 1878//1878 750//750 215//215
f 2347//2347 2076//2076 3001//3001
f 2443//2443 2348//2348 2076//2076
f 2443//2443 2065//2065 2348//2348
f 2065//2065 2067//2067 2348//2348
f 2067//2067 2197//2197 2066//2066
f 1805//1805 2067//2067 2066//2066
f 2197//2197 2002//2002 2019//2019
f 2066//2066 2197//2197 2019//2019
f 2097//2097 1956//1956 2283//2283
f 1938//1938 2097//2097 2283//2283
f 1956//1956 301//301 2507//2507
f 2283//2283 1956//1956 2507//2507
f 389//389 390//390 431//431
f 942//942 941//941 825//825
f 2073//2073 2117//2117 2099//2099
f 2672//2672 2671//2671 2628//2628
f 2946//2946 3454//3454 993//993
f 2050//2050 1840//1840 1824//1824
f 15//15 631//631 715//715
f 1840//1840 1990//1990 1824//1824
f 1990//1990 1840//1840 1992//1992
f 4991//4991 831//831 3827//3827
f 2126//2126 2076//2076 1908//1908
f 2065//2065 2443//2443 2076//2076
f 1967//1967 2067//2067 2065//2065
f 1967//1967 2198//2198 2197//2197
f 2067//2067 1967//1967 2197//2197
f 2198//2198 2003//2003 2002//2002
f 2197//2197 2198//2198 2002//2002
f 2193//2193 2148//2148 2039//2039
f 269//269 2193//2193 2039//2039
f 2097//2097 1938//1938 2039//2039
f 2148//2148 2097//2097 2039//2039
f 1209//1209 2451//2451 1208//1208
f 1398//1398 1364//1364 1365//1365
f 2495//2495 2519//2519 2485//2485
f 2030//2030 2073//2073 2008//2008
f 2082//2082 2487//2487 1841//1841
f 1986//1986 1875//1875 2188//2188
f 2115//2115 1986//1986 2188//2188
f 1875//1875 679//679 2188//2188
f 1983//1983 1840//1840 2050//2050
f 1920//1920 1983//1983 2050//2050
f 2925//2925 2924//2924 2870//2870
f 1692//1692 1708//1708 1691//1691
f 3122//3122 2113//2113 3121//3121
f 2232//2232 2076//2076 2126//2126
f 2232//2232 2065//2065 2076//2076
f 2003//2003 110//110 2002//2002
f 110//110 2193//2193 269//269
f 2002//2002 110//110 269//269
f 4319//4319 4341//4341 4318//4318
f 2423//2423 2422//2422 2390//2390
f 2391//2391 2423//2423 2390//2390
f 4192//4192 5950//5950 4008//4008
f 2084//2084 2273//2273 1886//1886
f 1849//1849 4816//4816 4814//4814
f 2022//2022 2023//2023 1878//1878
f 3048//3048 3091//3091 2427//2427
f 2123//2123 2265//2265 2124//2124
f 893//893 2738//2738 2590//2590
f 5948//5948 4948//4948 5942//5942
f 3046//3046 5261//5261 1637//1637
f 2870//2870 2869//2869 2826//2826
f 15//15 2839//2839 321//321
f 1707//1707 2126//2126 1908//1908
f 1782//1782 2065//2065 2232//2232
f 110//110 2344//2344 2193//2193
f 2193//2193 2344//2344 2148//2148
f 1981//1981 431//431 301//301
f 1167//1167 127//127 145//145
f 2454//2454 2453//2453 2414//2414
f 1883//1883 2087//2087 2052//2052
f 2720//2720 2744//2744 2719//2719
f 1044//1044 2325//2325 1156//1156
f 2062//2062 2063//2063 2061//2061
f 2096//2096 2058//2058 2059//2059
f 2621//2621 2579//2579 1510//1510
f 1291//1291 2476//2476 2453//2453
f 1944//1944 2504//2504 1841//1841
f 2730//2730 2683//2683 2685//2685
f 2232//2232 2126//2126 1707//1707
f 2439//2439 1967//1967 2065//2065
f 1782//1782 2439//2439 2065//2065
f 2198//2198 110//110 2003//2003
f 2344//2344 2409//2409 2148//2148
f 2409//2409 2015//2015 2148//2148
f 2015//2015 2161//2161 2148//2148
f 2258//2258 2097//2097 2148//2148
f 2161//2161 2258//2258 2148//2148
f 2258//2258 1980//1980 2097//2097
f 2191//2191 1956//1956 2097//2097
f 1980//1980 2191//2191 2097//2097
f 1981//1981 301//301 1956//1956
f 2191//2191 1981//1981 1956//1956
f 4249//4249 4549//4549 4372//4372
f 2454//2454 1291//1291 2453//2453
f 588//588 1708//1708 1709//1709
f 107//107 234//234 1347//1347
f 2166//2166 586//586 2130//2130
f 4012//4012 4025//4025 4011//4011
f 1506//1506 3850//3850 1705//1705
f 1889//1889 1438//1438 1934//1934
f 2060//2060 2137//2137 2136//2136
f 2063//2063 2138//2138 2137//2137
f 2061//2061 2063//2063 2137//2137
f 2309//2309 1667//1667 1684//1684
f 2330//2330 2329//2329 2291//2291
f 2292//2292 2330//2330 2291//2291
f 2504//2504 2082//2082 1841//1841
f 2078//2078 2232//2232 1707//1707
f 1708//1708 2078//2078 1707//1707
f 1951//1951 1967//1967 2439//2439
f 1951//1951 2200//2200 2198//2198
f 1967//1967 1951//1951 2198//2198
f 2198//2198 2200//2200 110//110
f 2344//2344 2015//2015 2409//2409
f 2015//2015 1980//1980 2258//2258
f 2161//2161 2015//2015 2258//2258
f 1063//1063 3873//3873 1743//1743
f 669//669 2217//2217 668//668
f 2096//2096 2136//2136 2058//2058
f 896//896 2243//2243 974//974
f 2453//2453 2476//2476 2492//2492
f 1056//1056 3247//3247 1242//1242
f 751//751 2230//2230 2178//2178
f 3091//3091 3090//3090 2427//2427
f 2107//2107 1667//1667 2309//2309
f 720//720 5960//5960 3167//3167
f 1997//1997 2057//2057 1996//1996
f 1869//1869 1949//1949 2034//2034
f 313//313 1735//1735 1736//1736
f 2791//2791 2790//2790 2721//2721
f 1905//1905 1874//1874 1877//1877
f 5099//5099 5968//5968 5952//5952
f 2078//2078 1782//1782 2232//2232
f 1958//1958 1951//1951 2439//2439
f 1782//1782 1958//1958 2439//2439
f 1820//1820 110//110 2200//2200
f 1820//1820 2344//2344 110//110
f 2444//2444 2015//2015 2344//2344
f 88//88 150//150 2506//2506
f 2195//2195 516//516 546//546
f 1291//1291 2493//2493 2476//2476
f 2562//2562 4961//4961 4745//4745
f 2211//2211 2260//2260 825//825
f 2509//2509 5960//5960 720//720
f 1167//1167 680//680 127//127
f 2133//2133 2134//2134 2169//2169
f 2676//2676 2675//2675 2632//2632
f 3123//3123 1845//1845 3122//3122
f 2169//2169 2221//2221 2168//2168
f 2221//2221 2220//2220 2168//2168
f 528//528 1878//1878 2032//2032
f 2240//2240 1991//1991 2235//2235
f 2123//2123 2240//2240 2235//2235
f 4180//4180 5956//5956 3114//3114
f 2078//2078 1958//1958 1782//1782
f 2165//2165 2344//2344 1820//1820
f 1907//1907 2444//2444 2344//2344
f 2165//2165 1907//1907 2344//2344
f 1907//1907 2015//2015 2444//2444
f 2451//2451 1289//1289 1208//1208
f 192//192 122//122 1856//1856
f 1857//1857 192//192 1856//1856
f 3130//3130 3113//3113 2051//2051
f 5956//5956 1027//1027 1163//1163
f 2649//2649 2676//2676 2632//2632
f 1887//1887 2024//2024 2108//2108
f 2024//2024 1814//1814 2108//2108
f 282//282 368//368 138//138
f 2057//2057 2056//2056 1996//1996
f 2024//2024 2480//2480 1814//1814
f 2203//2203 1930//1930 2214//2214
f 2047//2047 2579//2579 2621//2621
f 814//814 2040//2040 351//351
f 1872//1872 2314//2314 313//313
f 2544//2544 788//788 721//721
f 588//588 2275//2275 1958//1958
f 2078//2078 588//588 1958//1958
f 1907//1907 2165//2165 1820//1820
f 1806//1806 2015//2015 1907//1907
f 2015//2015 2192//2192 1980//1980
f 2192//2192 2191//2191 1980//1980
f 2266//2266 1981//1981 2191//2191
f 2266//2266 1965//1965 432//432
f 1981//1981 2266//2266 432//432
f 3268//3268 3252//3252 2746//2746
f 2006//2006 2071//2071 599//599
f 2188//2188 1667//1667 2107//2107
f 2024//2024 722//722 2480//2480
f 2203//2203 2214//2214 2090//2090
f 2231//2231 751//751 822//822
f 313//313 2314//2314 264//264
f 1893//1893 1895//1895 2200//2200
f 1951//1951 1893//1893 2200//2200
f 2200//2200 1895//1895 1820//1820
f 2366//2366 1907//1907 1820//1820
f 2162//2162 2015//2015 1806//1806
f 2162//2162 2192//2192 2015//2015
f 1960//1960 2191//2191 2192//2192
f 1960//1960 2266//2266 2191//2191
f 1965//1965 387//387 432//432
f 2359//2359 2533//2533 2155//2155
f 193//193 399//399 2013//2013
f 1666//1666 2259//2259 1736//1736
f 2182//2182 2181//2181 2119//2119
f 2120//2120 2182//2182 2119//2119
f 1409//1409 1027//1027 2916//2916
f 1899//1899 1900//1900 1996//1996
f 2025//2025 2736//2736 2787//2787
f 2122//2122 2281//2281 2505//2505
f 2058//2058 2057//2057 1997//1997
f 2289//2289 2290//2290 2327//2327
f 1918//1918 2271//2271 1870//1870
f 2288//2288 2289//2289 2326//2326
f 1811//1811 2203//2203 2090//2090
f 588//588 1963//1963 2275//2275
f 2275//2275 1963//1963 1958//1958
f 1894//1894 1951//1951 1958//1958
f 1963//1963 1894//1894 1958//1958
f 1894//1894 1893//1893 1951//1951
f 1895//1895 1848//1848 1820//1820
f 1820//1820 1848//1848 2366//2366
f 2366//2366 1848//1848 1907//1907
f 2016//2016 2192//2192 2162//2162
f 2016//2016 1960//1960 2192//2192
f 1853//1853 2266//2266 1960//1960
f 1458//1458 1965//1965 2266//2266
f 1853//1853 1458//1458 2266//2266
f 1965//1965 1458//1458 387//387
f 4363//4363 4407//4407 4406//4406
f 3827//3827 5938//5938 5962//5962
f 4833//4833 4834//4834 4876//4876
f 1830//1830 1858//1858 1857//1857
f 197//197 192//192 1857//1857
f 1858//1858 197//197 1857//1857
f 197//197 1950//1950 192//192
f 1950//1950 289//289 192//192
f 2182//2182 2211//2211 2181//2181
f 1931//1931 1882//1882 1872//1872
f 2122//2122 2505//2505 1552//1552
f 2058//2058 2095//2095 2057//2057
f 2480//2480 722//722 1814//1814
f 3230//3230 3258//3258 3272//3272
f 2108//2108 2084//2084 2271//2271
f 1918//1918 2108//2108 2271//2271
f 2108//2108 1814//1814 2084//2084
f 1811//1811 1930//1930 2203//2203
f 1450//1450 3175//3175 295//295
f 588//588 548//548 1963//1963
f 1826//1826 1895//1895 1893//1893
f 1894//1894 1826//1826 1893//1893
f 1895//1895 1826//1826 1848//1848
f 1848//1848 1916//1916 1907//1907
f 1907//1907 1916//1916 1806//1806
f 5968//5968 2546//2546 5952//5952
f 2745//2745 2676//2676 2724//2724
f 1829//1829 1796//1796 1830//1830
f 1859//1859 197//197 1858//1858
f 817//817 2737//2737 471//471
f 3072//3072 3071//3071 3028//3028
f 168//168 387//387 691//691
f 2101//2101 2004//2004 1995//1995
f 2478//2478 2101//2101 1995//1995
f 1931//1931 2070//2070 2471//2471
f 2070//2070 1931//1931 1872//1872
f 4977//4977 5919//5919 5963//5963
f 2281//2281 1623//1623 2505//2505
f 2247//2247 2290//2290 2289//2289
f 1289//1289 1206//1206 1207//1207
f 1811//1811 1979//1979 1930//1930
f 1929//1929 2022//2022 1878//1878
f 528//528 1929//1929 1878//1878
f 1929//1929 2090//2090 2022//2022
f 1916//1916 2163//2163 1806//1806
f 1806//1806 2163//2163 2162//2162
f 1830//1830 1859//1859 1858//1858
f 973//973 974//974 1043//1043
f 2123//2123 1869//1869 2265//2265
f 4278//4278 4274//4274 3960//3960
f 2558//2558 2559//2559 2580//2580
f 801//801 405//405 900//900
f 3968//3968 4278//4278 3960//3960
f 1259//1259 1963//1963 548//548
f 1916//1916 268//268 2163//2163
f 2162//2162 2163//2163 2016//2016
f 2016//2016 2376//2376 1960//1960
f 1853//1853 2012//2012 1458//1458
f 1377//1377 1458//1458 1952//1952
f 2372//2372 1472//1472 2820//2820
f 397//397 435//435 355//355
f 1831//1831 1860//1860 1859//1859
f 4783//4783 4834//4834 4833//4833
f 3950//3950 4783//4783 4833//4833
f 942//942 2260//2260 1016//1016
f 814//814 351//351 109//109
f 1837//1837 1836//1836 170//170
f 2146//2146 2034//2034 1929//1929
f 2133//2133 2168//2168 2167//2167
f 738//738 158//158 148//148
f 2055//2055 2056//2056 2132//2132
f 2916//2916 1297//1297 1409//1409
f 2237//2237 1963//1963 1259//1259
f 1896//1896 1894//1894 1963//1963
f 1896//1896 2011//2011 1826//1826
f 1894//1894 1896//1896 1826//1826
f 2011//2011 2537//2537 1848//1848
f 1826//1826 2011//2011 1848//1848
f 2100//2100 268//268 1916//1916
f 1848//1848 2100//2100 1916//1916
f 2163//2163 1953//1953 2016//2016
f 1953//1953 1852//1852 2376//2376
f 2016//2016 1953//1953 2376//2376
f 1852//1852 1960//1960 2376//2376
f 1871//1871 1853//1853 1960//1960
f 1852//1852 1871//1871 1960//1960
f 1871//1871 1952//1952 2012//2012
f 1853//1853 1871//1871 2012//2012
f 1952//1952 1458//1458 2012//2012
f 71//71 107//107 106//106
f 897//897 801//801 851//851
f 2054//2054 466//466 385//385
f 198//198 197//197 1859//1859
f 1860//1860 198//198 1859//1859
f 1995//1995 1101//1101 2213//2213
f 2140//2140 2139//2139 2063//2063
f 2260//2260 2270//2270 2302//2302
f 1590//1590 1697//1697 4274//4274
f 355//355 1966//1966 1936//1936
f 2426//2426 2465//2465 2425//2425
f 2225//2225 2250//2250 2249//2249
f 2022//2022 2090//2090 2023//2023
f 2456//2456 1329//1329 2455//2455
f 2416//2416 2417//2417 2455//2455
f 2417//2417 2456//2456 2455//2455
f 3070//3070 3068//3068 3069//3069
f 707//707 2306//2306 2237//2237
f 1259//1259 707//707 2237//2237
f 2306//2306 1963//1963 2237//2237
f 1789//1789 1896//1896 1963//1963
f 2306//2306 1789//1789 1963//1963
f 1812//1812 1937//1937 2537//2537
f 2011//2011 1812//1812 2537//2537
f 2537//2537 1937//1937 1848//1848
f 1848//1848 1937//1937 2100//2100
f 1937//1937 2164//2164 268//268
f 2100//2100 1937//1937 268//268
f 2163//2163 2187//2187 1953//1953
f 1558//1558 872//872 404//404
f 1831//1831 1859//1859 1830//1830
f 118//118 801//801 897//897
f 259//259 260//260 303//303
f 1837//1837 1902//1902 1901//1901
f 2084//2084 2186//2186 2273//2273
f 235//235 234//234 2186//2186
f 2482//2482 2514//2514 1368//1368
f 1988//1988 1870//1870 1933//1933
f 1870//1870 1988//1988 1919//1919
f 2214//2214 1870//1870 1919//1919
f 1900//1900 1997//1997 1996//1996
f 2056//2056 2095//2095 2134//2134
f 4549//4549 4784//4784 4783//4783
f 528//528 2091//2091 78//78
f 4278//4278 1590//1590 4274//4274
f 1789//1789 1812//1812 2011//2011
f 1896//1896 1789//1789 2011//2011
f 268//268 2164//2164 2163//2163
f 754//754 2116//2116 755//755
f 5683//5683 2974//2974 5925//5925
f 1843//1843 1936//1936 1877//1877
f 1863//1863 1931//1931 1736//1736
f 27//27 3255//3255 626//626
f 5182//5182 5183//5183 5196//5196
f 2870//2870 2924//2924 2923//2923
f 95//95 156//156 155//155
f 2482//2482 1368//1368 1329//1329
f 2084//2084 235//235 2186//2186
f 1590//1590 2128//2128 2880//2880
f 2513//2513 1401//1401 2241//2241
f 722//722 402//402 1814//1814
f 1949//1949 1979//1979 1811//1811
f 2034//2034 1949//1949 1811//1811
f 2222//2222 2221//2221 2169//2169
f 2328//2328 2327//2327 2290//2290
f 2204//2204 2122//2122 1501//1501
f 4065//4065 4077//4077 4076//4076
f 2164//2164 1861//1861 2163//2163
f 2163//2163 1861//1861 2187//2187
f 1871//1871 1852//1852 53//53
f 1814//1814 235//235 2084//2084
f 2464//2464 2465//2465 2497//2497
f 2581//2581 591//591 2601//2601
f 1304//1304 524//524 2085//2085
f 621//621 1176//1176 656//656
f 2649//2649 2632//2632 2633//2633
f 2332//2332 2349//2349 2331//2331
f 2500//2500 1841//1841 487//487
f 974//974 2286//2286 1044//1044
f 2276//2276 2247//2247 2289//2289
f 1991//1991 2035//2035 2236//2236
f 2035//2035 1976//1976 2236//2236
f 1778//1778 4194//4194 1704//1704
f 2289//2289 2327//2327 2326//2326
f 1839//1839 2279//2279 2204//2204
f 2514//2514 2515//2515 1839//1839
f 2279//2279 2115//2115 2204//2204
f 1932//1932 2279//2279 1839//1839
f 2514//2514 1402//1402 1368//1368
f 5923//5923 5945//5945 5939//5939
f 1498//1498 1497//1497 1456//1456
f 2122//2122 1552//1552 1501//1501
f 2107//2107 2281//2281 2122//2122
f 2107//2107 2309//2309 2281//2281
f 2188//2188 2107//2107 2122//2122
f 2281//2281 2309//2309 1684//1684
f 1551//1551 1552//1552 2505//2505
f 2306//2306 348//348 919//919
f 1697//1697 1590//1590 2880//2880
f 1937//1937 2160//2160 2164//2164
f 2164//2164 2160//2160 1861//1861
f 1861//1861 2404//2404 1953//1953
f 2187//2187 1861//1861 1953//1953
f 2404//2404 53//53 1852//1852
f 1953//1953 2404//2404 1852//1852
f 2081//2081 2233//2233 2242//2242
f 5921//5921 3114//3114 2694//2694
f 2102//2102 5966//5966 2540//2540
f 2455//2455 1291//1291 2415//2415
f 130//130 199//199 198//198
f 1410//1410 1103//1103 592//592
f 1966//1966 482//482 1936//1936
f 2350//2350 2338//2338 1015//1015
f 2399//2399 2437//2437 2398//2398
f 1348//1348 3706//3706 2959//2959
f 302//302 1867//1867 303//303
f 2119//2119 2117//2117 2118//2118
f 2396//2396 2395//2395 2338//2338
f 2350//2350 2396//2396 2338//2338
f 1988//1988 1935//1935 1438//1438
f 1987//1987 2259//2259 1666//1666
f 2500//2500 487//487 1986//1986
f 487//487 1790//1790 1667//1667
f 2515//2515 1932//1932 1839//1839
f 1996//1996 2056//2056 2055//2055
f 2419//2419 2418//2418 2385//2385
f 2386//2386 2419//2419 2385//2385
f 2330//2330 2386//2386 2329//2329
f 2386//2386 2385//2385 2329//2329
f 2147//2147 1789//1789 2306//2306
f 919//919 2147//2147 2306//2306
f 2147//2147 2322//2322 1812//1812
f 1789//1789 2147//2147 1812//1812
f 2322//2322 2150//2150 1937//1937
f 1812//1812 2322//2322 1937//1937
f 2150//2150 2017//2017 1937//1937
f 1937//1937 2017//2017 2160//2160
f 770//770 475//475 2404//2404
f 4192//4192 5976//5976 5922//5922
f 305//305 260//260 261//261
f 2311//2311 2294//2294 2331//2331
f 2271//2271 2084//2084 1886//1886
f 2462//2462 2495//2495 2461//2461
f 492//492 1491//1491 1194//1194
f 2018//2018 2081//2081 2364//2364
f 1914//1914 794//794 56//56
f 1810//1810 1836//1836 1835//1835
f 2719//2719 2718//2718 2671//2671
f 1790//1790 1987//1987 1667//1667
f 1991//1991 2236//2236 2235//2235
f 2543//2543 2083//2083 2036//2036
f 2517//2517 2543//2543 2036//2036
f 2494//2494 2517//2517 2516//2516
f 2482//2482 2483//2483 2514//2514
f 1401//1401 171//171 2241//2241
f 2026//2026 1996//1996 2055//2055
f 2458//2458 2457//2457 2418//2418
f 2419//2419 2458//2458 2418//2418
f 1904//1904 1903//1903 1838//1838
f 2864//2864 3079//3079 1756//1756
f 1903//1903 1904//1904 2000//2000
f 901//901 2147//2147 919//919
f 918//918 901//901 919//919
f 901//901 2154//2154 2322//2322
f 2147//2147 901//901 2322//2322
f 2154//2154 1825//1825 2150//2150
f 2322//2322 2154//2154 2150//2150
f 2150//2150 1825//1825 2017//2017
f 2017//2017 1825//1825 2160//2160
f 523//523 556//556 482//482
f 2153//2153 2082//2082 2504//2504
f 2495//2495 2485//2485 2461//2461
f 2055//2055 2094//2094 2054//2054
f 3026//3026 3027//3027 3069//3069
f 384//384 426//426 466//466
f 2525//2525 1993//1993 560//560
f 212//212 127//127 9//9
f 2434//2434 2433//2433 2395//2395
f 2396//2396 2434//2434 2395//2395
f 2434//2434 2467//2467 2433//2433
f 2467//2467 2466//2466 2433//2433
f 2466//2466 2467//2467 2499//2499
f 2467//2467 1959//1959 2499//2499
f 2499//2499 1959//1959 2432//2432
f 2174//2174 2175//2175 2226//2226
f 560//560 1993//1993 2358//2358
f 2452//2452 2453//2453 1365//1365
f 2389//2389 2388//2388 2332//2332
f 2176//2176 2210//2210 2175//2175
f 1909//1909 3748//3748 954//954
f 4363//4363 4406//4406 4362//4362
f 487//487 87//87 2339//2339
f 2421//2421 2460//2460 2420//2420
f 2293//2293 2311//2311 2331//2331
f 1825//1825 2317//2317 2160//2160
f 2743//2743 2765//2765 2764//2764
f 1616//1616 1615//1615 1299//1299
f 2293//2293 2331//2331 2292//2292
f 2231//2231 2256//2256 2230//2230
f 2438//2438 3090//3090 3119//3119
f 2014//2014 50//50 2470//2470
f 2176//2176 2175//2175 2139//2139
f 2512//2512 2511//2511 2492//2492
f 1987//1987 1666//1666 1667//1667
f 592//592 2049//2049 1948//1948
f 2177//2177 2176//2176 636//636
f 2229//2229 2228//2228 2176//2176
f 2254//2254 2253//2253 2228//2228
f 2229//2229 2254//2254 2228//2228
f 3091//3091 3121//3121 3120//3120
f 2244//2244 2287//2287 2286//2286
f 2243//2243 2244//2244 2286//2286
f 2498//2498 2522//2522 2521//2521
f 1950//1950 197//197 290//290
f 2458//2458 2483//2483 2482//2482
f 2457//2457 2458//2458 2482//2482
f 2226//2226 2225//2225 2174//2174
f 2331//2331 2388//2388 2387//2387
f 2767//2767 2766//2766 2744//2744
f 1931//1931 1764//1764 1882//1882
f 2355//2355 2697//2697 2643//2643
f 1825//1825 1925//1925 2317//2317
f 256//256 255//255 1865//1865
f 1944//1944 2153//2153 2504//2504
f 2423//2423 2462//2462 2461//2461
f 3992//3992 3972//3972 3973//3973
f 2365//2365 2324//2324 750//750
f 836//836 883//883 3447//3447
f 2294//2294 2293//2293 2250//2250
f 738//738 923//923 315//315
f 4076//4076 4450//4450 4065//4065
f 2064//2064 2063//2063 2028//2028
f 234//234 107//107 396//396
f 482//482 2064//2064 2028//2028
f 2297//2297 2335//2335 2296//2296
f 2297//2297 2296//2296 2253//2253
f 2254//2254 2297//2297 2253//2253
f 2388//2388 2421//2421 2420//2420
f 2330//2330 2331//2331 2386//2386
f 2387//2387 2388//2388 2420//2420
f 1239//1239 315//315 923//923
f 2869//2869 2923//2923 2922//2922
f 2868//2868 2869//2869 2922//2922
f 231//231 2206//2206 105//105
f 4961//4961 620//620 4745//4745
f 4882//4882 3214//3214 1577//1577
f 2106//2106 2154//2154 901//901
f 858//858 2106//2106 901//901
f 2106//2106 1915//1915 1825//1825
f 2154//2154 2106//2106 1825//1825
f 1825//1825 1915//1915 1925//1925
f 2010//2010 211//211 1993//1993
f 2701//2701 2672//2672 2673//2673
f 1364//1364 1398//1398 1397//1397
f 2233//2233 2052//2052 2242//2242
f 402//402 362//362 1814//1814
f 1905//1905 2001//2001 1904//1904
f 2211//2211 825//825 2180//2180
f 2172//2172 2171//2171 2136//2136
f 4978//4978 3452//3452 1073//1073
f 2339//2339 1987//1987 1790//1790
f 2736//2736 2321//2321 2734//2734
f 1661//1661 1729//1729 1681//1681
f 2072//2072 2099//2099 2117//2117
f 2073//2073 2099//2099 2072//2072
f 1398//1398 2511//2511 1431//1431
f 2464//2464 2463//2463 2424//2424
f 2425//2425 2464//2464 2424//2424
f 1982//1982 592//592 1948//1948
f 2305//2305 87//87 487//487
f 38//38 932//932 85//85
f 2631//2631 2630//2630 2604//2604
f 1123//1123 1456//1456 1431//1431
f 2221//2221 2222//2222 2246//2246
f 5402//5402 2553//2553 4750//4750
f 2451//2451 2452//2452 1289//1289
f 2463//2463 2496//2496 2462//2462
f 2417//2417 2418//2418 2456//2456
f 2246//2246 2245//2245 2220//2220
f 1930//1930 1870//1870 2214//2214
f 2060//2060 2061//2061 2137//2137
f 2921//2921 2954//2954 2953//2953
f 631//631 594//594 715//715
f 2496//2496 2520//2520 2495//2495
f 2519//2519 2520//2520 2153//2153
f 2153//2153 2202//2202 2082//2082
f 2867//2867 2868//2868 2921//2921
f 2000//2000 1999//1999 1903//1903
f 2453//2453 2452//2452 1209//1209
f 2422//2422 2423//2423 2461//2461
f 58//58 750//750 1985//1985
f 2186//2186 234//234 396//396
f 2228//2228 2227//2227 2210//2210
f 2365//2365 2042//2042 2324//2324
f 3229//3229 3111//3111 2622//2622
f 2073//2073 2072//2072 2008//2008
f 750//750 2324//2324 1883//1883
f 793//793 1849//1849 4814//4814
f 2176//2176 2228//2228 2210//2210
f 2335//2335 2334//2334 2296//2296
f 2289//2289 2288//2288 2245//2245
f 2221//2221 2246//2246 2220//2220
f 1788//1788 1835//1835 1834//1834
f 2711//2711 5921//5921 2694//2694
f 2174//2174 2173//2173 2137//2137
f 1791//1791 1994//1994 1987//1987
f 2335//2335 2392//2392 2334//2334
f 1791//1791 2101//2101 2478//2478
f 2380//2380 2413//2413 1209//1209
f 1839//1839 1433//1433 2514//2514
f 2325//2325 2380//2380 1156//1156
f 345//345 256//256 302//302
f 1987//1987 1995//1995 1850//1850
f 2174//2174 2225//2225 2173//2173
f 2418//2418 2457//2457 2456//2456
f 1788//1788 1834//1834 1787//1787
f 2920//2920 2921//2921 2953//2953
f 637//637 2178//2178 638//638
f 368//368 874//874 445//445
f 475//475 53//53 2404//2404
f 1258//1258 1289//1289 1325//1325
f 1933//1933 1870//1870 1886//1886
f 2518//2518 2519//2519 1944//1944
f 2014//2014 745//745 864//864
f 2465//2465 2498//2498 2497//2497
f 1333//1333 338//338 3165//3165
f 2183//2183 2182//2182 2120//2120
f 2212//2212 2211//2211 2182//2182
f 4750//4750 2553//2553 2568//2568
f 1835//1835 1900//1900 1899//1899
f 1834//1834 1835//1835 1899//1899
f 2416//2416 2415//2415 2382//2382
f 2383//2383 2416//2416 2382//2382
f 2056//2056 2133//2133 2132//2132
f 2183//2183 2212//2212 2182//2182
f 3082//3082 5918//5918 3788//3788
f 2212//2212 2261//2261 2260//2260
f 2211//2211 2212//2212 2260//2260
f 2260//2260 2261//2261 2270//2270
f 5008//5008 5971//5971 1786//1786
f 2520//2520 2519//2519 2495//2495
f 2394//2394 2426//2426 2393//2393
f 1994//1994 1995//1995 1987//1987
f 87//87 560//560 1791//1791
f 5109//5109 5108//5108 5070//5070
f 2223//2223 2222//2222 2170//2170
f 193//193 2189//2189 51//51
f 2171//2171 2223//2223 2170//2170
f 2520//2520 2202//2202 2153//2153
f 2605//2605 2604//2604 2585//2585
f 2599//2599 720//720 5965//5965
f 2106//2106 32//32 1915//1915
f 32//32 2125//2125 1915//1915
f 1243//1243 2037//2037 1695//1695
f 2172//2172 2224//2224 2171//2171
f 1985//1985 1883//1883 2233//2233
f 2081//2081 1985//1985 2233//2233
f 2406//2406 745//745 2014//2014
f 5418//5418 5403//5403 4757//4757
f 740//740 1003//1003 741//741
f 638//638 636//636 637//637
f 3077//3077 932//932 38//38
f 750//750 2086//2086 2365//2365
f 2071//2071 2072//2072 599//599
f 1836//1836 1837//1837 1901//1901
f 5965//5965 3167//3167 2760//2760
f 2224//2224 2225//2225 2249//2249
f 2172//2172 2173//2173 2224//2224
f 2173//2173 2225//2225 2224//2224
f 1935//1935 1897//1897 1438//1438
f 2512//2512 1123//1123 2511//2511
f 2072//2072 2116//2116 640//640
f 4611//4611 4783//4783 3950//3950
f 1730//1730 158//158 315//315
f 2286//2286 2325//2325 1044//1044
f 2250//2250 2293//2293 2249//2249
f 2476//2476 2493//2493 2492//2492
f 2426//2426 2425//2425 2393//2393
f 1728//1728 1660//1660 1729//1729
f 2359//2359 5258//5258 1119//1119
f 2124//2124 2265//2265 2034//2034
f 3167//3167 5960//5960 5929//5929
f 1043//1043 1044//1044 2369//2369
f 325//325 51//51 2189//2189
f 2364//2364 2081//2081 2242//2242
f 2134//2134 2170//2170 2169//2169
f 2519//2519 2153//2153 1944//1944
f 1883//1883 2052//2052 2233//2233
f 1919//1919 1988//1988 1438//1438
f 2127//2127 1919//1919 1438//1438
f 3093//3093 3092//3092 3049//3049
f 1838//1838 2558//2558 1874//1874
f 1438//1438 1897//1897 1934//1934
f 1968//1968 2006//2006 1941//1941
f 1927//1927 2201//2201 1876//1876
f 1889//1889 2127//2127 1438//1438
f 2327//2327 2383//2383 2382//2382
f 2326//2326 2327//2327 2382//2382
f 4149//4149 5957//5957 4517//4517
f 1897//1897 1584//1584 1934//1934
f 466//466 2130//2130 586//586
f 199//199 291//291 198//198
f 2186//2186 396//396 1897//1897
f 1934//1934 1584//1584 1939//1939
f 2468//2468 2467//2467 2434//2434
f 2453//2453 2492//2492 1365//1365
f 2014//2014 2481//2481 1995//1995
f 2001//2001 2061//2061 2060//2060
f 1879//1879 1977//1977 1983//1983
f 2000//2000 2001//2001 2060//2060
f 171//171 1401//1401 1402//1402
f 1999//1999 2059//2059 2058//2058
f 2004//2004 2014//2014 1995//1995
f 221//221 263//263 312//312
f 715//715 816//816 2839//2839
f 1878//1878 215//215 58//58
f 2492//2492 2511//2511 1398//1398
f 1365//1365 2492//2492 1398//1398
f 2579//2579 1637//1637 2051//2051
f 3050//3050 3093//3093 3049//3049
f 4858//4858 4860//4860 875//875
f 4535//4535 1992//1992 3156//3156
f 2369//2369 2379//2379 1043//1043
f 2023//2023 2086//2086 750//750
f 1878//1878 2023//2023 750//750
f 3161//3161 4948//4948 3162//3162
f 5800//5800 5799//5799 5763//5763
f 1799//1799 1865//1865 1864//1864
f 1939//1939 2053//2053 88//88
f 2247//2247 2276//2276 2245//2245
f 2456//2456 2457//2457 1329//1329
f 2052//2052 2532//2532 2092//2092
f 667//667 784//784 783//783
f 2117//2117 2180//2180 756//756
f 1979//1979 1949//1949 1870//1870
f 2116//2116 2117//2117 756//756
f 2121//2121 2183//2183 2120//2120
f 5895//5895 4193//4193 5846//5846
f 77//77 2036//2036 1986//1986
f 2386//2386 2387//2387 2419//2419
f 2214//2214 1919//1919 2045//2045
f 2008//2008 2072//2072 2007//2007
f 2117//2117 2116//2116 2072//2072
f 3090//3090 3120//3120 3119//3119
f 2331//2331 2387//2387 2386//2386
f 2716//2716 2763//2763 2121//2121
f 1435//1435 2079//2079 932//932
f 4149//4149 4903//4903 5957//5957
f 2434//2434 2435//2435 2468//2468
f 2826//2826 2825//2825 2766//2766
f 2767//2767 2826//2826 2766//2766
f 2413//2413 2453//2453 1209//1209
f 4041//4041 495//495 3715//3715
f 1118//1118 2546//2546 58//58
f 707//707 1259//1259 548//548
f 1799//1799 1864//1864 1798//1798
f 5966//5966 3130//3130 2540//2540
f 2202//2202 1927//1927 1876//1876
f 1123//1123 1431//1431 2511//2511
f 2243//2243 2286//2286 974//974
f 3093//3093 3094//3094 3123//3123
f 599//599 2072//2072 640//640
f 2116//2116 714//714 640//640
f 2590//2590 2047//2047 2621//2621
f 1060//1060 828//828 722//722
f 1995//1995 2481//2481 1101//1101
f 2063//2063 2062//2062 2001//2001
f 78//78 1989//1989 2123//2123
f 2547//2547 2240//2240 2123//2123
f 2037//2037 2343//2343 1695//1695
f 1914//1914 2432//2432 111//111
f 2518//2518 1944//1944 2083//2083
f 2543//2543 2518//2518 2083//2083
f 2094//2094 2131//2131 466//466
f 2869//2869 2868//2868 2825//2825
f 2083//2083 1841//1841 2545//2545
f 2349//2349 2388//2388 2331//2331
f 2036//2036 2083//2083 2545//2545
f 396//396 71//71 1584//1584
f 1897//1897 396//396 1584//1584
f 2507//2507 59//59 351//351
f 1708//1708 588//588 2078//2078
f 1487//1487 3604//3604 1535//1535
f 1560//1560 1473//1473 1561//1561
f 1876//1876 2525//2525 560//560
f 2446//2446 1876//1876 560//560
f 405//405 801//801 3173//3173
f 2090//2090 2086//2086 2023//2023
f 2116//2116 754//754 714//714
f 2551//2551 5114//5114 5115//5115
f 2391//2391 2390//2390 2333//2333
f 2072//2072 2071//2071 2006//2006
f 2007//2007 2072//2072 2006//2006
f 2277//2277 3003//3003 1061//1061
f 2326//2326 2382//2382 2381//2381
f 2397//2397 2396//2396 2350//2350
f 1931//1931 2471//2471 1736//1736
f 2435//2435 2434//2434 2396//2396
f 2036//2036 2545//2545 1986//1986
f 2521//2521 2520//2520 2496//2496
f 2497//2497 2521//2521 2496//2496
f 1886//1886 1935//1935 1988//1988
f 2028//2028 2063//2063 2001//2001
f 2422//2422 2421//2421 2388//2388
f 2389//2389 2422//2422 2388//2388
f 1933//1933 1886//1886 1988//1988
f 2170//2170 2222//2222 2169//2169
f 2173//2173 2172//2172 2136//2136
f 2720//2720 2767//2767 2768//2768
f 2296//2296 2333//2333 2295//2295
f 486//486 193//193 51//51
f 2079//2079 2157//2157 932//932
f 2079//2079 1819//1819 1926//1926
f 2157//2157 2079//2079 1926//1926
f 2133//2133 2169//2169 2168//2168
f 2113//2113 231//231 3121//3121
f 830//830 4194//4194 1778//1778
f 2464//2464 2497//2497 2496//2496
f 2463//2463 2464//2464 2496//2496
f 900//900 851//851 931//931
f 1860//1860 130//130 198//198
f 2273//2273 2186//2186 1935//1935
f 1886//1886 2273//2273 1935//1935
f 1691//1691 1706//1706 1675//1675
f 1935//1935 2186//2186 1897//1897
f 452//452 1583//1583 1130//1130
f 2420//2420 2459//2459 2419//2419
f 2463//2463 2462//2462 2423//2423
f 2424//2424 2463//2463 2423//2423
f 2496//2496 2495//2495 2462//2462
f 2457//2457 2482//2482 1329//1329
f 2519//2519 2518//2518 2485//2485
f 482//482 2001//2001 1936//1936
f 28//28 27//27 709//709
f 1665//1665 2281//2281 1684//1684
f 2218//2218 896//896 2217//2217
f 2218//2218 2217//2217 669//669
f 2166//2166 2218//2218 669//669
f 1835//1835 1836//1836 1900//1900
f 2110//2110 2079//2079 1435//1435
f 1984//1984 1819//1819 2079//2079
f 2110//2110 1984//1984 2079//2079
f 1984//1984 393//393 1819//1819
f 824//824 756//756 2180//2180
f 1833//1833 1866//1866 1865//1865
f 302//302 256//256 1865//1865
f 1866//1866 302//302 1865//1865
f 682//682 4238//4238 4257//4257
f 2181//2181 2211//2211 2180//2180
f 2331//2331 2330//2330 2292//2292
f 1583//1583 1613//1613 1569//1569
f 2446//2446 560//560 2447//2447
f 2082//2082 2446//2446 2447//2447
f 2343//2343 104//104 821//821
f 2521//2521 1927//1927 2202//2202
f 1841//1841 2305//2305 487//487
f 2390//2390 2422//2422 2389//2389
f 2139//2139 2138//2138 2063//2063
f 2422//2422 2461//2461 2460//2460
f 2421//2421 2422//2422 2460//2460
f 1936//1936 1905//1905 1877//1877
f 5922//5922 788//788 2544//2544
f 38//38 85//85 2862//2862
f 3099//3099 3098//3098 3068//3068
f 5967//5967 5962//5962 5923//5923
f 2181//2181 2180//2180 2117//2117
f 235//235 1814//1814 362//362
f 1674//1674 1706//1706 4881//4881
f 2042//2042 2087//2087 1883//1883
f 4757//4757 5403//5403 4750//4750
f 1585//1585 1616//1616 1299//1299
f 5921//5921 2915//2915 3114//3114
f 830//830 3809//3809 910//910
f 1800//1800 1867//1867 1866//1866
f 1833//1833 1800//1800 1866//1866
f 1867//1867 302//302 1866//1866
f 225//225 595//595 677//677
f 2281//2281 1665//1665 1623//1623
f 2676//2676 2649//2649 2650//2650
f 2312//2312 2337//2337 2298//2298
f 5957//5957 4903//4903 5926//5926
f 4194//4194 830//830 910//910
f 560//560 2358//2358 2101//2101
f 2083//2083 1944//1944 1841//1841
f 1841//1841 87//87 2305//2305
f 1898//1898 1931//1931 1863//1863
f 1850//1850 1898//1898 1863//1863
f 2175//2175 2210//2210 2226//2226
f 1787//1787 1834//1834 263//263
f 2255//2255 2254//2254 2229//2229
f 2230//2230 2255//2255 2229//2229
f 2394//2394 2393//2393 2336//2336
f 1101//1101 143//143 2141//2141
f 2213//2213 1101//1101 2141//2141
f 1809//1809 1787//1787 263//263
f 2610//2610 2591//2591 2569//2569
f 2219//2219 2244//2244 2243//2243
f 5409//5409 5408//5408 5382//5382
f 2166//2166 2167//2167 2218//2218
f 2228//2228 2252//2252 2227//2227
f 2090//2090 2214//2214 2045//2045
f 2226//2226 2251//2251 2225//2225
f 2057//2057 2095//2095 2056//2056
f 2336//2336 2335//2335 2297//2297
f 2298//2298 2336//2336 2297//2297
f 2167//2167 2166//2166 2130//2130
f 2343//2343 2342//2342 104//104
f 910//910 3809//3809 43//43
f 1865//1865 1799//1799 1833//1833
f 2414//2414 2453//2453 2413//2413
f 1034//1034 2352//2352 2351//2351
f 2723//2723 2769//2769 2721//2721
f 2520//2520 2521//2521 2202//2202
f 2828//2828 2827//2827 2790//2790
f 2460//2460 2459//2459 2420//2420
f 2178//2178 2176//2176 2177//2177
f 274//274 830//830 1778//1778
f 2337//2337 2394//2394 2336//2336
f 638//638 2178//2178 636//636
f 2139//2139 2175//2175 2138//2138
f 482//482 2028//2028 2001//2001
f 2459//2459 2458//2458 2419//2419
f 2723//2723 2721//2721 2722//2722
f 2202//2202 1876//1876 2082//2082
f 2241//2241 171//171 1123//1123
f 648//648 3902//3902 3196//3196
f 4096//4096 4095//4095 4059//4059
f 2460//2460 2484//2484 2494//2494
f 1899//1899 312//312 263//263
f 1834//1834 1899//1899 263//263
f 1899//1899 1996//1996 385//385
f 2131//2131 2130//2130 466//466
f 1955//1955 1984//1984 2110//2110
f 1984//1984 1955//1955 393//393
f 312//312 1899//1899 385//385
f 385//385 1996//1996 2026//2026
f 2755//2755 4592//4592 4741//4741
f 1800//1800 1833//1833 1799//1799
f 2008//2008 2007//2007 1969//1969
f 2337//2337 2336//2336 2298//2298
f 2604//2604 2629//2629 2603//2603
f 1014//1014 1028//1028 1516//1516
f 1906//1906 355//355 1843//1843
f 2055//2055 2132//2132 2131//2131
f 2210//2210 2227//2227 2226//2226
f 2230//2230 2229//2229 2176//2176
f 750//750 1883//1883 1985//1985
f 2119//2119 2181//2181 2117//2117
f 1982//1982 1948//1948 1840//1840
f 1983//1983 1982//1982 1840//1840
f 1156//1156 2380//2380 1209//1209
f 205//205 118//118 1872//1872
f 3070//3070 3099//3099 3068//3068
f 431//431 390//390 301//301
f 2168//2168 2220//2220 2219//2219
f 2167//2167 2168//2168 2219//2219
f 2104//2104 2263//2263 2110//2110
f 2263//2263 1955//1955 2110//2110
f 1955//1955 1978//1978 393//393
f 2158//2158 213//213 393//393
f 1978//1978 2158//2158 393//393
f 2242//2242 2185//2185 2044//2044
f 1209//1209 2452//2452 2451//2451
f 2465//2465 2464//2464 2425//2425
f 52//52 3953//3953 3952//3952
f 757//757 2552//2552 3937//3937
f 232//232 2562//2562 4745//4745
f 1577//1577 2549//2549 1025//1025
f 1801//1801 259//259 1867//1867
f 1800//1800 1801//1801 1867//1867
f 137//137 282//282 138//138
f 2523//2523 1914//1914 2201//2201
f 2521//2521 2523//2523 2201//2201
f 2136//2136 2135//2135 2058//2058
f 4775//4775 4774//4774 2567//2567
f 2351//2351 2350//2350 1015//1015
f 2351//2351 2397//2397 2350//2350
f 2086//2086 2042//2042 2365//2365
f 1926//1926 1819//1819 98//98
f 3051//3051 3050//3050 3020//3020
f 2137//2137 2173//2173 2151//2151
f 2483//2483 2515//2515 2514//2514
f 2178//2178 2230//2230 2176//2176
f 2178//2178 2177//2177 636//636
f 2262//2262 2261//2261 2212//2212
f 2185//2185 2092//2092 2044//2044
f 3062//3062 4343//4343 2818//2818
f 1535//1535 3604//3604 1536//1536
f 2220//2220 2245//2245 2244//2244
f 2219//2219 2220//2220 2244//2244
f 2675//2675 2701//2701 2674//2674
f 2104//2104 1955//1955 2263//2263
f 399//399 2158//2158 1978//1978
f 1922//1922 399//399 1978//1978
f 2364//2364 2363//2363 2018//2018
f 1456//1456 1123//1123 1498//1498
f 2606//2606 2586//2586 2587//2587
f 3452//3452 2528//2528 1073//1073
f 4782//4782 1801//1801 1800//1800
f 671//671 329//329 708//708
f 2261//2261 2262//2262 2304//2304
f 1987//1987 1863//1863 2259//2259
f 1788//1788 1810//1810 1835//1835
f 2425//2425 2424//2424 2392//2392
f 2393//2393 2425//2425 2392//2392
f 2393//2393 2392//2392 2335//2335
f 2336//2336 2393//2393 2335//2335
f 1936//1936 2001//2001 1905//1905
f 1904//1904 2001//2001 2000//2000
f 2188//2188 679//679 1667//1667
f 2485//2485 2484//2484 2460//2460
f 5539//5539 5538//5538 5501//5501
f 2406//2406 400//400 745//745
f 2201//2201 1914//1914 2010//2010
f 2293//2293 2292//2292 2249//2249
f 2545//2545 1841//1841 1986//1986
f 2459//2459 2494//2494 2483//2483
f 2236//2236 1976//1976 1869//1869
f 2104//2104 2110//2110 2408//2408
f 2069//2069 1955//1955 2104//2104
f 1922//1922 1978//1978 1955//1955
f 998//998 2833//2833 1769//1769
f 1068//1068 3452//3452 4978//4978
f 1885//1885 1068//1068 4978//4978
f 5615//5615 5650//5650 5614//5614
f 2132//2132 2133//2133 2131//2131
f 1291//1291 2454//2454 2414//2414
f 1863//1863 1736//1736 2259//2259
f 2255//2255 2298//2298 2254//2254
f 2298//2298 2297//2297 2254//2254
f 2035//2035 1920//1920 1888//1888
f 2276//2276 2289//2289 2245//2245
f 1962//1962 1060//1060 2184//2184
f 2461//2461 2485//2485 2460//2460
f 2358//2358 2014//2014 2004//2004
f 2352//2352 2398//2398 2351//2351
f 2351//2351 1015//1015 1034//1034
f 2398//2398 2397//2397 2351//2351
f 482//482 435//435 523//523
f 2481//2481 2014//2014 1101//1101
f 1328//1328 2493//2493 1291//1291
f 2513//2513 2512//2512 2493//2493
f 1328//1328 2513//2513 2493//2493
f 2675//2675 2721//2721 2701//2701
f 2069//2069 1884//1884 1955//1955
f 1884//1884 1954//1954 1922//1922
f 1955//1955 1884//1884 1922//1922
f 2381//2381 2414//2414 2413//2413
f 399//399 193//193 129//129
f 2294//2294 2332//2332 2331//2331
f 438//438 2029//2029 558//558
f 2588//2588 2587//2587 2566//2566
f 1802//1802 260//260 259//259
f 1801//1801 1802//1802 259//259
f 3268//3268 2746//2746 2985//2985
f 2498//2498 2499//2499 2522//2522
f 2436//2436 2435//2435 2397//2397
f 2398//2398 2436//2436 2397//2397
f 2167//2167 2219//2219 2218//2218
f 1993//1993 400//400 2406//2406
f 2333//2333 2390//2390 2332//2332
f 2227//2227 2252//2252 2251//2251
f 2390//2390 2389//2389 2332//2332
f 2295//2295 2333//2333 2332//2332
f 2252//2252 2295//2295 2294//2294
f 2294//2294 2295//2295 2332//2332
f 2251//2251 2252//2252 2294//2294
f 1976//1976 2035//2035 1888//1888
f 2060//2060 2096//2096 2059//2059
f 1888//1888 1813//1813 2184//2184
f 1813//1813 1962//1962 2184//2184
f 2517//2517 2518//2518 2543//2543
f 355//355 1936//1936 1843//1843
f 2516//2516 2517//2517 77//77
f 2513//2513 2241//2241 1123//1123
f 2521//2521 2201//2201 1927//1927
f 3514//3514 277//277 276//276
f 680//680 21//21 127//127
f 2218//2218 2219//2219 896//896
f 1884//1884 2069//2069 2104//2104
f 2321//2321 1884//1884 2104//2104
f 2013//2013 399//399 1922//1922
f 1954//1954 2013//2013 1922//1922
f 822//822 937//937 2257//2257
f 1841//1841 2500//2500 1986//1986
f 2512//2512 2513//2513 1123//1123
f 2499//2499 2498//2498 2465//2465
f 2116//2116 756//756 755//755
f 2499//2499 2523//2523 2522//2522
f 2226//2226 2227//2227 2251//2251
f 1920//1920 2050//2050 1813//1813
f 1903//1903 1902//1902 1837//1837
f 1667//1667 1666//1666 1684//1684
f 1810//1810 170//170 1836//1836
f 1887//1887 1888//1888 2184//2184
f 2880//2880 2128//2128 2488//2488
f 4834//4834 4617//4617 4877//4877
f 2082//2082 1876//1876 2446//2446
f 2485//2485 2518//2518 2517//2517
f 1989//1989 3043//3043 2240//2240
f 2484//2484 2485//2485 2517//2517
f 2447//2447 560//560 87//87
f 2014//2014 2470//2470 1101//1101
f 1613//1613 1583//1583 1299//1299
f 2180//2180 825//825 824//824
f 1123//1123 1499//1499 1498//1498
f 5956//5956 1163//1163 2694//2694
f 2007//2007 2006//2006 1969//1969
f 2201//2201 2010//2010 1876//1876
f 3154//3154 866//866 2738//2738
f 2433//2433 2466//2466 2426//2426
f 2466//2466 2465//2465 2426//2426
f 2045//2045 2042//2042 2086//2086
f 1874//1874 1904//1904 1838//1838
f 2050//2050 1824//1824 1962//1962
f 1813//1813 2050//2050 1962//1962
f 1888//1888 1920//1920 1813//1813
f 1838//1838 1903//1903 1837//1837
f 3172//3172 3351//3351 4320//4320
f 2385//2385 2418//2418 2417//2417
f 2135//2135 2136//2136 2134//2134
f 2171//2171 2170//2170 2134//2134
f 1976//1976 1888//1888 1887//1887
f 1917//1917 1976//1976 1887//1887
f 1746//1746 4743//4743 3814//3814
f 2206//2206 1625//1625 105//105
f 2101//2101 2358//2358 2004//2004
f 4590//4590 4617//4617 4834//4834
f 1731//1731 158//158 1730//1730
f 2428//2428 2104//2104 2407//2407
f 2734//2734 2321//2321 2104//2104
f 2189//2189 193//193 2013//2013
f 2159//2159 2189//2189 2013//2013
f 2466//2466 2499//2499 2465//2465
f 2459//2459 2483//2483 2458//2458
f 2045//2045 1919//1919 2042//2042
f 2354//2354 2667//2667 3133//3133
f 350//350 2354//2354 3133//3133
f 3039//3039 3072//3072 3028//3028
f 751//751 2178//2178 637//637
f 974//974 1044//1044 1043//1043
f 2395//2395 2426//2426 2394//2394
f 1636//1636 1764//1764 1898//1898
f 2471//2471 313//313 1736//1736
f 2223//2223 2248//2248 2247//2247
f 1999//1999 2058//2058 2027//2027
f 1998//1998 1999//1999 2027//2027
f 1902//1902 1999//1999 1901//1901
f 1999//1999 1998//1998 1901//1901
f 2135//2135 2134//2134 2058//2058
f 2136//2136 2171//2171 2134//2134
f 2579//2579 2102//2102 1510//1510
f 2827//2827 2870//2870 2826//2826
f 2667//2667 2354//2354 818//818
f 2522//2522 2523//2523 2521//2521
f 2720//2720 2767//2767 2744//2744
f 2567//2567 4755//4755 4775//4775
f 2766//2766 2825//2825 2765//2765
f 1987//1987 1850//1850 1863//1863
f 2395//2395 2433//2433 2426//2426
f 1626//1626 213//213 399//399
f 2251//2251 2250//2250 2225//2225
f 2497//2497 2498//2498 2521//2521
f 1884//1884 2321//2321 2736//2736
f 2145//2145 2020//2020 1954//1954
f 1884//1884 2145//2145 1954//1954
f 2142//2142 2013//2013 1954//1954
f 2020//2020 2142//2142 1954//1954
f 2142//2142 2159//2159 2013//2013
f 4902//4902 1014//1014 3471//3471
f 1804//1804 1779//1779 1802//1802
f 1779//1779 1868//1868 260//260
f 1802//1802 1779//1779 260//260
f 1684//1684 1683//1683 1665//1665
f 2395//2395 2394//2394 2337//2337
f 2338//2338 2395//2395 2337//2337
f 2382//2382 2415//2415 2414//2414
f 1999//1999 2000//2000 2059//2059
f 2000//2000 2060//2060 2059//2059
f 1902//1902 1903//1903 1999//1999
f 2222//2222 2223//2223 2247//2247
f 2124//2124 2034//2034 78//78
f 2381//2381 2382//2382 2414//2414
f 2384//2384 2417//2417 2416//2416
f 2327//2327 2384//2384 2383//2383
f 2383//2383 2384//2384 2416//2416
f 2415//2415 1291//1291 2414//2414
f 708//708 329//329 3400//3400
f 2338//2338 2337//2337 2312//2312
f 2299//2299 2312//2312 2298//2298
f 1889//1889 1934//1934 1939//1939
f 355//355 435//435 434//434
f 1837//1837 170//170 1838//1838
f 487//487 2339//2339 1790//1790
f 2025//2025 1884//1884 2089//2089
f 1884//1884 2736//2736 2089//2089
f 1884//1884 2025//2025 2145//2145
f 2257//2257 2299//2299 2255//2255
f 1921//1921 1889//1889 1939//1939
f 1779//1779 261//261 1868//1868
f 931//931 801//801 900//900
f 1799//1799 1798//1798 1768//1768
f 2558//2558 1838//1838 170//170
f 5132//5132 5156//5156 5155//5155
f 4784//4784 4590//4590 4783//4783
f 87//87 1791//1791 2339//2339
f 3049//3049 3048//3048 3309//3309
f 1976//1976 1917//1917 2318//2318
f 3049//3049 3309//3309 3038//3038
f 2058//2058 2134//2134 2095//2095
f 369//369 370//370 412//412
f 2329//2329 2328//2328 2290//2290
f 2291//2291 2329//2329 2290//2290
f 77//77 1986//1986 2115//2115
f 2279//2279 77//77 2115//2115
f 1291//1291 2455//2455 1328//1328
f 556//556 2063//2063 2064//2064
f 802//802 1490//1490 1495//1495
f 918//918 858//858 901//901
f 1869//1869 2318//2318 1917//1917
f 784//784 813//813 783//783
f 2299//2299 2338//2338 2312//2312
f 1976//1976 2318//2318 1869//1869
f 2070//2070 1872//1872 313//313
f 560//560 2101//2101 1791//1791
f 2131//2131 2167//2167 2130//2130
f 355//355 482//482 1966//1966
f 1730//1730 1661//1661 1682//1682
f 2106//2106 858//858 859//859
f 2375//2375 2020//2020 2145//2145
f 2025//2025 2375//2375 2145//2145
f 2046//2046 2159//2159 2142//2142
f 2109//2109 2189//2189 2159//2159
f 2046//2046 2109//2109 2159//2159
f 2109//2109 325//325 2189//2189
f 2880//2880 2488//2488 3055//3055
f 2629//2629 2672//2672 2628//2628
f 497//497 610//610 538//538
f 2513//2513 1328//1328 1401//1401
f 1676//1676 1692//1692 1691//1691
f 5104//5104 5103//5103 4218//4218
f 171//171 1500//1500 1499//1499
f 3276//3276 79//79 762//762
f 2299//2299 2298//2298 2255//2255
f 2257//2257 2255//2255 2256//2256
f 2291//2291 2290//2290 2247//2247
f 2248//2248 2291//2291 2247//2247
f 1998//1998 1997//1997 1900//1900
f 158//158 738//738 315//315
f 2140//2140 2176//2176 2139//2139
f 1917//1917 1887//1887 2108//2108
f 1918//1918 1917//1917 2108//2108
f 2027//2027 2058//2058 1997//1997
f 1729//1729 1660//1660 1681//1681
f 1932//1932 77//77 2279//2279
f 103//103 644//644 164//164
f 5927//5927 5933//5933 2859//2859
f 2213//2213 2141//2141 1898//1898
f 2324//2324 2042//2042 1883//1883
f 2020//2020 2375//2375 2142//2142
f 595//595 1126//1126 2038//2038
f 1696//1696 105//105 321//321
f 1707//1707 1691//1691 1708//1708
f 2550//2550 5008//5008 4730//4730
f 1780//1780 262//262 261//261
f 1779//1779 1780//1780 261//261
f 1657//1657 1613//1613 1615//1615
f 822//822 2257//2257 2231//2231
f 2339//2339 1791//1791 1987//1987
f 1998//1998 2027//2027 1997//1997
f 1901//1901 1998//1998 1900//1900
f 1870//1870 2271//2271 1886//1886
f 3276//3276 762//762 408//408
f 3185//3185 859//859 32//32
f 1060//1060 722//722 2024//2024
f 2329//2329 2327//2327 2328//2328
f 2249//2249 2292//2292 2248//2248
f 2516//2516 77//77 1932//1932
f 2515//2515 2516//2516 1932//1932
f 1791//1791 2478//2478 1995//1995
f 2253//2253 2252//2252 2228//2228
f 5948//5948 5942//5942 5935//5935
f 1569//1569 1613//1613 1612//1612
f 4318//4318 4341//4341 4340//4340
f 556//556 2140//2140 2063//2063
f 2471//2471 2070//2070 313//313
f 2009//2009 2073//2073 2030//2030
f 2025//2025 2363//2363 2375//2375
f 2363//2363 2044//2044 2142//2142
f 2375//2375 2363//2363 2142//2142
f 2044//2044 2046//2046 2142//2142
f 2046//2046 2043//2043 2109//2109
f 1890//1890 325//325 2109//2109
f 2043//2043 1890//1890 2109//2109
f 2074//2074 2073//2073 2009//2009
f 594//594 716//716 1670//1670
f 2723//2723 2791//2791 2769//2769
f 159//159 83//83 645//645
f 1027//1027 5969//5969 2359//2359
f 56//56 794//794 2010//2010
f 1914//1914 56//56 2010//2010
f 1879//1879 1983//1983 1920//1920
f 2035//2035 1879//1879 1920//1920
f 2416//2416 2455//2455 2415//2415
f 716//716 1437//1437 162//162
f 3188//3188 3205//3205 3216//3216
f 2385//2385 2384//2384 2327//2327
f 2329//2329 2385//2385 2327//2327
f 2222//2222 2247//2247 2246//2246
f 78//78 2123//2123 2124//2124
f 2137//2137 2138//2138 2174//2174
f 1949//1949 1869//1869 1917//1917
f 487//487 679//679 1875//1875
f 1887//1887 2184//2184 2024//2024
f 211//211 2010//2010 794//794
f 1433//1433 1839//1839 2204//2204
f 2119//2119 2118//2118 2073//2073
f 138//138 3112//3112 137//137
f 2025//2025 2196//2196 2363//2363
f 2044//2044 2403//2403 2046//2046
f 2403//2403 2043//2043 2046//2046
f 1890//1890 2506//2506 325//325
f 2131//2131 2133//2133 2167//2167
f 2590//2590 2621//2621 1171//1171
f 276//276 277//277 793//793
f 2459//2459 2460//2460 2494//2494
f 2974//2974 5683//5683 4192//4192
f 2257//2257 2256//2256 2231//2231
f 78//78 2034//2034 2146//2146
f 487//487 1667//1667 679//679
f 2265//2265 1869//1869 2034//2034
f 1949//1949 1917//1917 1918//1918
f 1870//1870 1949//1949 1918//1918
f 2384//2384 2385//2385 2417//2417
f 2494//2494 2516//2516 2515//2515
f 2483//2483 2494//2494 2515//2515
f 2487//2487 2082//2082 87//87
f 1329//1329 1368//1368 1402//1402
f 329//329 671//671 672//672
f 2662//2662 1637//1637 2579//2579
f 1872//1872 897//897 2314//2314
f 1940//1940 2491//2491 875//875
f 2185//2185 2403//2403 2044//2044
f 2185//2185 2043//2043 2403//2403
f 88//88 2506//2506 1890//1890
f 2251//2251 2294//2294 2250//2250
f 2294//2294 2311//2311 2293//2293
f 4194//4194 910//910 1827//1827
f 1780//1780 95//95 262//262
f 1706//1706 1691//1691 1707//1707
f 1921//1921 1939//1939 1974//1974
f 4783//4783 4590//4590 4811//4811
f 2188//2188 2122//2122 2204//2204
f 2115//2115 2188//2188 2204//2204
f 1836//1836 1901//1901 1900//1900
f 1979//1979 1870//1870 1930//1930
f 2034//2034 1811//1811 2090//2090
f 482//482 355//355 434//434
f 2224//2224 2249//2249 2248//2248
f 2235//2235 1869//1869 2123//2123
f 2334//2334 2333//2333 2296//2296
f 4811//4811 4590//4590 4834//4834
f 1919//1919 1889//1889 2087//2087
f 1615//1615 1613//1613 1299//1299
f 2104//2104 2428//2428 2734//2734
f 1400//1400 1055//1055 1991//1991
f 2240//2240 1400//1400 1991//1991
f 487//487 1875//1875 1986//1986
f 1872//1872 1945//1945 897//897
f 2082//2082 2447//2447 87//87
f 2252//2252 2253//2253 2296//2296
f 1156//1156 1209//1209 1208//1208
f 2196//2196 2018//2018 2363//2363
f 2363//2363 2242//2242 2044//2044
f 2092//2092 2043//2043 2185//2185
f 2092//2092 1974//1974 1890//1890
f 2043//2043 2092//2092 1890//1890
f 1974//1974 88//88 1890//1890
f 995//995 5012//5012 4990//4990
f 466//466 426//426 385//385
f 2252//2252 2296//2296 2295//2295
f 2334//2334 2391//2391 2333//2333
f 3021//3021 3051//3051 3020//3020
f 2396//2396 2397//2397 2435//2435
f 2799//2799 2695//2695 2647//2647
f 4751//4751 5954//5954 4934//4934
f 2675//2675 2674//2674 2648//2648
f 4366//4366 4365//4365 4343//4343
f 3756//3756 3641//3641 3590//3590
f 2284//2284 477//477 721//721
f 2284//2284 906//906 477//477
f 906//906 1588//1588 477//477
f 5891//5891 5903//5903 5875//5875
f 746//746 2284//2284 1513//1513
f 1513//1513 2284//2284 721//721
f 746//746 1892//1892 906//906
f 2284//2284 746//746 906//906
f 2526//2526 2647//2647 906//906
f 1892//1892 2526//2526 906//906
f 2526//2526 2799//2799 2647//2647
f 2847//2847 2874//2874 2813//2813
f 2632//2632 2675//2675 2648//2648
f 1377//1377 1975//1975 726//726
f 24//24 3867//3867 1094//1094
f 4012//4012 4011//4011 3974//3974
f 5941//5941 5932//5932 2479//2479
f 3958//3958 987//987 4109//4109
f 2567//2567 4774//4774 2589//2589
f 1690//1690 5945//5945 5938//5938
f 3762//3762 3780//3780 3761//3761
f 4349//4349 4342//4342 4343//4343
f 4343//4343 4365//4365 4349//4349
f 4753//4753 4772//4772 3919//3919
f 5012//5012 5949//5949 5958//5958
f 2828//2828 2870//2870 2827//2827
f 2676//2676 2702//2702 2675//2675
f 3363//3363 2596//2596 4812//4812
f 4813//4813 3363//3363 4812//4812
f 3412//3412 4672//4672 4671//4671
f 1054//1054 1378//1378 2199//2199
f 4111//4111 3135//3135 3153//3153
f 553//553 2800//2800 2647//2647
f 2831//2831 2874//2874 2847//2847
f 5860//5860 5892//5892 5859//5859
f 5763//5763 5762//5762 5715//5715
f 3130//3130 5963//5963 2540//2540
f 3433//3433 3135//3135 2475//2475
f 2440//2440 4030//4030 247//247
f 2637//2637 2685//2685 2614//2614
f 3071//3071 3070//3070 3027//3027
f 4049//4049 4033//4033 4034//4034
f 2723//2723 2722//2722 2675//2675
f 5929//5929 5951//5951 5964//5964
f 3823//3823 4149//4149 4517//4517
f 2697//2697 746//746 2479//2479
f 3085//3085 3236//3236 1305//1305
f 1187//1187 1892//1892 746//746
f 2697//2697 1187//1187 746//746
f 1187//1187 2111//2111 2526//2526
f 1892//1892 1187//1187 2526//2526
f 2622//2622 2799//2799 2526//2526
f 5928//5928 5932//5932 5941//5941
f 5839//5839 5838//5838 5799//5799
f 2111//2111 2622//2622 2526//2526
f 2622//2622 3111//3111 2799//2799
f 2685//2685 2683//2683 2684//2684
f 1410//1410 592//592 2535//2535
f 5289//5289 4418//4418 4394//4394
f 3909//3909 3928//3928 3927//3927
f 3908//3908 3909//3909 3927//3927
f 3040//3040 3039//3039 3029//3029
f 2998//2998 3040//3040 3029//3029
f 2730//2730 2729//2729 2683//2683
f 2685//2685 2684//2684 2614//2614
f 3928//3928 3926//3926 3927//3927
f 3972//3972 3971//3971 3926//3926
f 3928//3928 3972//3972 3926//3926
f 3991//3991 3970//3970 3971//3971
f 2475//2475 3135//3135 4111//4111
f 3972//3972 3991//3991 3971//3971
f 721//721 1371//1371 2544//2544
f 570//570 3112//3112 138//138
f 4424//4424 3209//3209 4444//4444
f 2601//2601 570//570 138//138
f 3976//3976 3975//3975 3523//3523
f 2479//2479 2643//2643 2697//2697
f 4024//4024 4023//4023 3970//3970
f 3991//3991 4024//4024 3970//3970
f 2601//2601 138//138 467//467
f 1093//1093 2601//2601 467//467
f 2574//2574 2615//2615 2573//2573
f 949//949 3514//3514 276//276
f 30//30 38//38 1171//1171
f 2790//2790 2789//2789 2720//2720
f 1845//1845 1243//1243 2113//2113
f 4024//4024 4040//4040 4023//4023
f 4061//4061 4060//4060 4023//4023
f 4040//4040 4061//4061 4023//4023
f 1971//1971 2009//2009 2008//2008
f 3915//3915 3631//3631 4016//4016
f 4060//4060 4061//4061 3760//3760
f 435//435 482//482 434//434
f 1400//1400 2666//2666 1055//1055
f 719//719 2598//2598 1305//1305
f 5516//5516 5499//5499 5482//5482
f 2479//2479 2355//2355 2643//2643
f 2615//2615 2637//2637 2614//2614
f 2574//2574 2573//2573 2557//2557
f 2615//2615 2614//2614 2573//2573
f 906//906 2647//2647 1588//1588
f 2575//2575 2574//2574 4725//4725
f 2962//2962 2996//2996 2940//2940
f 271//271 1243//1243 428//428
f 1700//1700 748//748 3115//3115
f 1243//1243 271//271 2113//2113
f 1119//1119 2215//2215 2533//2533
f 2813//2813 2812//2812 2775//2775
f 2156//2156 5967//5967 2787//2787
f 3510//3510 3514//3514 949//949
f 4277//4277 3044//3044 360//360
f 4816//4816 1063//1063 3872//3872
f 2872//2872 2871//2871 2811//2811
f 3362//3362 2855//2855 2552//2552
f 2576//2576 2575//2575 4725//4725
f 1103//1103 2049//2049 592//592
f 1910//1910 1506//1506 4940//4940
f 3014//3014 2647//2647 2800//2800
f 4865//4865 4874//4874 2491//2491
f 4758//4758 5954//5954 4751//4751
f 485//485 2803//2803 2620//2620
f 2156//2156 2787//2787 2736//2736
f 2666//2666 1294//1294 1055//1055
f 1238//1238 3414//3414 2819//2819
f 2720//2720 2719//2719 2672//2672
f 2647//2647 3014//3014 1588//1588
f 5961//5961 5930//5930 3043//3043
f 230//230 1517//1517 545//545
f 3187//3187 3212//3212 3709//3709
f 2701//2701 2720//2720 2672//2672
f 2813//2813 2873//2873 2811//2811
f 5657//5657 5689//5689 5655//5655
f 2638//2638 2686//2686 2655//2655
f 2588//2588 2606//2606 2587//2587
f 2775//2775 2774//2774 2729//2729
f 5484//5484 5518//5518 5483//5483
f 3469//3469 5013//5013 4644//4644
f 2875//2875 2874//2874 2831//2831
f 3796//3796 5162//5162 4977//4977
f 2874//2874 2875//2875 2876//2876
f 1873//1873 2310//2310 2152//2152
f 1924//1924 1873//1873 2152//2152
f 2157//2157 1926//1926 678//678
f 2611//2611 2610//2610 2569//2569
f 2570//2570 2611//2611 2569//2569
f 2728//2728 2727//2727 2681//2681
f 1238//1238 3128//3128 2804//2804
f 1243//1243 1695//1695 428//428
f 3003//3003 3229//3229 2622//2622
f 3701//3701 26//26 3597//3597
f 2573//2573 2614//2614 2593//2593
f 2684//2684 2683//2683 2614//2614
f 595//595 792//792 1126//1126
f 3640//3640 3664//3664 3694//3694
f 1054//1054 2959//2959 1018//1018
f 1827//1827 1911//1911 1755//1755
f 681//681 2477//2477 1166//1166
f 4159//4159 3172//3172 4084//4084
f 2705//2705 2728//2728 2681//2681
f 2830//2830 2846//2846 2809//2809
f 2749//2749 2704//2704 2727//2727
f 2846//2846 2844//2844 2845//2845
f 2846//2846 2892//2892 2844//2844
f 344//344 2199//2199 2207//2207
f 2907//2907 2906//2906 2844//2844
f 2128//2128 3330//3330 3916//3916
f 4814//4814 4816//4816 3872//3872
f 1217//1217 3433//3433 360//360
f 5800//5800 5839//5839 5799//5799
f 3027//3027 3070//3070 3069//3069
f 1013//1013 3541//3541 3607//3607
f 3189//3189 2975//2975 2819//2819
f 2925//2925 2889//2889 4639//4639
f 1738//1738 1187//1187 2697//2697
f 2620//2620 1738//1738 2697//2697
f 2856//2856 2111//2111 1187//1187
f 2904//2904 3189//3189 2819//2819
f 3009//3009 2503//2503 4110//4110
f 1738//1738 2856//2856 1187//1187
f 3003//3003 2622//2622 2111//2111
f 1131//1131 429//429 1913//1913
f 2316//2316 2208//2208 3100//3100
f 3414//3414 2804//2804 2819//2819
f 2892//2892 2907//2907 2844//2844
f 2856//2856 3003//3003 2111//2111
f 2656//2656 4044//4044 2833//2833
f 4030//4030 133//133 247//247
f 2640//2640 2239//2239 3088//3088
f 2990//2990 856//856 1962//1962
f 1126//1126 2323//2323 2038//2038
f 2812//2812 2811//2811 2774//2774
f 1017//1017 133//133 2440//2440
f 2488//2488 1120//1120 4445//4445
f 3758//3758 4096//4096 4070//4070
f 4503//4503 4724//4724 5301//5301
f 5657//5657 5655//5655 5656//5656
f 4329//4329 4330//4330 4347//4347
f 3101//3101 3100//3100 3070//3070
f 2682//2682 2705//2705 2681//2681
f 2697//2697 485//485 2620//2620
f 5970//5970 5931//5931 1093//1093
f 3739//3739 4070//4070 4059//4059
f 2965//2965 2998//2998 2964//2964
f 2156//2156 5962//5962 5967//5967
f 4753//4753 4560//4560 4432//4432
f 1119//1119 1307//1307 2215//2215
f 2775//2775 2812//2812 2774//2774
f 3443//3443 4037//4037 2475//2475
f 3739//3739 3758//3758 4070//4070
f 2910//2910 2909//2909 2872//2872
f 72//72 2472//2472 551//551
f 1904//1904 1874//1874 1905//1905
f 3071//3071 3101//3101 3070//3070
f 2925//2925 2870//2870 2889//2889
f 2547//2547 2123//2123 1989//1989
f 2215//2215 1117//1117 547//547
f 570//570 1544//1544 421//421
f 2755//2755 4503//4503 5300//5300
f 2280//2280 796//796 2354//2354
f 5943//5943 5962//5962 2156//2156
f 586//586 2166//2166 669//669
f 2995//2995 2994//2994 2981//2981
f 2940//2940 2995//2995 2981//2981
f 2208//2208 1924//1924 3100//3100
f 200//200 2600//2600 1117//1117
f 2571//2571 2570//2570 2555//2555
f 5820//5820 5819//5819 5783//5783
f 601//601 3128//3128 1238//1238
f 2544//2544 1371//1371 2581//2581
f 2846//2846 2908//2908 2892//2892
f 332//332 1348//1348 67//67
f 4293//4293 922//922 153//153
f 2557//2557 4725//4725 2574//2574
f 2307//2307 2037//2037 1243//1243
f 127//127 21//21 173//173
f 4948//4948 5948//5948 5920//5920
f 2310//2310 1164//1164 2340//2340
f 3100//3100 3099//3099 3070//3070
f 2152//2152 2282//2282 627//627
f 2791//2791 2690//2690 2790//2790
f 4445//4445 1120//1120 3444//3444
f 3898//3898 2103//2103 515//515
f 3055//3055 4445//4445 3444//3444
f 2611//2611 2653//2653 2612//2612
f 1306//1306 2544//2544 2581//2581
f 2908//2908 2907//2907 2892//2892
f 868//868 1542//1542 141//141
f 2728//2728 2749//2749 2727//2727
f 2773//2773 2772//2772 2704//2704
f 1371//1371 1183//1183 591//591
f 4726//4726 4725//4725 5303//5303
f 2535//2535 592//592 1977//1977
f 3123//3123 3122//3122 3092//3092
f 757//757 3937//3937 1169//1169
f 2535//2535 1977//1977 1294//1294
f 2550//2550 2535//2535 1294//1294
f 5300//5300 4503//4503 5301//5301
f 2827//2827 2826//2826 2767//2767
f 3023//3023 3024//3024 3053//3053
f 2558//2558 2580//2580 1874//1874
f 645//645 619//619 596//596
f 2685//2685 4840//4840 2730//2730
f 2282//2282 2310//2310 2340//2340
f 2975//2975 1238//1238 2819//2819
f 1238//1238 2804//2804 3414//3414
f 3128//3128 84//84 2804//2804
f 35//35 2640//2640 3088//3088
f 2611//2611 2681//2681 2653//2653
f 1924//1924 2152//2152 3098//3098
f 3099//3099 1924//1924 3098//3098
f 4037//4037 3443//3443 2488//2488
f 1810//1810 1788//1788 170//170
f 2749//2749 2773//2773 2704//2704
f 1437//1437 821//821 162//162
f 3921//3921 4726//4726 5303//5303
f 1183//1183 477//477 468//468
f 5590//5590 5623//5623 5589//5589
f 477//477 1183//1183 1371//1371
f 721//721 477//477 1371//1371
f 2699//2699 1738//1738 2620//2620
f 2803//2803 2699//2699 2620//2620
f 3100//3100 1924//1924 3099//3099
f 2683//2683 2729//2729 2706//2706
f 2784//2784 1305//1305 2821//2821
f 3892//3892 3881//3881 3882//3882
f 2613//2613 2682//2682 2654//2654
f 2572//2572 2592//2592 2571//2571
f 2613//2613 2612//2612 2570//2570
f 2556//2556 2572//2572 2555//2555
f 2592//2592 2613//2613 2570//2570
f 2592//2592 2570//2570 2571//2571
f 1517//1517 986//986 545//545
f 2561//2561 200//200 1117//1117
f 2810//2810 2809//2809 2772//2772
f 3029//3029 3039//3039 2996//2996
f 2307//2307 1845//1845 3123//3123
f 1514//1514 2856//2856 1738//1738
f 821//821 521//521 162//162
f 2699//2699 1514//1514 1738//1738
f 1514//1514 1061//1061 3003//3003
f 2856//2856 1514//1514 3003//3003
f 3124//3124 2307//2307 3123//3123
f 477//477 1588//1588 468//468
f 4302//4302 4233//4233 4519//4519
f 5708//5708 5749//5749 5719//5719
f 1777//1777 4934//4934 4903//4903
f 2872//2872 2909//2909 2871//2871
f 5941//5941 2479//2479 1513//1513
f 2873//2873 2872//2872 2811//2811
f 2813//2813 2811//2811 2812//2812
f 4241//4241 3044//3044 4277//4277
f 468//468 13//13 591//591
f 5103//5103 5145//5145 4248//4248
f 3864//3864 569//569 238//238
f 2772//2772 2809//2809 2795//2795
f 5556//5556 5555//5555 5516//5516
f 5192//5192 5225//5225 5191//5191
f 344//344 67//67 2199//2199
f 2632//2632 2631//2631 2586//2586
f 2597//2597 1756//1756 472//472
f 2572//2572 2571//2571 2555//2555
f 2654//2654 2611//2611 2612//2612
f 2682//2682 2681//2681 2611//2611
f 2613//2613 2654//2654 2612//2612
f 2654//2654 2682//2682 2611//2611
f 2773//2773 2810//2810 2772//2772
f 3330//3330 4037//4037 3916//3916
f 3014//3014 3007//3007 468//468
f 1588//1588 3014//3014 468//468
f 3892//3892 3882//3882 3883//3883
f 5870//5870 3488//3488 5908//5908
f 5301//5301 4724//4724 4723//4723
f 2503//2503 4111//4111 4110//4110
f 5947//5947 1294//1294 2666//2666
f 3443//3443 2475//2475 4111//4111
f 1120//1120 2488//2488 2503//2503
f 3916//3916 4037//4037 2488//2488
f 3263//3263 2093//2093 4584//4584
f 2559//2559 2560//2560 2580//2580
f 2560//2560 1842//1842 1874//1874
f 2580//2580 2560//2560 1874//1874
f 1842//1842 1877//1877 1874//1874
f 4635//4635 3234//3234 2689//2689
f 4037//4037 4240//4240 4277//4277
f 4517//4517 5926//5926 5968//5968
f 2282//2282 2340//2340 796//796
f 2280//2280 2282//2282 796//796
f 2340//2340 1164//1164 796//796
f 2400//2400 2976//2976 1699//1699
f 2810//2810 2830//2830 2809//2809
f 2846//2846 2845//2845 2809//2809
f 2873//2873 2893//2893 2872//2872
f 4748//4748 3820//3820 3807//3807
f 2911//2911 2910//2910 2872//2872
f 2648//2648 2629//2629 2630//2630
f 2367//2367 1467//1467 3431//3431
f 2595//2595 3002//3002 3224//3224
f 2936//2936 2935//2935 2927//2927
f 1242//1242 1370//1370 2239//2239
f 515//515 1242//1242 2747//2747
f 1552//1552 1551//1551 1501//1501
f 5954//5954 4758//4758 5936//5936
f 2631//2631 2648//2648 2630//2630
f 2876//2876 2831//2831 2848//2848
f 2862//2862 242//242 1171//1171
f 3026//3026 3068//3068 3067//3067
f 3196//3196 2754//2754 3275//3275
f 4448//4448 52//52 3088//3088
f 2239//2239 4448//4448 3088//3088
f 3067//3067 3096//3096 3054//3054
f 5938//5938 5945//5945 5923//5923
f 2893//2893 2911//2911 2872//2872
f 3026//3026 3069//3069 3068//3068
f 1305//1305 3236//3236 2747//2747
f 3236//3236 515//515 2747//2747
f 1242//1242 2640//2640 2747//2747
f 2474//2474 1514//1514 2699//2699
f 2642//2642 2474//2474 2699//2699
f 3372//3372 2438//2438 2399//2399
f 2938//2938 2993//2993 2937//2937
f 3026//3026 3025//3025 2992//2992
f 2992//2992 2980//2980 2937//2937
f 5688//5688 5687//5687 5655//5655
f 2906//2906 2905//2905 2843//2843
f 2612//2612 2611//2611 2570//2570
f 4039//4039 4241//4241 4240//4240
f 4038//4038 4039//4039 4240//4240
f 2938//2938 2937//2937 2906//2906
f 467//467 2619//2619 817//817
f 2907//2907 2938//2938 2906//2906
f 4517//4517 5957//5957 5926//5926
f 2859//2859 467//467 817//817
f 5383//5383 5409//5409 5382//5382
f 3638//3638 3690//3690 3612//3612
f 2641//2641 1061//1061 1514//1514
f 2474//2474 2641//2641 1514//1514
f 5012//5012 1778//1778 3822//3822
f 2503//2503 3443//3443 4111//4111
f 2875//2875 2831//2831 2876//2876
f 5037//5037 4122//4122 5038//5038
f 3102//3102 3101//3101 3071//3071
f 2557//2557 2573//2573 2572//2572
f 2993//2993 2992//2992 2937//2937
f 3025//3025 3024//3024 2980//2980
f 2727//2727 2704//2704 2681//2681
f 2844//2844 2906//2906 2843//2843
f 230//230 545//545 827//827
f 4069//4069 4034//4034 4050//4050
f 153//153 3852//3852 3989//3989
f 5076//5076 4542//4542 3453//3453
f 2561//2561 1117//1117 2215//2215
f 138//138 368//368 2619//2619
f 467//467 138//138 2619//2619
f 1982//1982 1977//1977 592//592
f 3901//3901 3368//3368 3687//3687
f 2282//2282 2280//2280 857//857
f 2310//2310 2282//2282 2152//2152
f 3590//3590 3641//3641 4413//4413
f 2648//2648 2674//2674 2629//2629
f 1510//1510 38//38 30//30
f 3076//3076 716//716 162//162
f 1053//1053 595//595 904//904
f 637//637 556//556 598//598
f 2776//2776 2813//2813 2775//2775
f 2750//2750 2776//2776 2729//2729
f 2730//2730 2750//2750 2729//2729
f 2776//2776 2775//2775 2729//2729
f 5861//5861 5878//5878 5845//5845
f 5731//5731 5768//5768 5730//5730
f 2593//2593 2592//2592 2572//2572
f 2573//2573 2593//2593 2572//2572
f 2614//2614 2613//2613 2592//2592
f 2908//2908 2939//2939 2907//2907
f 2992//2992 3025//3025 2980//2980
f 5974//5974 5929//5929 1306//1306
f 4070//4070 4096//4096 4059//4059
f 545//545 986//986 827//827
f 2936//2936 2980//2980 2935//2935
f 796//796 2548//2548 128//128
f 818//818 796//796 128//128
f 2570//2570 2569//2569 2554//2554
f 2980//2980 3024//3024 2979//2979
f 445//445 2619//2619 368//368
f 817//817 2619//2619 445//445
f 2803//2803 2642//2642 2699//2699
f 2737//2737 817//817 445//445
f 5382//5382 5408//5408 5381//5381
f 1054//1054 1018//1018 1378//1378
f 3909//3909 3929//3929 3928//3928
f 1307//1307 2561//2561 2215//2215
f 627//627 2282//2282 857//857
f 1240//1240 92//92 84//84
f 2912//2912 2911//2911 2873//2873
f 5302//5302 4720//4720 5303//5303
f 2784//2784 719//719 1305//1305
f 3128//3128 1240//1240 84//84
f 2152//2152 627//627 857//857
f 5484//5484 5483//5483 5445//5445
f 716//716 821//821 1437//1437
f 2593//2593 2614//2614 2592//2592
f 857//857 350//350 3095//3095
f 3096//3096 857//857 3095//3095
f 4875//4875 4035//4035 3984//3984
f 3094//3094 3093//3093 3050//3050
f 3051//3051 3094//3094 3050//3050
f 5717//5717 5704//5704 5690//5690
f 3098//3098 2152//2152 3097//3097
f 5764//5764 5763//5763 5715//5715
f 5518//5518 5517//5517 5483//5483
f 3044//3044 1265//1265 360//360
f 4061//4061 3761//3761 3760//3760
f 2911//2911 2912//2912 2962//2962
f 2997//2997 2996//2996 2962//2962
f 2963//2963 2997//2997 2962//2962
f 1120//1120 2503//2503 3009//3009
f 2873//2873 2911//2911 2893//2893
f 2683//2683 2682//2682 2613//2613
f 3097//3097 857//857 3096//3096
f 3054//3054 3096//3096 3053//3053
f 133//133 757//757 1169//1169
f 2674//2674 2701//2701 2673//2673
f 2674//2674 2673//2673 2629//2629
f 5108//5108 5109//5109 5131//5131
f 1522//1522 3720//3720 3955//3955
f 3054//3054 3025//3025 3067//3067
f 2774//2774 2773//2773 2728//2728
f 2310//2310 1873//1873 1164//1164
f 4240//4240 4241//4241 4277//4277
f 796//796 818//818 2354//2354
f 1240//1240 719//719 2784//2784
f 92//92 1240//1240 2784//2784
f 2801//2801 2527//2527 3168//3168
f 3969//3969 3664//3664 3640//3640
f 1121//1121 3968//3968 979//979
f 4720//4720 3921//3921 5303//5303
f 2706//2706 2705//2705 2682//2682
f 2614//2614 2683//2683 2613//2613
f 2728//2728 2773//2773 2749//2749
f 2912//2912 2913//2913 2963//2963
f 857//857 2280//2280 350//350
f 2937//2937 2936//2936 2906//2906
f 3024//3024 3023//3023 2979//2979
f 2212//2212 2865//2865 2262//2262
f 2437//2437 2436//2436 2398//2398
f 2736//2736 2025//2025 2089//2089
f 3823//3823 3016//3016 1755//1755
f 1124//1124 2642//2642 2711//2711
f 2694//2694 1124//1124 2711//2711
f 2884//2884 2474//2474 2642//2642
f 5908//5908 1831//1831 5885//5885
f 2374//2374 72//72 644//644
f 2152//2152 857//857 3097//3097
f 2937//2937 2980//2980 2936//2936
f 53//53 1961//1961 1871//1871
f 1961//1961 1975//1975 1871//1871
f 2700//2700 2018//2018 2196//2196
f 2700//2700 2025//2025 2787//2787
f 1124//1124 2884//2884 2642//2642
f 2884//2884 2783//2783 2641//2641
f 2729//2729 2774//2774 2728//2728
f 2474//2474 2884//2884 2641//2641
f 2574//2574 2637//2637 2615//2615
f 2909//2909 2908//2908 2846//2846
f 1695//1695 2430//2430 716//716
f 1546//1546 932//932 678//678
f 448//448 495//495 447//447
f 678//678 932//932 2157//2157
f 2963//2963 2913//2913 2964//2964
f 5976//5976 5925//5925 5922//5922
f 1329//1329 1328//1328 2455//2455
f 2841//2841 211//211 794//794
f 556//556 637//637 636//636
f 3024//3024 3025//3025 3054//3054
f 2939//2939 2938//2938 2907//2907
f 2683//2683 2706//2706 2682//2682
f 2729//2729 2728//2728 2705//2705
f 758//758 2618//2618 2641//2641
f 2783//2783 758//758 2641//2641
f 2341//2341 2801//2801 2618//2618
f 758//758 2341//2341 2618//2618
f 3968//3968 3960//3960 979//979
f 2700//2700 2196//2196 2025//2025
f 102//102 4009//4009 4007//4007
f 4322//4322 4367//4367 5180//5180
f 1700//1700 3115//3115 5924//5924
f 2598//2598 3085//3085 1305//1305
f 1183//1183 468//468 591//591
f 5471//5471 5470//5470 5435//5435
f 1929//1929 78//78 2146//2146
f 2906//2906 2936//2936 2927//2927
f 3045//3045 2018//2018 1846//1846
f 3209//3209 2904//2904 2205//2205
f 3093//3093 3123//3123 3092//3092
f 2627//2627 2628//2628 2670//2670
f 2260//2260 942//942 825//825
f 989//989 2432//2432 1959//1959
f 2280//2280 2354//2354 350//350
f 2706//2706 2729//2729 2705//2705
f 3565//3565 3969//3969 3640//3640
f 72//72 22//22 644//644
f 1117//1117 267//267 547//547
f 2555//2555 2570//2570 2554//2554
f 2742//2742 2743//2743 2764//2764
f 2786//2786 53//53 475//475
f 2811//2811 2810//2810 2773//2773
f 2774//2774 2811//2811 2773//2773
f 3097//3097 3096//3096 3067//3067
f 3098//3098 3097//3097 3067//3067
f 3068//3068 3098//3098 3067//3067
f 3025//3025 3026//3026 3067//3067
f 2993//2993 3026//3026 2992//2992
f 3693//3693 3640//3640 3694//3694
f 3037//3037 1160//1160 1013//1013
f 2128//2128 3916//3916 2488//2488
f 2435//2435 2436//2436 2468//2468
f 214//214 989//989 2468//2468
f 3117//3117 214//214 2468//2468
f 2431//2431 2432//2432 989//989
f 214//214 2431//2431 989//989
f 2431//2431 1125//1125 2432//2432
f 2041//2041 111//111 2432//2432
f 1125//1125 2041//2041 2432//2432
f 1097//1097 794//794 111//111
f 2041//2041 1097//1097 111//111
f 144//144 2841//2841 794//794
f 1097//1097 144//144 794//794
f 144//144 211//211 2841//2841
f 14//14 400//400 211//211
f 144//144 14//14 211//211
f 126//126 745//745 400//400
f 14//14 126//126 400//400
f 4934//4934 5936//5936 5944//5944
f 2628//2628 2671//2671 2670//2670
f 2862//2862 85//85 1212//1212
f 758//758 2527//2527 2341//2341
f 3096//3096 3095//3095 3053//3053
f 2717//2717 2718//2718 2742//2742
f 2712//2712 2786//2786 475//475
f 2373//2373 2712//2712 475//475
f 2712//2712 53//53 2786//2786
f 742//742 1961//1961 53//53
f 2712//2712 742//742 53//53
f 742//742 2098//2098 1975//1975
f 1961//1961 742//742 1975//1975
f 5592//5592 5625//5625 5591//5591
f 2843//2843 2927//2927 4612//4612
f 4505//4505 4618//4618 4496//4496
f 2871//2871 2909//2909 2846//2846
f 2811//2811 2830//2830 2810//2810
f 2871//2871 2846//2846 2830//2830
f 317//317 478//478 40//40
f 2686//2686 2687//2687 4841//4841
f 2996//2996 3028//3028 2995//2995
f 2911//2911 2962//2962 2909//2909
f 2702//2702 2723//2723 2675//2675
f 2436//2436 3117//3117 2468//2468
f 1589//1589 2041//2041 1125//1125
f 2431//2431 1589//1589 1125//1125
f 2371//2371 14//14 144//144
f 2671//2671 2718//2718 2717//2717
f 2006//2006 2005//2005 1941//1941
f 1972//1972 1971//1971 2625//2625
f 2581//2581 1371//1371 591//591
f 1926//1926 2264//2264 678//678
f 1845//1845 2307//2307 1243//1243
f 3640//3640 3615//3615 3565//3565
f 3028//3028 3027//3027 2995//2995
f 2996//2996 2995//2995 2940//2940
f 2811//2811 2871//2871 2830//2830
f 2940//2940 2939//2939 2908//2908
f 3028//3028 3071//3071 3027//3027
f 1589//1589 1097//1097 2041//2041
f 2670//2670 2671//2671 2717//2717
f 2718//2718 2743//2743 2742//2742
f 5517//5517 5556//5556 5516//5516
f 266//266 742//742 2712//2712
f 742//742 2372//2372 2098//2098
f 2372//2372 925//925 2098//2098
f 2690//2690 2828//2828 2790//2790
f 3700//3700 4365//4365 4343//4343
f 2361//2361 3700//3700 4343//4343
f 2373//2373 770//770 3144//3144
f 2009//2009 2031//2031 2075//2075
f 2009//2009 1972//1972 1973//1973
f 3372//3372 2427//2427 2438//2438
f 2909//2909 2940//2940 2908//2908
f 2906//2906 2927//2927 2905//2905
f 2940//2940 2938//2938 2939//2939
f 2962//2962 2940//2940 2909//2909
f 3700//3700 3769//3769 4365//4365
f 5537//5537 5556//5556 5518//5518
f 1435//1435 932//932 3077//3077
f 2437//2437 3117//3117 2436//2436
f 93//93 214//214 3117//3117
f 3118//3118 93//93 3117//3117
f 442//442 2431//2431 214//214
f 93//93 442//442 214//214
f 513//513 1589//1589 2431//2431
f 442//442 513//513 2431//2431
f 54//54 1097//1097 1589//1589
f 513//513 54//54 1589//1589
f 175//175 2371//2371 144//144
f 354//354 14//14 2371//2371
f 91//91 126//126 14//14
f 2510//2510 55//55 715//715
f 2867//2867 2921//2921 2920//2920
f 2866//2866 2867//2867 2920//2920
f 2274//2274 444//444 816//816
f 715//715 2274//2274 816//816
f 1167//1167 145//145 176//176
f 55//55 176//176 444//444
f 1306//1306 2581//2581 2601//2601
f 5960//5960 5951//5951 5929//5929
f 2411//2411 2884//2884 1124//1124
f 1163//1163 2411//2411 1124//1124
f 1911//1911 1785//1785 1755//1755
f 3265//3265 149//149 1094//1094
f 2921//2921 2922//2922 2954//2954
f 742//742 266//266 2372//2372
f 1103//1103 4535//4535 3156//3156
f 428//428 1695//1695 716//716
f 2922//2922 2955//2955 2954//2954
f 2411//2411 2155//2155 2783//2783
f 2884//2884 2411//2411 2783//2783
f 1827//1827 1755//1755 3016//3016
f 2668//2668 2669//2669 2031//2031
f 2669//2669 2716//2716 2075//2075
f 2031//2031 2669//2669 2075//2075
f 2075//2075 2716//2716 2121//2121
f 2763//2763 2822//2822 2183//2183
f 2121//2121 2763//2763 2183//2183
f 2822//2822 2865//2865 2212//2212
f 2183//2183 2822//2822 2212//2212
f 2911//2911 2909//2909 2910//2910
f 2638//2638 2637//2637 2574//2574
f 547//547 758//758 2783//2783
f 2155//2155 547//547 2783//2783
f 3118//3118 3117//3117 2437//2437
f 175//175 144//144 1097//1097
f 54//54 175//175 1097//1097
f 354//354 2371//2371 175//175
f 562//562 14//14 354//354
f 562//562 91//91 14//14
f 137//137 3112//3112 570//570
f 2274//2274 55//55 444//444
f 55//55 2274//2274 715//715
f 15//15 715//715 2839//2839
f 103//103 2374//2374 644//644
f 547//547 267//267 758//758
f 4265//4265 2691//2691 2357//2357
f 2576//2576 2574//2574 2575//2575
f 2885//2885 2933//2933 2373//2373
f 2663//2663 2712//2712 2373//2373
f 2933//2933 2663//2663 2373//2373
f 2837//2837 266//266 2712//2712
f 2663//2663 2837//2837 2712//2712
f 2837//2837 1472//1472 2372//2372
f 266//266 2837//2837 2372//2372
f 2430//2430 821//821 716//716
f 2404//2404 1861//1861 770//770
f 2716//2716 2741//2741 2763//2763
f 2616//2616 2638//2638 2574//2574
f 2632//2632 2648//2648 2631//2631
f 2686//2686 2685//2685 2637//2637
f 1873//1873 1924//1924 2208//2208
f 2208//2208 4476//4476 1873//1873
f 789//789 54//54 513//513
f 55//55 1167//1167 176//176
f 2672//2672 2719//2719 2671//2671
f 2744//2744 2743//2743 2718//2718
f 5297//5297 5296//5296 4514//4514
f 5236//5236 4355//4355 5224//5224
f 2576//2576 2616//2616 2574//2574
f 750//750 58//58 215//215
f 1973//1973 2669//2669 2668//2668
f 58//58 1985//1985 1118//1118
f 9//9 91//91 212//212
f 2765//2765 2824//2824 2823//2823
f 2764//2764 2765//2765 2823//2823
f 2719//2719 2744//2744 2718//2718
f 2766//2766 2765//2765 2743//2743
f 2980//2980 2979//2979 2935//2935
f 2606//2606 2632//2632 2586//2586
f 2638//2638 2655//2655 2637//2637
f 678//678 2820//2820 1472//1472
f 1704//1704 1827//1827 3016//3016
f 2934//2934 763//763 2960//2960
f 5289//5289 3510//3510 4417//4417
f 2627//2627 2670//2670 2669//2669
f 1973//1973 2627//2627 2669//2669
f 2670//2670 2717//2717 2716//2716
f 2669//2669 2670//2670 2716//2716
f 2717//2717 2742//2742 2741//2741
f 2716//2716 2717//2717 2741//2741
f 2742//2742 2764//2764 2763//2763
f 2741//2741 2742//2742 2763//2763
f 2764//2764 2823//2823 2822//2822
f 2763//2763 2764//2764 2822//2822
f 2823//2823 2866//2866 2865//2865
f 2822//2822 2823//2823 2865//2865
f 2866//2866 2920//2920 2262//2262
f 2865//2865 2866//2866 2262//2262
f 2953//2953 2304//2304 2262//2262
f 2920//2920 2953//2953 2262//2262
f 3024//3024 3054//3054 3053//3053
f 3119//3119 3118//3118 2437//2437
f 2438//2438 3119//3119 2437//2437
f 3119//3119 1696//1696 93//93
f 3118//3118 3119//3119 93//93
f 1696//1696 321//321 442//442
f 93//93 1696//1696 442//442
f 2839//2839 513//513 442//442
f 321//321 2839//2839 442//442
f 816//816 789//789 513//513
f 2839//2839 816//816 513//513
f 444//444 54//54 789//789
f 816//816 444//444 789//789
f 176//176 175//175 54//54
f 444//444 176//176 54//54
f 145//145 354//354 175//175
f 176//176 145//145 175//175
f 145//145 562//562 354//354
f 212//212 91//91 562//562
f 145//145 212//212 562//562
f 2047//2047 2662//2662 2579//2579
f 130//130 5908//5908 3488//3488
f 2744//2744 2766//2766 2743//2743
f 591//591 13//13 570//570
f 1695//1695 2343//2343 821//821
f 2655//2655 2686//2686 2637//2637
f 2862//2862 2933//2933 2885//2885
f 2862//2862 1212//1212 2933//2933
f 85//85 2663//2663 2933//2933
f 1212//1212 85//85 2933//2933
f 1546//1546 2837//2837 2663//2663
f 85//85 1546//1546 2663//2663
f 1546//1546 678//678 1472//1472
f 2837//2837 1546//1546 1472//1472
f 521//521 36//36 1053//1053
f 3010//3010 225//225 1053//1053
f 3130//3130 2051//2051 1637//1637
f 50//50 1101//1101 2470//2470
f 2824//2824 2867//2867 2866//2866
f 2823//2823 2824//2824 2866//2866
f 127//127 212//212 145//145
f 2868//2868 2867//2867 2824//2824
f 3043//3043 1400//1400 2240//2240
f 4011//4011 3992//3992 3974//3974
f 3173//3173 114//114 405//405
f 1959//1959 2467//2467 2468//2468
f 104//104 36//36 521//521
f 821//821 104//104 521//521
f 833//833 832//832 800//800
f 3510//3510 949//949 4417//4417
f 1128//1128 1518//1518 915//915
f 3203//3203 1330//1330 607//607
f 3203//3203 767//767 1330//1330
f 902//902 924//924 1146//1146
f 924//924 1269//1269 1146//1146
f 812//812 223//223 1237//1237
f 991//991 812//812 1237//1237
f 1521//1521 743//743 618//618
f 618//618 743//743 1179//1179
f 3198//3198 1374//1374 1174//1174
f 1215//1215 3198//3198 1174//1174
f 3170//3170 604//604 566//566
f 3141//3141 3146//3146 3143//3143
f 2440//2440 4231//4231 3952//3952
f 1179//1179 3174//3174 653//653
f 3088//3088 52//52 571//571
f 133//133 1169//1169 247//247
f 116//116 605//605 3//3
f 2440//2440 247//247 4231//4231
f 406//406 241//241 389//389
f 1048//1048 52//52 3952//3952
f 3140//3140 3141//3141 3139//3139
f 3151//3151 3150//3150 3145//3145
f 995//995 4990//4990 4880//4880
f 3146//3146 3145//3145 3143//3143
f 3174//3174 1249//1249 26//26
f 3193//3193 3194//3194 3208//3208
f 200//200 3139//3139 2600//2600
f 389//389 241//241 109//109
f 3139//3139 3141//3141 2600//2600
f 2302//2302 2261//2261 2304//2304
f 3141//3141 3143//3143 2600//2600
f 5012//5012 1783//1783 5949//5949
f 3369//3369 2302//2302 2304//2304
f 66//66 1298//1298 567//567
f 1016//1016 2301//2301 2302//2302
f 387//387 168//168 432//432
f 3319//3319 3339//3339 3354//3354
f 3615//3615 3587//3587 3565//3565
f 769//769 341//341 340//340
f 3232//3232 3217//3217 3244//3244
f 3020//3020 3050//3050 3038//3038
f 1126//1126 921//921 2323//2323
f 1931//1931 1898//1898 1764//1764
f 74//74 125//125 73//73
f 1990//1990 1992//1992 3188//3188
f 4758//4758 5961//5961 5936//5936
f 1193//1193 604//604 116//116
f 3289//3289 3320//3320 2953//2953
f 3320//3320 3321//3321 2304//2304
f 2953//2953 3320//3320 2304//2304
f 3370//3370 3369//3369 2304//2304
f 3321//3321 3370//3370 2304//2304
f 3402//3402 2302//2302 3369//3369
f 3370//3370 3402//3402 3369//3369
f 2929//2929 1614//1614 99//99
f 25//25 759//759 902//902
f 3188//3188 3216//3216 1990//1990
f 3014//3014 3419//3419 3007//3007
f 3419//3419 63//63 3007//3007
f 2955//2955 3261//3261 2954//2954
f 3261//3261 3289//3289 2954//2954
f 3289//3289 3321//3321 3320//3320
f 3422//3422 2302//2302 3402//3402
f 3370//3370 3422//3422 3402//3402
f 3422//3422 3436//3436 2302//2302
f 726//726 1308//1308 1147//1147
f 113//113 3175//3175 1450//1450
f 1467//1467 719//719 1240//1240
f 5972//5972 5926//5926 5944//5944
f 95//95 155//155 262//262
f 3262//3262 3290//3290 3289//3289
f 3261//3261 3262//3262 3289//3289
f 3289//3289 3290//3290 3321//3321
f 3370//3370 3387//3387 3422//3422
f 1592//1592 1674//1674 2881//2881
f 3436//3436 895//895 1016//1016
f 134//134 544//544 860//860
f 1512//1512 1460//1460 1493//1493
f 1020//1020 3190//3190 395//395
f 395//395 3190//3190 316//316
f 250//250 251//251 420//420
f 419//419 250//250 420//420
f 3234//3234 3262//3262 3261//3261
f 3422//3422 336//336 3436//3436
f 3944//3944 3934//3934 3945//3945
f 3436//3436 336//336 895//895
f 2306//2306 707//707 348//348
f 250//250 410//410 251//251
f 2599//2599 5965//5965 2958//2958
f 3321//3321 3341//3341 3370//3370
f 3370//3370 3341//3341 3387//3387
f 3422//3422 3437//3437 336//336
f 1697//1697 2880//2880 987//987
f 446//446 454//454 1333//1333
f 410//410 446//446 1333//1333
f 3261//3261 2955//2955 3234//3234
f 3262//3262 3308//3308 3290//3290
f 3341//3341 3321//3321 3290//3290
f 3308//3308 3341//3341 3290//3290
f 3387//3387 3388//3388 3422//3422
f 3422//3422 3388//3388 3437//3437
f 234//234 703//703 1347//1347
f 117//117 647//647 1020//1020
f 454//454 852//852 1128//1128
f 1518//1518 1128//1128 852//852
f 3148//3148 494//494 3134//3134
f 3277//3277 522//522 1090//1090
f 2880//2880 3055//3055 987//987
f 3274//3274 3308//3308 3262//3262
f 3341//3341 3388//3388 3387//3387
f 3388//3388 336//336 3437//3437
f 322//322 4311//4311 956//956
f 493//493 295//295 1032//1032
f 5698//5698 5934//5934 2355//2355
f 935//935 820//820 819//819
f 3523//3523 3975//3975 3539//3539
f 2442//2442 4256//4256 4255//4255
f 3308//3308 3355//3355 3341//3341
f 3341//3341 3355//3355 3388//3388
f 3388//3388 3438//3438 336//336
f 336//336 3438//3438 1034//1034
f 1034//1034 1015//1015 894//894
f 1046//1046 3212//3212 237//237
f 1519//1519 607//607 915//915
f 1519//1519 3203//3203 607//607
f 1519//1519 767//767 3203//3203
f 767//767 3164//3164 916//916
f 4060//4060 3760//3760 787//787
f 3960//3960 1697//1697 3958//3958
f 1018//1018 102//102 1378//1378
f 3274//3274 3322//3322 3308//3308
f 3322//3322 3355//3355 3308//3308
f 3403//3403 3438//3438 3388//3388
f 3403//3403 1034//1034 3438//3438
f 1952//1952 1975//1975 1377//1377
f 3157//3157 3193//3193 3192//3192
f 65//65 242//242 46//46
f 335//335 836//836 534//534
f 1146//1146 1269//1269 340//340
f 3164//3164 743//743 1521//1521
f 916//916 3164//3164 1521//1521
f 2207//2207 681//681 1166//1166
f 4804//4804 3334//3334 4524//4524
f 1697//1697 987//987 3958//3958
f 3291//3291 3322//3322 3274//3274
f 3403//3403 3388//3388 3355//3355
f 2352//2352 1034//1034 3403//3403
f 1945//1945 1872//1872 118//118
f 3294//3294 98//98 124//124
f 609//609 387//387 1377//1377
f 1032//1032 836//836 335//335
f 3250//3250 3171//3171 3174//3174
f 1179//1179 3250//3250 3174//3174
f 3174//3174 3171//3171 1249//1249
f 357//357 4804//4804 4524//4524
f 3595//3595 2834//2834 1765//1765
f 3322//3322 3371//3371 3355//3355
f 3355//3355 3371//3371 3403//3403
f 1671//1671 237//237 124//124
f 98//98 3294//3294 1035//1035
f 3165//3165 338//338 533//533
f 770//770 1861//1861 3373//3373
f 3156//3156 1992//1992 1103//1103
f 3294//3294 3293//3293 430//430
f 3198//3198 25//25 1374//1374
f 25//25 1082//1082 1374//1374
f 979//979 3960//3960 2710//2710
f 3960//3960 3958//3958 2710//2710
f 3342//3342 2427//2427 3322//3322
f 2427//2427 3372//3372 3371//3371
f 3322//3322 2427//2427 3371//3371
f 3372//3372 2399//2399 3403//3403
f 3371//3371 3372//3372 3403//3403
f 5036//5036 5034//5034 5035//5035
f 1270//1270 246//246 1436//1436
f 1098//1098 2269//2269 2143//2143
f 3288//3288 159//159 3319//3319
f 213//213 1047//1047 1046//1046
f 2217//2217 896//896 784//784
f 1992//1992 2049//2049 1103//1103
f 3273//3273 3318//3318 3306//3306
f 3637//3637 3610//3610 3611//3611
f 922//922 3852//3852 153//153
f 3135//3135 3433//3433 1217//1217
f 3309//3309 3048//3048 3322//3322
f 3048//3048 2427//2427 3342//3342
f 3322//3322 3048//3048 3342//3342
f 410//410 533//533 282//282
f 2527//2527 267//267 1162//1162
f 3014//3014 2800//2800 3419//3419
f 4218//4218 5103//5103 4248//4248
f 24//24 1094//1094 2360//2360
f 5146//5146 5145//5145 5103//5103
f 979//979 2710//2710 1370//1370
f 338//338 1298//1298 729//729
f 1191//1191 2441//2441 24//24
f 5201//5201 5233//5233 5200//5200
f 429//429 2300//2300 1913//1913
f 1094//1094 1191//1191 24//24
f 4034//4034 4068//4068 4049//4049
f 3178//3178 3207//3207 3168//3168
f 3207//3207 3206//3206 3168//3168
f 2269//2269 654//654 2143//2143
f 4257//4257 4238//4238 4258//4258
f 331//331 7//7 246//246
f 489//489 3271//3271 3243//3243
f 812//812 991//991 1033//1033
f 250//250 1332//1332 410//410
f 3259//3259 3260//3260 83//83
f 410//410 1332//1332 446//446
f 3339//3339 3340//3340 3354//3354
f 29//29 489//489 47//47
f 566//566 604//604 1193//1193
f 3288//3288 3319//3319 3318//3318
f 2546//2546 5926//5926 5972//5972
f 3139//3139 200//200 3136//3136
f 852//852 454//454 3307//3307
f 405//405 709//709 900//900
f 51//51 762//762 79//79
f 3208//3208 3169//3169 855//855
f 3591//3591 3647//3647 4013//4013
f 3189//3189 2904//2904 4424//4424
f 190//190 535//535 191//191
f 3273//3273 3288//3288 3318//3318
f 3927//3927 3926//3926 3908//3908
f 3318//3318 3319//3319 3338//3338
f 246//246 209//209 208//208
f 1436//1436 246//246 208//208
f 1846//1846 5939//5939 5099//5099
f 317//317 285//285 316//316
f 915//915 3351//3351 1519//1519
f 1222//1222 767//767 1519//1519
f 1222//1222 3164//3164 767//767
f 759//759 924//924 902//902
f 1246//1246 3185//3185 3177//3177
f 3285//3285 649//649 1296//1296
f 7//7 64//64 209//209
f 609//609 1193//1193 691//691
f 246//246 7//7 209//209
f 395//395 316//316 3204//3204
f 572//572 340//340 117//117
f 1217//1217 3171//3171 1179//1179
f 743//743 1217//1217 1179//1179
f 1179//1179 3171//3171 3250//3250
f 223//223 711//711 3170//3170
f 117//117 1020//1020 727//727
f 3231//3231 3244//3244 3288//3288
f 2618//2618 2801//2801 2641//2641
f 1052//1052 57//57 632//632
f 1102//1102 710//710 1507//1507
f 3193//3193 3208//3208 3192//3192
f 3170//3170 711//711 604//604
f 3856//3856 3863//3863 3855//3855
f 3245//3245 988//988 3738//3738
f 1146//1146 340//340 572//572
f 3217//3217 83//83 3244//3244
f 2600//2600 3145//3145 267//267
f 318//318 1129//1129 2125//2125
f 1854//1854 643//643 559//559
f 3343//3343 453//453 3186//3186
f 5954//5954 5936//5936 4934//4934
f 720//720 3167//3167 5965//5965
f 3319//3319 3354//3354 3338//3338
f 1166//1166 270//270 1756//1756
f 81//81 408//408 762//762
f 1082//1082 25//25 646//646
f 25//25 902//902 646//646
f 763//763 1166//1166 1756//1756
f 692//692 27//27 28//28
f 3//3 565//565 406//406
f 3142//3142 3154//3154 913//913
f 453//453 318//318 3186//3186
f 1296//1296 3343//3343 3186//3186
f 649//649 3285//3285 1572//1572
f 68//68 80//80 372//372
f 208//208 68//68 372//372
f 1872//1872 1882//1882 205//205
f 1507//1507 710//710 649//649
f 3256//3256 1507//1507 649//649
f 1102//1102 453//453 710//710
f 3144//3144 770//770 2624//2624
f 1174//1174 188//188 239//239
f 203//203 1174//1174 239//239
f 419//419 420//420 63//63
f 5922//5922 5925//5925 3047//3047
f 406//406 565//565 241//241
f 2541//2541 1923//1923 2125//2125
f 1129//1129 3237//3237 2125//2125
f 3256//3256 649//649 1572//1572
f 65//65 1129//1129 318//318
f 3151//3151 2527//2527 3150//3150
f 1166//1166 2477//2477 2269//2269
f 250//250 187//187 1332//1332
f 3798//3798 881//881 835//835
f 5949//5949 4517//4517 5968//5968
f 852//852 684//684 3389//3389
f 3172//3172 1222//1222 1519//1519
f 1923//1923 1915//1915 2125//2125
f 3237//3237 2541//2541 2125//2125
f 3142//3142 3138//3138 331//331
f 318//318 3185//3185 1245//1245
f 64//64 185//185 68//68
f 453//453 65//65 318//318
f 3111//3111 3257//3257 3105//3105
f 2738//2738 893//893 841//841
f 3961//3961 3934//3934 3944//3944
f 3971//3971 3970//3970 3926//3926
f 3233//3233 3260//3260 3259//3259
f 3163//3163 3164//3164 1222//1222
f 3163//3163 3135//3135 3164//3164
f 3135//3135 1217//1217 743//743
f 3164//3164 3135//3135 743//743
f 991//991 1237//1237 3160//3160
f 318//318 2125//2125 3185//3185
f 3148//3148 957//957 494//494
f 1521//1521 618//618 1220//1220
f 3256//3256 1572//1572 185//185
f 270//270 1166//1166 2269//2269
f 1265//1265 339//339 1249//1249
f 3171//3171 1265//1265 1249//1249
f 2943//2943 2538//2538 3147//3147
f 874//874 1372//1372 409//409
f 3157//3157 3151//3151 3152//3152
f 691//691 116//116 606//606
f 1587//1587 1308//1308 726//726
f 983//983 1118//1118 1846//1846
f 1520//1520 913//913 841//841
f 451//451 184//184 201//201
f 68//68 29//29 80//80
f 201//201 184//184 957//957
f 1915//1915 1923//1923 2541//2541
f 1//1 3256//3256 185//185
f 896//896 850//850 784//784
f 3150//3150 2527//2527 1162//1162
f 1129//1129 189//189 3237//3237
f 3145//3145 3150//3150 1162//1162
f 5902//5902 5888//5888 5889//5889
f 3243//3243 3271//3271 617//617
f 4555//4555 1412//1412 1462//1462
f 3862//3862 1109//1109 1081//1081
f 159//159 3340//3340 3339//3339
f 2477//2477 2429//2429 654//654
f 3204//3204 316//316 285//285
f 3228//3228 295//295 493//493
f 3273//3273 3272//3272 3258//3258
f 2269//2269 2477//2477 654//654
f 572//572 117//117 243//243
f 253//253 299//299 298//298
f 3446//3446 893//893 242//242
f 925//925 726//726 2098//2098
f 1305//1305 2747//2747 1571//1571
f 515//515 2103//2103 1242//1242
f 1325//1325 1365//1365 1364//1364
f 2590//2590 2738//2738 866//866
f 1122//1122 190//190 191//191
f 3154//3154 2738//2738 913//913
f 553//553 3366//3366 2800//2800
f 987//987 3055//3055 2440//2440
f 727//727 1020//1020 395//395
f 3420//3420 3419//3419 2800//2800
f 3366//3366 3420//3420 2800//2800
f 675//675 672//672 671//671
f 841//841 893//893 3446//3446
f 362//362 402//402 401//401
f 1495//1495 1490//1490 1494//1494
f 819//819 134//134 935//935
f 757//757 3362//3362 2552//2552
f 1296//1296 3186//3186 184//184
f 68//68 185//185 29//29
f 1018//1018 3398//3398 3915//3915
f 2855//2855 4310//4310 2552//2552
f 1572//1572 3285//3285 3249//3249
f 1538//1538 859//859 1553//1553
f 189//189 2541//2541 3237//3237
f 3649//3649 3648//3648 3568//3568
f 3158//3158 568//568 1215//1215
f 964//964 63//63 3419//3419
f 3420//3420 964//964 3419//3419
f 69//69 1149//1149 430//430
f 3244//3244 159//159 3288//3288
f 913//913 2738//2738 841//841
f 759//759 798//798 3183//3183
f 798//798 759//759 568//568
f 3134//3134 536//536 1538//1538
f 2//2 3142//3142 331//331
f 3312//3312 3285//3285 451//451
f 1572//1572 3249//3249 489//489
f 3140//3140 3136//3136 3141//3141
f 3177//3177 3185//3185 32//32
f 1459//1459 729//729 1412//1412
f 2527//2527 3178//3178 3168//3168
f 4279//4279 4292//4292 99//99
f 3604//3604 3878//3878 1567//1567
f 1686//1686 3293//3293 3294//3294
f 237//237 1686//1686 3294//3294
f 3212//3212 1686//1686 237//237
f 902//902 1146//1146 689//689
f 1310//1310 419//419 63//63
f 964//964 1310//1310 63//63
f 646//646 902//902 689//689
f 39//39 590//590 191//191
f 825//825 941//941 824//824
f 184//184 3186//3186 1246//1246
f 185//185 1572//1572 29//29
f 1035//1035 320//320 98//98
f 3285//3285 3312//3312 3271//3271
f 1572//1572 489//489 29//29
f 929//929 564//564 1115//1115
f 3211//3211 1193//1193 609//609
f 3285//3285 1296//1296 451//451
f 831//831 4991//4991 1690//1690
f 64//64 68//68 208//208
f 927//927 945//945 1629//1629
f 3978//3978 4292//4292 4279//4279
f 924//924 1220//1220 769//769
f 1149//1149 1033//1033 430//430
f 1149//1149 812//812 1033//1033
f 759//759 1220//1220 924//924
f 4292//4292 82//82 99//99
f 3977//3977 3978//3978 4279//4279
f 1507//1507 1520//1520 1102//1102
f 1553//1553 1148//1148 1538//1538
f 1587//1587 1237//1237 1308//1308
f 1308//1308 3211//3211 609//609
f 23//23 920//920 1614//1614
f 2429//2429 3993//3993 3978//3978
f 1035//1035 57//57 1926//1926
f 3134//3134 1538//1538 1148//1148
f 3285//3285 3271//3271 489//489
f 3249//3249 3285//3285 489//489
f 320//320 1035//1035 1926//1926
f 57//57 1052//1052 1926//1926
f 654//654 2429//2429 3978//3978
f 1174//1174 1374//1374 69//69
f 1698//1698 684//684 446//446
f 1174//1174 69//69 188//188
f 223//223 689//689 711//711
f 605//605 565//565 3//3
f 2781//2781 4305//4305 3075//3075
f 1854//1854 559//559 202//202
f 1213//1213 100//100 703//703
f 1520//1520 841//841 1102//1102
f 3177//3177 32//32 536//536
f 3147//3147 3146//3146 3141//3141
f 606//606 3//3 431//431
f 1463//1463 451//451 3352//3352
f 451//451 3352//3352 201//201
f 3140//3140 3139//3139 3136//3136
f 451//451 1296//1296 184//184
f 567//567 1330//1330 3158//3158
f 3993//3993 195//195 82//82
f 1507//1507 3256//3256 1//1
f 841//841 65//65 453//453
f 1102//1102 841//841 453//453
f 3978//3978 3993//3993 82//82
f 1171//1171 242//242 893//893
f 3153//3153 1222//1222 3172//3172
f 4159//4159 3153//3153 3172//3172
f 604//604 243//243 116//116
f 3852//3852 3597//3597 339//339
f 3153//3153 3163//3163 1222//1222
f 3153//3153 3135//3135 3163//3163
f 195//195 1847//1847 2929//2929
f 82//82 195//195 2929//2929
f 405//405 28//28 709//709
f 856//856 1060//1060 1962//1962
f 3142//3142 1520//1520 1507//1507
f 3138//3138 1507//1507 1//1
f 3186//3186 318//318 1246//1246
f 3183//3183 1521//1521 1220//1220
f 1992//1992 1840//1840 1948//1948
f 758//758 267//267 2527//2527
f 100//100 662//662 39//39
f 3271//3271 3312//3312 1463//1463
f 3431//3431 3128//3128 601//601
f 927//927 3218//3218 945//945
f 3160//3160 1237//1237 1587//1587
f 3207//3207 3231//3231 3206//3206
f 1847//1847 2950//2950 23//23
f 2929//2929 1847//1847 23//23
f 66//66 1215//1215 203//203
f 729//729 1298//1298 66//66
f 3338//3338 3354//3354 3368//3368
f 116//116 243//243 605//605
f 82//82 2929//2929 99//99
f 1217//1217 360//360 3171//3171
f 5853//5853 3488//3488 5871//5871
f 721//721 788//788 1513//1513
f 5924//5924 817//817 5953//5953
f 52//52 1048//1048 571//571
f 318//318 1245//1245 1246//1246
f 522//522 257//257 181//181
f 329//329 672//672 134//134
f 2260//2260 2301//2301 1016//1016
f 5945//5945 1690//1690 4990//4990
f 5934//5934 2697//2697 2355//2355
f 2506//2506 150//150 325//325
f 3142//3142 1507//1507 3138//3138
f 3975//3975 3974//3974 3539//3539
f 3192//3192 3233//3233 3217//3217
f 4293//4293 153//153 23//23
f 2950//2950 4293//4293 23//23
f 4758//4758 5947//5947 5930//5930
f 112//112 3228//3228 493//493
f 606//606 431//431 168//168
f 2904//2904 2819//2819 2205//2205
f 5358//5358 5369//5369 5378//5378
f 7//7 1//1 64//64
f 201//201 957//957 3148//3148
f 1452//1452 86//86 126//126
f 50//50 864//864 745//745
f 914//914 50//50 745//745
f 3134//3134 3177//3177 536//536
f 536//536 859//859 1538//1538
f 1330//1330 798//798 3158//3158
f 3231//3231 3273//3273 3258//3258
f 2695//2695 3105//3105 553//553
f 3304//3304 766//766 3148//3148
f 65//65 189//189 1129//1129
f 914//914 745//745 86//86
f 5951//5951 5922//5922 5964//5964
f 694//694 3218//3218 927//927
f 3378//3378 3426//3426 3377//3377
f 3157//3157 3180//3180 3151//3151
f 727//727 395//395 565//565
f 841//841 3446//3446 65//65
f 5508//5508 5507//5507 5474//5474
f 617//617 1463//1463 480//480
f 284//284 365//365 3243//3243
f 1246//1246 1245//1245 3185//3185
f 957//957 1246//1246 3177//3177
f 2103//2103 1056//1056 1242//1242
f 561//561 201//201 3137//3137
f 1452//1452 914//914 86//86
f 3970//3970 4023//4023 4010//4010
f 2662//2662 2902//2902 2739//2739
f 957//957 3177//3177 494//494
f 536//536 32//32 859//859
f 1270//1270 1436//1436 1559//1559
f 3211//3211 566//566 1193//1193
f 3148//3148 766//766 3184//3184
f 3336//3336 883//883 836//836
f 243//243 117//117 605//605
f 116//116 3//3 606//606
f 565//565 395//395 3204//3204
f 131//131 964//964 3420//3420
f 766//766 3134//3134 1148//1148
f 5951//5951 4192//4192 5922//5922
f 1452//1452 1451//1451 914//914
f 297//297 47//47 296//296
f 265//265 3336//3336 836//836
f 605//605 117//117 727//727
f 3187//3187 238//238 1686//1686
f 689//689 1146//1146 572//572
f 2359//2359 2155//2155 2411//2411
f 964//964 418//418 419//419
f 1310//1310 964//964 419//419
f 419//419 125//125 250//250
f 250//250 125//125 187//187
f 3293//3293 188//188 430//430
f 3421//3421 3435//3435 141//141
f 3661//3661 1541//1541 3292//3292
f 904//904 3323//3323 21//21
f 21//21 3323//3323 173//173
f 4647//4647 3142//3142 2//2
f 237//237 3294//3294 124//124
f 9//9 3404//3404 1452//1452
f 3404//3404 1451//1451 1452//1452
f 1451//1451 169//169 914//914
f 169//169 361//361 50//50
f 914//914 169//169 50//50
f 361//361 8//8 50//50
f 8//8 1101//1101 50//50
f 494//494 3177//3177 3134//3134
f 924//924 769//769 1269//1269
f 1459//1459 338//338 729//729
f 187//187 1698//1698 1332//1332
f 1686//1686 238//238 3293//3293
f 1332//1332 1698//1698 446//446
f 1374//1374 1082//1082 69//69
f 646//646 689//689 223//223
f 1220//1220 618//618 769//769
f 3225//3225 2367//2367 1238//1238
f 2929//2929 23//23 1614//1614
f 904//904 2038//2038 3323//3323
f 173//173 3404//3404 9//9
f 3405//3405 839//839 1451//1451
f 3404//3404 3405//3405 1451//1451
f 1451//1451 839//839 169//169
f 143//143 1101//1101 8//8
f 57//57 3160//3160 632//632
f 662//662 590//590 39//39
f 3446//3446 242//242 65//65
f 188//188 69//69 430//430
f 812//812 646//646 223//223
f 1082//1082 1149//1149 69//69
f 3105//3105 2695//2695 2799//2799
f 3338//3338 3368//3368 3367//3367
f 766//766 540//540 541//541
f 3324//3324 3374//3374 173//173
f 3323//3323 3324//3324 173//173
f 3374//3374 3375//3375 173//173
f 3375//3375 3405//3405 3404//3404
f 173//173 3375//3375 3404//3404
f 169//169 8//8 361//361
f 184//184 1246//1246 957//957
f 1846//1846 5099//5099 983//983
f 341//341 1629//1629 3155//3155
f 1193//1193 566//566 691//691
f 3483//3483 3462//3462 3465//3465
f 3179//3179 3178//3178 2527//2527
f 5036//5036 5071//5071 5034//5034
f 334//334 282//282 137//137
f 2038//2038 3324//3324 3323//3323
f 3344//3344 3375//3375 3374//3374
f 3324//3324 3344//3344 3374//3374
f 169//169 1470//1470 8//8
f 2862//2862 2885//2885 1537//1537
f 1296//1296 710//710 3343//3343
f 1//1 185//185 64//64
f 649//649 710//710 1296//1296
f 647//647 341//341 3155//3155
f 1629//1629 643//643 202//202
f 341//341 927//927 1629//1629
f 3217//3217 3232//3232 3207//3207
f 3217//3217 3207//3207 3178//3178
f 3232//3232 3244//3244 3207//3207
f 3179//3179 3217//3217 3178//3178
f 694//694 927//927 341//341
f 769//769 694//694 341//341
f 711//711 243//243 604//604
f 238//238 239//239 188//188
f 59//59 389//389 109//109
f 3244//3244 3231//3231 3207//3207
f 1117//1117 2600//2600 267//267
f 618//618 694//694 769//769
f 3148//3148 3134//3134 766//766
f 3295//3295 3296//3296 3324//3324
f 2038//2038 3295//3295 3324//3324
f 3296//3296 3344//3344 3324//3324
f 502//502 224//224 169//169
f 839//839 502//502 169//169
f 169//169 224//224 1470//1470
f 70//70 8//8 1470//1470
f 224//224 70//70 1470//1470
f 70//70 143//143 8//8
f 70//70 1636//1636 143//143
f 1012//1012 3317//3317 3011//3011
f 5918//5918 5975//5975 5934//5934
f 3247//3247 1370//1370 1242//1242
f 209//209 64//64 208//208
f 590//590 1122//1122 191//191
f 4013//4013 4012//4012 3975//3975
f 159//159 3339//3339 3319//3319
f 1458//1458 1377//1377 387//387
f 570//570 13//13 1544//1544
f 47//47 365//365 6//6
f 194//194 622//622 657//657
f 569//569 239//239 238//238
f 4831//4831 1545//1545 2535//2535
f 2323//2323 3296//3296 3295//3295
f 3440//3440 3424//3424 839//839
f 3405//3405 3440//3440 839//839
f 3424//3424 502//502 839//839
f 160//160 1636//1636 70//70
f 142//142 160//160 70//70
f 296//296 1573//1573 297//297
f 3137//3137 3148//3148 3184//3184
f 2954//2954 3289//3289 2953//2953
f 3//3 406//406 389//389
f 2323//2323 3266//3266 3296//3296
f 3390//3390 3424//3424 3405//3405
f 3375//3375 3390//3390 3405//3405
f 3405//3405 3424//3424 3440//3440
f 401//401 2838//2838 234//234
f 710//710 453//453 3343//3343
f 207//207 334//334 137//137
f 2904//2904 3209//3209 4424//4424
f 1268//1268 3204//3204 285//285
f 565//565 3204//3204 1268//1268
f 1615//1615 1616//1616 1658//1658
f 2207//2207 2199//2199 681//681
f 921//921 3266//3266 2323//2323
f 3356//3356 3345//3345 3375//3375
f 3344//3344 3356//3356 3375//3375
f 3345//3345 3391//3391 3390//3390
f 3375//3375 3345//3345 3390//3390
f 3390//3390 3391//3391 3424//3424
f 142//142 70//70 224//224
f 3231//3231 3288//3288 3273//3273
f 489//489 3243//3243 365//365
f 729//729 203//203 1462//1462
f 1193//1193 116//116 691//691
f 2801//2801 2341//2341 2527//2527
f 131//131 3420//3420 3366//3366
f 689//689 572//572 711//711
f 1061//1061 3191//3191 2277//2277
f 921//921 517//517 3266//3266
f 3325//3325 3345//3345 3344//3344
f 3296//3296 3325//3325 3344//3344
f 3344//3344 3345//3345 3356//3356
f 502//502 12//12 224//224
f 12//12 142//142 224//224
f 1629//1629 945//945 643//643
f 964//964 73//73 418//418
f 711//711 572//572 243//243
f 729//729 66//66 203//203
f 729//729 1462//1462 1412//1412
f 73//73 125//125 419//419
f 418//418 73//73 419//419
f 798//798 568//568 3158//3158
f 3134//3134 1148//1148 540//540
f 3297//3297 3313//3313 3296//3296
f 3266//3266 3297//3297 3296//3296
f 3296//3296 3313//3313 3325//3325
f 3325//3325 3313//3313 3345//3345
f 3424//3424 1421//1421 502//502
f 1421//1421 733//733 502//502
f 502//502 733//733 12//12
f 1578//1578 142//142 12//12
f 216//216 160//160 142//142
f 1578//1578 216//216 142//142
f 216//216 1764//1764 160//160
f 3367//3367 3368//3368 3421//3421
f 331//331 3138//3138 1//1
f 3233//3233 3245//3245 3738//3738
f 3244//3244 83//83 159//159
f 3230//3230 3231//3231 3258//3258
f 3352//3352 201//201 561//561
f 3147//3147 3152//3152 3145//3145
f 3147//3147 3145//3145 3146//3146
f 2264//2264 1052//1052 632//632
f 187//187 407//407 1698//1698
f 473//473 3278//3278 3266//3266
f 3266//3266 3278//3278 3297//3297
f 3297//3297 3278//3278 3313//3313
f 3392//3392 3441//3441 3424//3424
f 3391//3391 3392//3392 3424//3424
f 3441//3441 1406//1406 3424//3424
f 3424//3424 1406//1406 1421//1421
f 1421//1421 1406//1406 733//733
f 1353//1353 1764//1764 216//216
f 517//517 473//473 3266//3266
f 207//207 137//137 981//981
f 654//654 3978//3978 3977//3977
f 3973//3973 3972//3972 3928//3928
f 1463//1463 3352//3352 561//561
f 3152//3152 3151//3151 3145//3145
f 1636//1636 1898//1898 143//143
f 1148//1148 540//540 766//766
f 1460//1460 1194//1194 1493//1493
f 1082//1082 646//646 1149//1149
f 810//810 3800//3800 891//891
f 3783//3783 3801//3801 3800//3800
f 646//646 812//812 1149//1149
f 1237//1237 3170//3170 1308//1308
f 3345//3345 3392//3392 3391//3391
f 3406//3406 1406//1406 3441//3441
f 3392//3392 3406//3406 3441//3441
f 216//216 1578//1578 12//12
f 334//334 410//410 282//282
f 410//410 3165//3165 533//533
f 331//331 1//1 7//7
f 421//421 207//207 981//981
f 2143//2143 654//654 3977//3977
f 1124//1124 2694//2694 1163//1163
f 3170//3170 566//566 3211//3211
f 432//432 168//168 431//431
f 3180//3180 3179//3179 3151//3151
f 1463//1463 561//561 480//480
f 315//315 443//443 1729//1729
f 1423//1423 1194//1194 1491//1491
f 4096//4096 4126//4126 4095//4095
f 3267//3267 3278//3278 473//473
f 3313//3313 3357//3357 3345//3345
f 3357//3357 3358//3358 3345//3345
f 3345//3345 3358//3358 3392//3392
f 3358//3358 3406//3406 3392//3392
f 733//733 600//600 12//12
f 600//600 216//216 12//12
f 570//570 421//421 981//981
f 80//80 29//29 297//297
f 3160//3160 1033//1033 991//991
f 106//106 107//107 1347//1347
f 3130//3130 5966//5966 3113//3113
f 368//368 1372//1372 874//874
f 2819//2819 2804//2804 2205//2205
f 3278//3278 3326//3326 3313//3313
f 3326//3326 3358//3358 3357//3357
f 3313//3313 3326//3326 3357//3357
f 733//733 803//803 600//600
f 206//206 1353//1353 216//216
f 2990//2990 1824//1824 1990//1990
f 3953//3953 2440//2440 3952//3952
f 770//770 3254//3254 2624//2624
f 3306//3306 3338//3338 3367//3367
f 3142//3142 4647//4647 866//866
f 3532//3532 1144//1144 1145//1145
f 3113//3113 5966//5966 2102//2102
f 1100//1100 829//829 1495//1495
f 1495//1495 829//829 802//802
f 3192//3192 3217//3217 3179//3179
f 2747//2747 2640//2640 1571//1571
f 3//3 389//389 431//431
f 1147//1147 609//609 726//726
f 5225//5225 5236//5236 5224//5224
f 5236//5236 5262//5262 4355//4355
f 3267//3267 3279//3279 3278//3278
f 3279//3279 3298//3298 3278//3278
f 3278//3278 3298//3298 3326//3326
f 838//838 525//525 733//733
f 1406//1406 838//838 733//733
f 733//733 525//525 803//803
f 525//525 34//34 600//600
f 803//803 525//525 600//600
f 1216//1216 216//216 600//600
f 34//34 1216//1216 600//600
f 1216//1216 258//258 216//216
f 527//527 206//206 216//216
f 258//258 527//527 216//216
f 206//206 118//118 205//205
f 29//29 47//47 297//297
f 1302//1302 3225//3225 597//597
f 238//238 188//188 3293//3293
f 5414//5414 5468//5468 5432//5432
f 802//802 829//829 1490//1490
f 983//983 5099//5099 5952//5952
f 3488//3488 2947//2947 3490//3490
f 3267//3267 3252//3252 3279//3279
f 3252//3252 3298//3298 3279//3279
f 3407//3407 838//838 1406//1406
f 3406//3406 3407//3407 1406//1406
f 258//258 1216//1216 34//34
f 3199//3199 206//206 527//527
f 258//258 3199//3199 527//527
f 206//206 48//48 118//118
f 925//925 1587//1587 726//726
f 3157//3157 3192//3192 3180//3180
f 2799//2799 3111//3111 3105//3105
f 1547//1547 1585//1585 1100//1100
f 2624//2624 1537//1537 2885//2885
f 3155//3155 1629//1629 202//202
f 241//241 90//90 109//109
f 2640//2640 35//35 1571//1571
f 5445//5445 5444//5444 5408//5408
f 3252//3252 3268//3268 3298//3298
f 3358//3358 3407//3407 3406//3406
f 525//525 532//532 34//34
f 532//532 258//258 34//34
f 3199//3199 49//49 206//206
f 206//206 49//49 48//48
f 3328//3328 3327//3327 4695//4695
f 829//829 367//367 450//450
f 3236//3236 3898//3898 515//515
f 3384//3384 131//131 3366//3366
f 3378//3378 3377//3377 3328//3328
f 3957//3957 3974//3974 3928//3928
f 3346//3346 3376//3376 3358//3358
f 3326//3326 3346//3346 3358//3358
f 3358//3358 3376//3376 3407//3407
f 526//526 532//532 525//525
f 258//258 49//49 3199//3199
f 1422//1422 1423//1423 1491//1491
f 605//605 727//727 565//565
f 2974//2974 5829//5829 5928//5928
f 450//450 1465//1465 333//333
f 1268//1268 285//285 241//241
f 3929//3929 3909//3909 3480//3480
f 2160//2160 3373//3373 1861//1861
f 4288//4288 4316//4316 4338//4338
f 2985//2985 3299//3299 3298//3298
f 3268//3268 2985//2985 3298//3298
f 3299//3299 3346//3346 3326//3326
f 3298//3298 3299//3299 3326//3326
f 3346//3346 3347//3347 3376//3376
f 773//773 526//526 525//525
f 838//838 773//773 525//525
f 532//532 602//602 258//258
f 258//258 602//602 49//49
f 1244//1244 118//118 48//48
f 49//49 1244//1244 48//48
f 1244//1244 801//801 118//118
f 3142//3142 913//913 1520//1520
f 3271//3271 1463//1463 617//617
f 47//47 6//6 296//296
f 565//565 1268//1268 241//241
f 964//964 74//74 73//73
f 1299//1299 690//690 1100//1100
f 367//367 342//342 450//450
f 450//450 342//342 1465//1465
f 630//630 589//589 3666//3666
f 1671//1671 1046//1046 237//237
f 3637//3637 3612//3612 3690//3690
f 4084//4084 3172//3172 4196//4196
f 3299//3299 3347//3347 3346//3346
f 3425//3425 773//773 838//838
f 3407//3407 3425//3425 838//838
f 532//532 683//683 602//602
f 537//537 1244//1244 49//49
f 3173//3173 801//801 1244//1244
f 537//537 3173//3173 1244//1244
f 4990//4990 1690//1690 4880//4880
f 3074//3074 1059//1059 3141//3141
f 2367//2367 601//601 1238//1238
f 690//690 342//342 367//367
f 3157//3157 3169//3169 3194//3194
f 3194//3194 3169//3169 3208//3208
f 4025//4025 4041//4041 3729//3729
f 4425//4425 3189//3189 4424//4424
f 3299//3299 3314//3314 3347//3347
f 3376//3376 3425//3425 3407//3407
f 659//659 975//975 526//526
f 773//773 659//659 526//526
f 975//975 94//94 532//532
f 526//526 975//975 532//532
f 94//94 683//683 532//532
f 537//537 49//49 602//602
f 6//6 365//365 284//284
f 3172//3172 4320//4320 2928//2928
f 1512//1512 1493//1493 1465//1465
f 1299//1299 452//452 690//690
f 690//690 452//452 342//342
f 540//540 1553//1553 1051//1051
f 420//420 251//251 207//207
f 2813//2813 2831//2831 2847//2847
f 3367//3367 3421//3421 3401//3401
f 4402//4402 4403//4403 4424//4424
f 100//100 1347//1347 703//703
f 2985//2985 3314//3314 3299//3299
f 3393//3393 3376//3376 3347//3347
f 3359//3359 3393//3393 3347//3347
f 3376//3376 3393//3393 3425//3425
f 1394//1394 659//659 773//773
f 3425//3425 1394//1394 773//773
f 975//975 490//490 94//94
f 490//490 94//94 683//683
f 94//94 602//602 683//683
f 94//94 826//826 602//602
f 826//826 3202//3202 602//602
f 3202//3202 537//537 602//602
f 1314//1314 731//731 3442//3442
f 541//541 540//540 930//930
f 420//420 207//207 421//421
f 342//342 1460//1460 1512//1512
f 1915//1915 2541//2541 1925//1925
f 401//401 2863//2863 488//488
f 4948//4948 3365//3365 5959//5959
f 63//63 420//420 977//977
f 3305//3305 3337//3337 553//553
f 3105//3105 3305//3305 553//553
f 420//420 421//421 977//977
f 4196//4196 3172//3172 2928//2928
f 3315//3315 3314//3314 2985//2985
f 3314//3314 3315//3315 3347//3347
f 3315//3315 3359//3359 3347//3347
f 1394//1394 3425//3425 3393//3393
f 3408//3408 1394//1394 3393//3393
f 520//520 490//490 975//975
f 659//659 520//520 975//975
f 652//652 826//826 94//94
f 652//652 3202//3202 826//826
f 652//652 537//537 3202//3202
f 537//537 730//730 3173//3173
f 3173//3173 730//730 114//114
f 4318//4318 4340//4340 4339//4339
f 1237//1237 223//223 3170//3170
f 3384//3384 3366//3366 553//553
f 1130//1130 3238//3238 342//342
f 452//452 1130//1130 342//342
f 342//342 3238//3238 1460//1460
f 1756//1756 270//270 472//472
f 63//63 977//977 13//13
f 3337//3337 3384//3384 553//553
f 63//63 13//13 468//468
f 2038//2038 904//904 595//595
f 3007//3007 63//63 468//468
f 5192//5192 5191//5191 5145//5145
f 5153//5153 5192//5192 5145//5145
f 4084//4084 4196//4196 2855//2855
f 811//811 520//520 659//659
f 1394//1394 811//811 659//659
f 94//94 907//907 652//652
f 652//652 563//563 537//537
f 563//563 730//730 537//537
f 5935//5935 5942//5942 2714//2714
f 1992//1992 1948//1948 2049//2049
f 131//131 74//74 964//964
f 3790//3790 3757//3757 3589//3589
f 3691//3691 3690//3690 3638//3638
f 4403//4403 4425//4425 4424//4424
f 2926//2926 4084//4084 2855//2855
f 5655//5655 5687//5687 5654//5654
f 3360//3360 3393//3393 3359//3359
f 3360//3360 3408//3408 3393//3393
f 811//811 1394//1394 3408//3408
f 3409//3409 811//811 3408//3408
f 490//490 522//522 94//94
f 522//522 907//907 94//94
f 652//652 286//286 563//563
f 563//563 286//286 730//730
f 726//726 1975//1975 2098//2098
f 1981//1981 432//432 431//431
f 1130//1130 1194//1194 1460//1460
f 3238//3238 1130//1130 1460//1460
f 3190//3190 202//202 316//316
f 2323//2323 3295//3295 2038//2038
f 719//719 1354//1354 2598//2598
f 4339//4339 4361//4361 4360//4360
f 4338//4338 4339//4339 4360//4360
f 3315//3315 3360//3360 3359//3359
f 3377//3377 3360//3360 3359//3359
f 3377//3377 3409//3409 3408//3408
f 3360//3360 3377//3377 3408//3408
f 522//522 490//490 520//520
f 652//652 45//45 286//286
f 730//730 28//28 114//114
f 28//28 405//405 114//114
f 3767//3767 3786//3786 3785//3785
f 2859//2859 817//817 5924//5924
f 3157//3157 3194//3194 3193//3193
f 2141//2141 143//143 1898//1898
f 745//745 126//126 86//86
f 1130//1130 1539//1539 1194//1194
f 3247//3247 979//979 1370//1370
f 1467//1467 1354//1354 719//719
f 1764//1764 1636//1636 160//160
f 3327//3327 3328//3328 3315//3315
f 3328//3328 3360//3360 3315//3315
f 3328//3328 3377//3377 3360//3360
f 811//811 1090//1090 520//520
f 1090//1090 522//522 520//520
f 181//181 45//45 652//652
f 907//907 181//181 652//652
f 286//286 692//692 730//730
f 730//730 692//692 28//28
f 242//242 1537//1537 189//189
f 65//65 242//242 189//189
f 2885//2885 2373//2373 2624//2624
f 567//567 3158//3158 66//66
f 3318//3318 3338//3338 3306//3306
f 27//27 283//283 3255//3255
f 3147//3147 2538//2538 3157//3157
f 4984//4984 5016//5016 4144//4144
f 1354//1354 1957//1957 2598//2598
f 3085//3085 3059//3059 3236//3236
f 4127//4127 3758//3758 4128//4128
f 4361//4361 4403//4403 4360//4360
f 3301//3301 4695//4695 3315//3315
f 892//892 811//811 3409//3409
f 892//892 1090//1090 811//811
f 2261//2261 2302//2302 2270//2270
f 3719//3719 3731//3731 417//417
f 965//965 1036//1036 3857//3857
f 3801//3801 3802//3802 3834//3834
f 3833//3833 3855//3855 3854//3854
f 3862//3862 3854//3854 1109//1109
f 3785//3785 3786//3786 3802//3802
f 695//695 804//804 3774//3774
f 3466//3466 3506//3506 2989//2989
f 3833//3833 3854//3854 963//963
f 1743//1743 2854//2854 5275//5275
f 3777//3777 3778//3778 764//764
f 3527//3527 3568//3568 3526//3526
f 3527//3527 3526//3526 3506//3506
f 3466//3466 3527//3527 3506//3506
f 3534//3534 1539//1539 1568//1568
f 5958//5958 5949//5949 5099//5099
f 3208//3208 988//988 3233//3233
f 3855//3855 3790//3790 3880//3880
f 884//884 958//958 881//881
f 3854//3854 3855//3855 3880//3880
f 4541//4541 4547//4547 356//356
f 574//574 575//575 3784//3784
f 3677//3677 1251//1251 1311//1311
f 3738//3738 645//645 83//83
f 3880//3880 3790//3790 3876//3876
f 3754//3754 3774//3774 3753//3753
f 4877//4877 4915//4915 4876//4876
f 3854//3854 3880//3880 1109//1109
f 5630//5630 5677//5677 5629//5629
f 448//448 496//496 3716//3716
f 3766//3766 3782//3782 771//771
f 3876//3876 3790//3790 3533//3533
f 1199//1199 1251//1251 3708//3708
f 3658//3658 1491//1491 3730//3730
f 373//373 3676//3676 3625//3625
f 3526//3526 3591//3591 3524//3524
f 4877//4877 4933//4933 4915//4915
f 3546//3546 3547//3547 3601//3601
f 4611//4611 4549//4549 4783//4783
f 3525//3525 3526//3526 3524//3524
f 3484//3484 3507//3507 3466//3466
f 3507//3507 245//245 3527//3527
f 3466//3466 3507//3507 3527//3527
f 2156//2156 2736//2736 2428//2428
f 3599//3599 417//417 294//294
f 3626//3626 1422//1422 3658//3658
f 3509//3509 1224//1224 1272//1272
f 5197//5197 5230//5230 5229//5229
f 5624//5624 5623//5623 5590//5590
f 3601//3601 298//298 3625//3625
f 542//542 504//504 573//573
f 1393//1393 1405//1405 1392//1392
f 2760//2760 4071//4071 5965//5965
f 503//503 3704//3704 373//373
f 1091//1091 760//760 1327//1327
f 1150//1150 1036//1036 1151//1151
f 1783//1783 5012//5012 3822//3822
f 3635//3635 1420//1420 3609//3609
f 3743//3743 3752//3752 3751//3751
f 3715//3715 3743//3743 3751//3751
f 1150//1150 3418//3418 3665//3665
f 132//132 3707//3707 3651//3651
f 2985//2985 3301//3301 3315//3315
f 1250//1250 2863//2863 828//828
f 3573//3573 3660//3660 3644//3644
f 3616//3616 3874//3874 3856//3856
f 3752//3752 3772//3772 3771//3771
f 3751//3751 3752//3752 3771//3771
f 330//330 3626//3626 3681//3681
f 542//542 3766//3766 3765//3765
f 660//660 734//734 775//775
f 963//963 3862//3862 1081//1081
f 1001//1001 958//958 884//884
f 3772//3772 3797//3797 835//835
f 3771//3771 3772//3772 835//835
f 2781//2781 4570//4570 4305//4305
f 3493//3493 3494//3494 3547//3547
f 1503//1503 3955//3955 3720//3720
f 440//440 319//319 717//717
f 3754//3754 496//496 538//538
f 4072//4072 4060//4060 787//787
f 3784//3784 3785//3785 3801//3801
f 3455//3455 1103//1103 1410//1410
f 3548//3548 253//253 3547//3547
f 3544//3544 3599//3599 3543//3543
f 3723//3723 3717//3717 3635//3635
f 695//695 3774//3774 3754//3754
f 3589//3589 3573//3573 3644//3644
f 3792//3792 3368//3368 3685//3685
f 3421//3421 3368//3368 3792//3792
f 1698//1698 407//407 1669//1669
f 121//121 122//122 245//245
f 5667//5667 5651//5651 5666//5666
f 5421//5421 4756//4756 4755//4755
f 1196//1196 1334//1334 1380//1380
f 1545//1545 4941//4941 3455//3455
f 440//440 717//717 589//589
f 3435//3435 3792//3792 3679//3679
f 3354//3354 596//596 3687//3687
f 3707//3707 132//132 1393//1393
f 1560//1560 1561//1561 1594//1594
f 3509//3509 1272//1272 1196//1196
f 3753//3753 496//496 3754//3754
f 1568//1568 1611//1611 1610//1610
f 3677//3677 3688//3688 3418//3418
f 3509//3509 3512//3512 1349//1349
f 245//245 287//287 3569//3569
f 3527//3527 245//245 3569//3569
f 1891//1891 254//254 253//253
f 141//141 3435//3435 3679//3679
f 1145//1145 1081//1081 1109//1109
f 868//868 141//141 3679//3679
f 4350//4350 4228//4228 4351//4351
f 339//339 26//26 1249//1249
f 1560//1560 1594//1594 1593//1593
f 4524//4524 552//552 3084//3084
f 1592//1592 1579//1579 1560//1560
f 1198//1198 3418//3418 1150//1150
f 4092//4092 4108//4108 4054//4054
f 788//788 5922//5922 721//721
f 5953//5953 817//817 471//471
f 5017//5017 5053//5053 4168//4168
f 5012//5012 995//995 1778//1778
f 1236//1236 3602//3602 1284//1284
f 81//81 685//685 408//408
f 140//140 141//141 3572//3572
f 107//107 71//71 396//396
f 3774//3774 3799//3799 3773//3773
f 3717//3717 3723//3723 3604//3604
f 3602//3602 3542//3542 1284//1284
f 1864//1864 3495//3495 1798//1798
f 1311//1311 132//132 3805//3805
f 1109//1109 3876//3876 3532//3532
f 3732//3732 503//503 504//504
f 3512//3512 3728//3728 3552//3552
f 542//542 3732//3732 504//504
f 3675//3675 3719//3719 3674//3674
f 3589//3589 3418//3418 3573//3573
f 3494//3494 3495//3495 3548//3548
f 3805//3805 3651//3651 3669//3669
f 3778//3778 3780//3780 800//800
f 985//985 895//895 894//894
f 4562//4562 874//874 1412//1412
f 3625//3625 3599//3599 3600//3600
f 3493//3493 3547//3547 3546//3546
f 4122//4122 4123//4123 4124//4124
f 5767//5767 5802//5802 5766//5766
f 3484//3484 3066//3066 3507//3507
f 121//121 3066//3066 122//122
f 3512//3512 3552//3552 1349//1349
f 5947//5947 1400//1400 5930//5930
f 1989//1989 78//78 2091//2091
f 1063//1063 5287//5287 5275//5275
f 3066//3066 121//121 245//245
f 3507//3507 3066//3066 245//245
f 3130//3130 4977//4977 5963//5963
f 1311//1311 642//642 1624//1624
f 3730//3730 1491//1491 3534//3534
f 3674//3674 417//417 3599//3599
f 3702//3702 3659//3659 280//280
f 287//287 288//288 3649//3649
f 3368//3368 3354//3354 3687//3687
f 704//704 776//776 734//734
f 3715//3715 3716//3716 496//496
f 496//496 3743//3743 3715//3715
f 3753//3753 3752//3752 3743//3743
f 496//496 3753//3753 3743//3743
f 3753//3753 3773//3773 3772//3772
f 1349//1349 3552//3552 3588//3588
f 3047//3047 5925//5925 1513//1513
f 254//254 300//300 299//299
f 3799//3799 3798//3798 3773//3773
f 3752//3752 3753//3753 3772//3772
f 3773//3773 3798//3798 3797//3797
f 3544//3544 3543//3543 3489//3489
f 3660//3660 3844//3844 3669//3669
f 3644//3644 3660//3660 3669//3669
f 298//298 373//373 3625//3625
f 894//894 938//938 985//985
f 3834//3834 3835//3835 3855//3855
f 3772//3772 3773//3773 3797//3797
f 3797//3797 3798//3798 835//835
f 2700//2700 5923//5923 5939//5939
f 3800//3800 3832//3832 891//891
f 771//771 3800//3800 810//810
f 3658//3658 3723//3723 3635//3635
f 3723//3723 3878//3878 3604//3604
f 2450//2450 5752//5752 1312//1312
f 4860//4860 4858//4858 2564//2564
f 684//684 1698//1698 1211//1211
f 3389//3389 684//684 1211//1211
f 1624//1624 642//642 1357//1357
f 1272//1272 1334//1334 1196//1196
f 3572//3572 1669//1669 140//140
f 3760//3760 3780//3780 3779//3779
f 4054//4054 4055//4055 4092//4092
f 3807//3807 274//274 1778//1778
f 3704//3704 3675//3675 3676//3676
f 1251//1251 3677//3677 3708//3708
f 2009//2009 1973//1973 2668//2668
f 3568//3568 3591//3591 3526//3526
f 3688//3688 3677//3677 1311//1311
f 3779//3779 3780//3780 3778//3778
f 800//800 799//799 3778//3778
f 4417//4417 949//949 359//359
f 5959//5959 3365//3365 5921//5921
f 575//575 3767//3767 3785//3785
f 1311//1311 1624//1624 330//330
f 3350//3350 5258//5258 5077//5077
f 4912//4912 4954//4954 4953//4953
f 643//643 280//280 3659//3659
f 3569//3569 3620//3620 3568//3568
f 1778//1778 1704//1704 3822//3822
f 3604//3604 1567//1567 1536//1536
f 1624//1624 1422//1422 3626//3626
f 842//842 3837//3837 3804//3804
f 3695//3695 1346//1346 1284//1284
f 575//575 3785//3785 3784//3784
f 248//248 3543//3543 249//249
f 3629//3629 790//790 3817//3817
f 3783//3783 3784//3784 3801//3801
f 3868//3868 3542//3542 1284//1284
f 790//790 394//394 3817//3817
f 610//610 3754//3754 538//538
f 300//300 255//255 345//345
f 2796//2796 2777//2777 2831//2831
f 3658//3658 3635//3635 3681//3681
f 2216//2216 1468//1468 1570//1570
f 3161//3161 2966//2966 3365//3365
f 254//254 299//299 253//253
f 1422//1422 1624//1624 1395//1395
f 485//485 5935//5935 2803//2803
f 3635//3635 3609//3609 1393//1393
f 3799//3799 804//804 3798//3798
f 4459//4459 4588//4588 4531//4531
f 573//573 574//574 3783//3783
f 574//574 3784//3784 3783//3783
f 1251//1251 1317//1317 1311//1311
f 3708//3708 3677//3677 3418//3418
f 3495//3495 1891//1891 3548//3548
f 3599//3599 3675//3675 3674//3674
f 3208//3208 855//855 988//988
f 1198//1198 3708//3708 3418//3418
f 5575//5575 5608//5608 5574//5574
f 507//507 576//576 575//575
f 3809//3809 3453//3453 43//43
f 446//446 3307//3307 454//454
f 3489//3489 3543//3543 130//130
f 1196//1196 1380//1380 3728//3728
f 3551//3551 3532//3532 1236//1236
f 4777//4777 4756//4756 4778//4778
f 3629//3629 3817//3817 555//555
f 555//555 1554//1554 478//478
f 3307//3307 446//446 684//684
f 3644//3644 3669//3669 3542//3542
f 3490//3490 3544//3544 3489//3489
f 3726//3726 1698//1698 1669//1669
f 3666//3666 589//589 717//717
f 130//130 249//249 199//199
f 1196//1196 3728//3728 3512//3512
f 5950//5950 4192//4192 5951//5951
f 3675//3675 3732//3732 3731//3731
f 966//966 843//843 844//844
f 4383//4383 3934//3934 3961//3961
f 1236//1236 1235//1235 3551//3551
f 852//852 3307//3307 684//684
f 3509//3509 1196//1196 3512//3512
f 3728//3728 686//686 3552//3552
f 3445//3445 3538//3538 244//244
f 3675//3675 3704//3704 3732//3732
f 244//244 3538//3538 3594//3594
f 1311//1311 1317//1317 642//642
f 775//775 842//842 3804//3804
f 3511//3511 19//19 790//790
f 3418//3418 3688//3688 3844//3844
f 1569//1569 1539//1539 1130//1130
f 3762//3762 3781//3781 3780//3780
f 5261//5261 3130//3130 1637//1637
f 1592//1592 1560//1560 1593//1593
f 550//550 440//440 589//589
f 3533//3533 3602//3602 3628//3628
f 3598//3598 294//294 249//249
f 831//831 5938//5938 3827//3827
f 3731//3731 539//539 417//417
f 3482//3482 3481//3481 3460//3460
f 3746//3746 3732//3732 615//615
f 5598//5598 5630//5630 5597//5597
f 1393//1393 1420//1420 1405//1405
f 3642//3642 3575//3575 3603//3603
f 615//615 614//614 3746//3746
f 5925//5925 5941//5941 1513//1513
f 3573//3573 3418//3418 3660//3660
f 1554//1554 394//394 478//478
f 3734//3734 3666//3666 3557//3557
f 630//630 3666//3666 3575//3575
f 3666//3666 717//717 3557//3557
f 3666//3666 3734//3734 3575//3575
f 3494//3494 252//252 3495//3495
f 3855//3855 3757//3757 3790//3790
f 3260//3260 3738//3738 83//83
f 447//447 4041//4041 4012//4012
f 3837//3837 3836//3836 3804//3804
f 891//891 3833//3833 963//963
f 542//542 573//573 3766//3766
f 1539//1539 3534//3534 492//492
f 1379//1379 3496//3496 686//686
f 4355//4355 4327//4327 5224//5224
f 5516//5516 5536//5536 5499//5499
f 1792//1792 2565//2565 4431//4431
f 2216//2216 3508//3508 3682//3682
f 3814//3814 4860//4860 2564//2564
f 3656//3656 3642//3642 3603//3603
f 842//842 3857//3857 3836//3836
f 787//787 3778//3778 3777//3777
f 5286//5286 4487//4487 5294//5294
f 5628//5628 5675//5675 5642//5642
f 1224//1224 3509//3509 1349//1349
f 3660//3660 3418//3418 3844//3844
f 596//596 3354//3354 3340//3340
f 3546//3546 3601//3601 3545//3545
f 3598//3598 249//249 3543//3543
f 3519//3519 3558//3558 3583//3583
f 255//255 300//300 254//254
f 5017//5017 5016//5016 4984//4984
f 3588//3588 3552//3552 3699//3699
f 4757//4757 4779//4779 4778//4778
f 555//555 478//478 3718//3718
f 3530//3530 3725//3725 3576//3576
f 3576//3576 3831//3831 555//555
f 3618//3618 3603//3603 3763//3763
f 1672//1672 531//531 1290//1290
f 3528//3528 317//317 316//316
f 775//775 734//734 776//776
f 3515//3515 317//317 3528//3528
f 3853//3853 555//555 3515//3515
f 3765//3765 3766//3766 771//771
f 3642//3642 3656//3656 3582//3582
f 3722//3722 3485//3485 1312//1312
f 2881//2881 1591//1591 1592//1592
f 3574//3574 3557//3557 3725//3725
f 3557//3557 3574//3574 3581//3581
f 3734//3734 3557//3557 3581//3581
f 3575//3575 3734//3734 3581//3581
f 3603//3603 3575//3575 3581//3581
f 3728//3728 1379//1379 686//686
f 3695//3695 3655//3655 1346//1346
f 1392//1392 3655//3655 1393//1393
f 3162//3162 4948//4948 5920//5920
f 407//407 125//125 1669//1669
f 829//829 1100//1100 367//367
f 255//255 1891//1891 1864//1864
f 3601//3601 3625//3625 3600//3600
f 573//573 3783//3783 3782//3782
f 3552//3552 3721//3721 3516//3516
f 3718//3718 478//478 40//40
f 3826//3826 3831//3831 3576//3576
f 3603//3603 3581//3581 3763//3763
f 3608//3608 3671//3671 3516//3516
f 3487//3487 3755//3755 3671//3671
f 3608//3608 3487//3487 3671//3671
f 3496//3496 3487//3487 3608//3608
f 4035//4035 4913//4913 4912//4912
f 3684//3684 3642//3642 3582//3582
f 869//869 3686//3686 3722//3722
f 1312//1312 869//869 3722//3722
f 3413//3413 3363//3363 2698//2698
f 949//949 1912//1912 1751//1751
f 359//359 949//949 1751//1751
f 760//760 869//869 1327//1327
f 4050//4050 4035//4035 4912//4912
f 4069//4069 4050//4050 4911//4911
f 2813//2813 2776//2776 2796//2796
f 3880//3880 3876//3876 1109//1109
f 2359//2359 1027//1027 5077//5077
f 3499//3499 3519//3519 3474//3474
f 3499//3499 3558//3558 3519//3519
f 3584//3584 3583//3583 3558//3558
f 3803//3803 3836//3836 3835//3835
f 3760//3760 3761//3761 3780//3780
f 3552//3552 3516//3516 3699//3699
f 3725//3725 3826//3826 3576//3576
f 3460//3460 3481//3481 3480//3480
f 1409//1409 5077//5077 1027//1027
f 686//686 3496//3496 3608//3608
f 1746//1746 3814//3814 2564//2564
f 3804//3804 660//660 775//775
f 2931//2931 3682//3682 3636//3636
f 3543//3543 249//249 130//130
f 3589//3589 3665//3665 3418//3418
f 3686//3686 630//630 3642//3642
f 4565//4565 4568//4568 4494//4494
f 5287//5287 1743//1743 5275//5275
f 4913//4913 4955//4955 4954//4954
f 5871//5871 5870//5870 5838//5838
f 1440//1440 3445//3445 3496//3496
f 3531//3531 3511//3511 3629//3629
f 3674//3674 3719//3719 417//417
f 3832//3832 3833//3833 891//891
f 3559//3559 3558//3558 3499//3499
f 78//78 1929//1929 528//528
f 3559//3559 3584//3584 3558//3558
f 438//438 2005//2005 2029//2029
f 4880//4880 3807//3807 995//995
f 4912//4912 4913//4913 4954//4954
f 3656//3656 3603//3603 3618//3618
f 3574//3574 3530//3530 3842//3842
f 3574//3574 3842//3842 3673//3673
f 3807//3807 1778//1778 995//995
f 1516//1516 3849//3849 3829//3829
f 3588//3588 3699//3699 2216//2216
f 535//535 190//190 685//685
f 3760//3760 3779//3779 3778//3778
f 787//787 3760//3760 3778//3778
f 2787//2787 5923//5923 2700//2700
f 3511//3511 319//319 17//17
f 4955//4955 4986//4986 4985//4985
f 2947//2947 3492//3492 3545//3545
f 686//686 3608//3608 3516//3516
f 4954//4954 4955//4955 4985//4985
f 1379//1379 1440//1440 3496//3496
f 1560//1560 1579//1579 3594//3594
f 411//411 447//447 3649//3649
f 1751//1751 2565//2565 1792//1792
f 1145//1145 1109//1109 3532//3532
f 3658//3658 1422//1422 1491//1491
f 2876//2876 4493//4493 2874//2874
f 3651//3651 1393//1393 3695//3695
f 3475//3475 3500//3500 3499//3499
f 3500//3500 3559//3559 3499//3499
f 3533//3533 3589//3589 3644//3644
f 3495//3495 1864//1864 1891//1891
f 3582//3582 3485//3485 3684//3684
f 909//909 878//878 1177//1177
f 3617//3617 3656//3656 3618//3618
f 4986//4986 5018//5018 4985//4985
f 3515//3515 3528//3528 982//982
f 5936//5936 1989//1989 2091//2091
f 3574//3574 3673//3673 3580//3580
f 3837//3837 842//842 3836//3836
f 4911//4911 4912//4912 4953//4953
f 4985//4985 5018//5018 5017//5017
f 1818//1818 1746//1746 2564//2564
f 564//564 930//930 1157//1157
f 5018//5018 5054//5054 5053//5053
f 5017//5017 5018//5018 5053//5053
f 717//717 3511//3511 3725//3725
f 3557//3557 717//717 3725//3725
f 3599//3599 294//294 3598//3598
f 3767//3767 575//575 576//576
f 3538//3538 1473//1473 3594//3594
f 3445//3445 1440//1440 3538//3538
f 1440//1440 1473//1473 3538//3538
f 3492//3492 3546//3546 3545//3545
f 704//704 661//661 578//578
f 1380//1380 1381//1381 1443//1443
f 3560//3560 3559//3559 3500//3500
f 3560//3560 3584//3584 3559//3559
f 5054//5054 5066//5066 5065//5065
f 5053//5053 5054//5054 5065//5065
f 3722//3722 3686//3686 3642//3642
f 3684//3684 3722//3722 3642//3642
f 3835//3835 3856//3856 3855//3855
f 3582//3582 3656//3656 3744//3744
f 3738//3738 3260//3260 3233//3233
f 1036//1036 3616//3616 3857//3857
f 244//244 3570//3570 3683//3683
f 3516//3516 3671//3671 3486//3486
f 5807//5807 1787//1787 1809//1809
f 3581//3581 3574//3574 3580//3580
f 1316//1316 1751//1751 3536//3536
f 578//578 579//579 580//580
f 3872//3872 1063//1063 5275//5275
f 3721//3721 686//686 3516//3516
f 3699//3699 3516//3516 3508//3508
f 24//24 1541//1541 3867//3867
f 884//884 881//881 3798//3798
f 3542//3542 3695//3695 1284//1284
f 3725//3725 3511//3511 3531//3531
f 3801//3801 3833//3833 3832//3832
f 5066//5066 5105//5105 5104//5104
f 3531//3531 3629//3629 3826//3826
f 5065//5065 5066//5066 5104//5104
f 228//228 718//718 760//760
f 3552//3552 686//686 3721//3721
f 3719//3719 3675//3675 3731//3731
f 5105//5105 5130//5130 5146//5146
f 3501//3501 3561//3561 3560//3560
f 3500//3500 3501//3501 3560//3560
f 3560//3560 3561//3561 3584//3584
f 3561//3561 3610//3610 3584//3584
f 3066//3066 1856//1856 122//122
f 3676//3676 3675//3675 3625//3625
f 5136//5136 5135//5135 5098//5098
f 3782//3782 3783//3783 3800//3800
f 5104//5104 5105//5105 5146//5146
f 3780//3780 3781//3781 800//800
f 5130//5130 5147//5147 5153//5153
f 5146//5146 5130//5130 5153//5153
f 1357//1357 1395//1395 1624//1624
f 724//724 244//244 3683//3683
f 3756//3756 3383//3383 3641//3641
f 3383//3383 3467//3467 1439//1439
f 3641//3641 3383//3383 1439//1439
f 3467//3467 3535//3535 791//791
f 1439//1439 3467//3467 791//791
f 3535//3535 3770//3770 791//791
f 3292//3292 3281//3281 791//791
f 3770//3770 3292//3292 791//791
f 3855//3855 3863//3863 3757//3757
f 3732//3732 3765//3765 615//615
f 3730//3730 3723//3723 3658//3658
f 1144//1144 3532//3532 3551//3551
f 4168//4168 5053//5053 4218//4218
f 3757//3757 3665//3665 3589//3589
f 1829//1829 1857//1857 1856//1856
f 1568//1568 1539//1539 1569//1569
f 1969//1969 1971//1971 1970//1970
f 3628//3628 3602//3602 1236//1236
f 3725//3725 3531//3531 3826//3826
f 1473//1473 1560//1560 3594//3594
f 3731//3731 3732//3732 3746//3746
f 3476//3476 3501//3501 3500//3500
f 3611//3611 3610//3610 3561//3561
f 3490//3490 2947//2947 3544//3544
f 630//630 3575//3575 3642//3642
f 5147//5147 5193//5193 5192//5192
f 3757//3757 3616//3616 3665//3665
f 2032//2032 2091//2091 528//528
f 5153//5153 5147//5147 5192//5192
f 3578//3578 3383//3383 3756//3756
f 3590//3590 3578//3578 3756//3756
f 3661//3661 3292//3292 3770//3770
f 3535//3535 3661//3661 3770//3770
f 1541//1541 3661//3661 3634//3634
f 3533//3533 3644//3644 3602//3602
f 610//610 695//695 3754//3754
f 3524//3524 3523//3523 3482//3482
f 3483//3483 3524//3524 3482//3482
f 5193//5193 5226//5226 5225//5225
f 3525//3525 3524//3524 3483//3483
f 3465//3465 3525//3525 3483//3483
f 4291//4291 3062//3062 2818//2818
f 3817//3817 394//394 555//555
f 3523//3523 3539//3539 3481//3481
f 963//963 3854//3854 3862//3862
f 3445//3445 244//244 724//724
f 696//696 804//804 695//695
f 3826//3826 3629//3629 3831//3831
f 3831//3831 3629//3629 555//555
f 1911//1911 910//910 1701//1701
f 3477//3477 3502//3502 3501//3501
f 3781//3781 3771//3771 834//834
f 5192//5192 5193//5193 5225//5225
f 5016//5016 5017//5017 4168//4168
f 3082//3082 5920//5920 5918//5918
f 3762//3762 3751//3751 3781//3781
f 555//555 394//394 1554//1554
f 211//211 400//400 1993//1993
f 833//833 800//800 834//834
f 5226//5226 5236//5236 5225//5225
f 3751//3751 3771//3771 3781//3781
f 252//252 3494//3494 3493//3493
f 5263//5263 5262//5262 5236//5236
f 3523//3523 3481//3481 3482//3482
f 3656//3656 3617//3617 3744//3744
f 3515//3515 40//40 317//317
f 3718//3718 40//40 3515//3515
f 555//555 3718//3718 3515//3515
f 3646//3646 922//922 2950//2950
f 417//417 539//539 501//501
f 5226//5226 5263//5263 5236//5236
f 3568//3568 3648//3648 3591//3591
f 3501//3501 3502//3502 3561//3561
f 3561//3561 3612//3612 3611//3611
f 1327//1327 869//869 1312//1312
f 3771//3771 835//835 834//834
f 4985//4985 5017//5017 4984//4984
f 5290//5290 5289//5289 5262//5262
f 5263//5263 5290//5290 5262//5262
f 3597//3597 3852//3852 922//922
f 132//132 3635//3635 1393//1393
f 1392//1392 1346//1346 3655//3655
f 4365//4365 3578//3578 3590//3590
f 3867//3867 1541//1541 3634//3634
f 1047//1047 481//481 3276//3276
f 3547//3547 298//298 3601//3601
f 447//447 3648//3648 3649//3649
f 834//834 835//835 880//880
f 3765//3765 771//771 701//701
f 4157//4157 4174//4174 5040//5040
f 3800//3800 3801//3801 3832//3832
f 3849//3849 4983//4983 3829//3829
f 3496//3496 3445//3445 724//724
f 3487//3487 3496//3496 724//724
f 2950//2950 479//479 3646//3646
f 3668//3668 922//922 3646//3646
f 3668//3668 3597//3597 922//922
f 3668//3668 3701//3701 3597//3597
f 3562//3562 3561//3561 3502//3502
f 3562//3562 3585//3585 3561//3561
f 3561//3561 3585//3585 3612//3612
f 3534//3534 3878//3878 3723//3723
f 3569//3569 3568//3568 3527//3527
f 3599//3599 3598//3598 3543//3543
f 786//786 3514//3514 5289//5289
f 5290//5290 786//786 5289//5289
f 3588//3588 2216//2216 1570//1570
f 910//910 1024//1024 1701//1701
f 615//615 3765//3765 701//701
f 5356//5356 5386//5386 5366//5366
f 1911//1911 1701//1701 1785//1785
f 3654//3654 3513//3513 3467//3467
f 3383//3383 3654//3654 3467//3467
f 3540//3540 3535//3535 3467//3467
f 3513//3513 3540//3540 3467//3467
f 2596//2596 3363//3363 3413//3413
f 660//660 3804//3804 3803//3803
f 3767//3767 577//577 3786//3786
f 804//804 884//884 3798//3798
f 3620//3620 3649//3649 3568//3568
f 3601//3601 3600//3600 3545//3545
f 1441//1441 1473//1473 1440//1440
f 3755//3755 3487//3487 3683//3683
f 3576//3576 555//555 3727//3727
f 3725//3725 3530//3530 3574//3574
f 3702//3702 3701//3701 3668//3668
f 3702//3702 26//26 3701//3701
f 3785//3785 3802//3802 3801//3801
f 1831//1831 1830//1830 1797//1797
f 3520//3520 3562//3562 3502//3502
f 3613//3613 3612//3612 3585//3585
f 3562//3562 3613//3613 3585//3585
f 3790//3790 3589//3589 873//873
f 3545//3545 3600//3600 3599//3599
f 1349//1349 3588//3588 1570//1570
f 505//505 574//574 573//573
f 3786//3786 660//660 3803//3803
f 4656//4656 4592//4592 4512//4512
f 3744//3744 3619//3619 2836//2836
f 3605//3605 3592//3592 3578//3578
f 3769//3769 3605//3605 3578//3578
f 3592//3592 3654//3654 3383//3383
f 3578//3578 3592//3592 3383//3383
f 3866//3866 3661//3661 3535//3535
f 3540//3540 3866//3866 3535//3535
f 3866//3866 3865//3865 3661//3661
f 3632//3632 3634//3634 3661//3661
f 3865//3865 3632//3632 3661//3661
f 3681//3681 3635//3635 132//132
f 1311//1311 3805//3805 3669//3669
f 3802//3802 3835//3835 3834//3834
f 4194//4194 1827//1827 1704//1704
f 4121//4121 5036//5036 4989//4989
f 4469//4469 4729//4729 4619//4619
f 2588//2588 4817//4817 2633//2633
f 1753//1753 277//277 3514//3514
f 3487//3487 724//724 3683//3683
f 3492//3492 3493//3493 3546//3546
f 3478//3478 3503//3503 3502//3502
f 3106//3106 4782//4782 1800//1800
f 3503//3503 3520//3520 3502//3502
f 3613//3613 3638//3638 3612//3612
f 3688//3688 1311//1311 3669//3669
f 3844//3844 3688//3688 3669//3669
f 330//330 1624//1624 3626//3626
f 3803//3803 3804//3804 3836//3836
f 3548//3548 1891//1891 253//253
f 834//834 800//800 3781//3781
f 793//793 4814//4814 4813//4813
f 2565//2565 793//793 4813//4813
f 786//786 1753//1753 3514//3514
f 910//910 1911//1911 1827//1827
f 3622//3622 3605//3605 3700//3700
f 3605//3605 3769//3769 3700//3700
f 3592//3592 3678//3678 3654//3654
f 3678//3678 3596//3596 3513//3513
f 3654//3654 3678//3678 3513//3513
f 3549//3549 3540//3540 3513//3513
f 3621//3621 3866//3866 3540//3540
f 3549//3549 3621//3621 3540//3540
f 3621//3621 3865//3865 3866//3866
f 3627//3627 3632//3632 3865//3865
f 3621//3621 3627//3627 3865//3865
f 3627//3627 1094//1094 3632//3632
f 804//804 3799//3799 3774//3774
f 5826//5826 5845//5845 5806//5806
f 844//844 843//843 776//776
f 3856//3856 3874//3874 3757//3757
f 1753//1753 1767//1767 1849//1849
f 1751//1751 1792//1792 3536//3536
f 277//277 1753//1753 1849//1849
f 2690//2690 2792//2792 4483//4483
f 1380//1380 1334//1334 1381//1381
f 576//576 508//508 577//577
f 3646//3646 479//479 439//439
f 3702//3702 3668//3668 3646//3646
f 3624//3624 3702//3702 3646//3646
f 280//280 26//26 3702//3702
f 3786//3786 3803//3803 3802//3802
f 3790//3790 873//873 3533//3533
f 3504//3504 3503//3503 3478//3478
f 5652//5652 3478//3478 3477//3477
f 3503//3503 3504//3504 3520//3520
f 3520//3520 3504//3504 3562//3562
f 3562//3562 3614//3614 3613//3613
f 3613//3613 3614//3614 3638//3638
f 3685//3685 3679//3679 3792//3792
f 3690//3690 3691//3691 3710//3710
f 1767//1767 4823//4823 4816//4816
f 3805//3805 132//132 3651//3651
f 1849//1849 1767//1767 4816//4816
f 5272//5272 5271//5271 5233//5233
f 764//764 3778//3778 799//799
f 1066//1066 5061//5061 4149//4149
f 3622//3622 3700//3700 2361//2361
f 3596//3596 3549//3549 3513//3513
f 3265//3265 1094//1094 3627//3627
f 869//869 718//718 3686//3686
f 3766//3766 573//573 3782//3782
f 577//577 660//660 3786//3786
f 3582//3582 3744//3744 2836//2836
f 3742//3742 3741//3741 3712//3712
f 3694//3694 3742//3742 3712//3712
f 3951//3951 3584//3584 3610//3610
f 3836//3836 3857//3857 3856//3856
f 3727//3727 555//555 3567//3567
f 3567//3567 555//555 3853//3853
f 3624//3624 3646//3646 439//439
f 3659//3659 3702//3702 3624//3624
f 3705//3705 3659//3659 3624//3624
f 132//132 330//330 3681//3681
f 3878//3878 3534//3534 1567//1567
f 788//788 5922//5922 3047//3047
f 746//746 1513//1513 2479//2479
f 2891//2891 4645//4645 4659//4659
f 3504//3504 3563//3563 3562//3562
f 3563//3563 3586//3586 3562//3562
f 3562//3562 3586//3586 3614//3614
f 810//810 809//809 771//771
f 1311//1311 330//330 132//132
f 3478//3478 5652//5652 3457//3457
f 3835//3835 3836//3836 3856//3856
f 3732//3732 542//542 3765//3765
f 4823//4823 947//947 1063//1063
f 4816//4816 4823//4823 1063//1063
f 5925//5925 5928//5928 5941//5941
f 4748//4748 4859//4859 4880//4880
f 5240//5240 5272//5272 5233//5233
f 4813//4813 4814//4814 3363//3363
f 4814//4814 3872//3872 3363//3363
f 2583//2583 4902//4902 1702//1702
f 785//785 2583//2583 1702//1702
f 4874//4874 3653//3653 2491//2491
f 471//471 4651//4651 3879//3879
f 3856//3856 3757//3757 3863//3863
f 409//409 1412//1412 874//874
f 3695//3695 1393//1393 3655//3655
f 3699//3699 3508//3508 2216//2216
f 947//947 4152//4152 1743//1743
f 3594//3594 1591//1591 3566//3566
f 244//244 3594//3594 3791//3791
f 3570//3570 244//244 3791//3791
f 3624//3624 439//439 3705//3705
f 4953//4953 4954//4954 4984//4984
f 3717//3717 1487//1487 3635//3635
f 3451//3451 4979//4979 3861//3861
f 3504//3504 3564//3564 3563//3563
f 3563//3563 3564//3564 3586//3586
f 3614//3614 3662//3662 3638//3638
f 3638//3638 3662//3662 3691//3691
f 3691//3691 4059//4059 3710//3710
f 3526//3526 3525//3525 3465//3465
f 4148//4148 3749//3749 5276//5276
f 3214//3214 2549//2549 1577//1577
f 3919//3919 3922//3922 3936//3936
f 4743//4743 4744//4744 4865//4865
f 3622//3622 3606//3606 3605//3605
f 3606//3606 3593//3593 3592//3592
f 3605//3605 3606//3606 3592//3592
f 3593//3593 3556//3556 3678//3678
f 3592//3592 3593//3593 3678//3678
f 3556//3556 3650//3650 3596//3596
f 3678//3678 3556//3556 3596//3596
f 3650//3650 3553//3553 3549//3549
f 3596//3596 3650//3650 3549//3549
f 3736//3736 3621//3621 3549//3549
f 3553//3553 3736//3736 3549//3549
f 5715//5715 5725//5725 5687//5687
f 373//373 3704//3704 3676//3676
f 3802//3802 3803//3803 3835//3835
f 718//718 869//869 760//760
f 2989//2989 3506//3506 3465//3465
f 3782//3782 3800//3800 771//771
f 958//958 1001//1001 881//881
f 3741//3741 3742//3742 3759//3759
f 3789//3789 1881//1881 1785//1785
f 3685//3685 3687//3687 4026//4026
f 3667//3667 3705//3705 3607//3607
f 3681//3681 3626//3626 3658//3658
f 3717//3717 3604//3604 1487//1487
f 3833//3833 3834//3834 3855//3855
f 3707//3707 1393//1393 3651//3651
f 3659//3659 559//559 643//643
f 3504//3504 3521//3521 3564//3564
f 3586//3586 3564//3564 3614//3614
f 3614//3614 3639//3639 3662//3662
f 3662//3662 3639//3639 3691//3691
f 3711//3711 3739//3739 3691//3691
f 3506//3506 3526//3526 3465//3465
f 3544//3544 3545//3545 3599//3599
f 3532//3532 3533//3533 3628//3628
f 5725//5725 5762//5762 5744//5744
f 3363//3363 3872//3872 2698//2698
f 3872//3872 5275//5275 2698//2698
f 5280//5280 997//997 5279//5279
f 3153//3153 4110//4110 4111//4111
f 5439//5439 2567//2567 2566//2566
f 3750//3750 3497//3497 3606//3606
f 3622//3622 3750//3750 3606//3606
f 3736//3736 1218//1218 3621//3621
f 1218//1218 3747//3747 3627//3627
f 3621//3621 1218//1218 3627//3627
f 3627//3627 3747//3747 3033//3033
f 332//332 3745//3745 1348//1348
f 3745//3745 3657//3657 1348//1348
f 3961//3961 3944//3944 3945//3945
f 3657//3657 3706//3706 1348//1348
f 1199//1199 3708//3708 1198//1198
f 3731//3731 3746//3746 539//539
f 5036//5036 5035//5035 4989//4989
f 3724//3724 3667//3667 3607//3607
f 3813//3813 3659//3659 3705//3705
f 3667//3667 3813//3813 3705//3705
f 1686//1686 3212//3212 3187//3187
f 3532//3532 3628//3628 1236//1236
f 873//873 3589//3589 3533//3533
f 3505//3505 3504//3504 3457//3457
f 3479//3479 3505//3505 3457//3457
f 3505//3505 3521//3521 3504//3504
f 3564//3564 3615//3615 3614//3614
f 3614//3614 3615//3615 3639//3639
f 3639//3639 3692//3692 3691//3691
f 3692//3692 3711//3711 3691//3691
f 5231//5231 5268//5268 5239//5239
f 5326//5326 5342//5342 5341//5341
f 5022//5022 2551//2551 954//954
f 3922//3922 3920//3920 4754//4754
f 4367//4367 4368//4368 4388//4388
f 3497//3497 3689//3689 3593//3593
f 3606//3606 3497//3497 3593//3593
f 723//723 1218//1218 3736//3736
f 3553//3553 723//723 3736//3736
f 2486//2486 3747//3747 1218//1218
f 3857//3857 3616//3616 3856//3856
f 3876//3876 3533//3533 3532//3532
f 3669//3669 3651//3651 3695//3695
f 3542//3542 3669//3669 3695//3695
f 5537//5537 5590//5590 5556//5556
f 3580//3580 3398//3398 2959//2959
f 3706//3706 3580//3580 2959//2959
f 3580//3580 3631//3631 3398//3398
f 2758//2758 2836//2836 332//332
f 3581//3581 3580//3580 3763//3763
f 3633//3633 3607//3607 3541//3541
f 3633//3633 3567//3567 3607//3607
f 3567//3567 3724//3724 3607//3607
f 559//559 3659//3659 3813//3813
f 574//574 506//506 575//575
f 661//661 704//704 734//734
f 3801//3801 3834//3834 3833//3833
f 4756//4756 4757//4757 4778//4778
f 3680//3680 3270//3270 3212//3212
f 3629//3629 3511//3511 790//790
f 256//256 345//345 255//255
f 3639//3639 3693//3693 3692//3692
f 3692//3692 3693//3693 3711//3711
f 1783//1783 3016//3016 4517//4517
f 3858//3858 4205//4205 1461//1461
f 5160//5160 5159//5159 5135//5135
f 3450//3450 226//226 3808//3808
f 2748//2748 2657//2657 5295//5295
f 3689//3689 3652//3652 3556//3556
f 3593//3593 3689//3689 3556//3556
f 3733//3733 3650//3650 3556//3556
f 3652//3652 3733//3733 3556//3556
f 723//723 3553//3553 3650//3650
f 3733//3733 723//723 3650//3650
f 1706//1706 1707//1707 2490//2490
f 3619//3619 3696//3696 3657//3657
f 3745//3745 3619//3619 3657//3657
f 3550//3550 3706//3706 3657//3657
f 3696//3696 3550//3550 3657//3657
f 3550//3550 3580//3580 3706//3706
f 3673//3673 3571//3571 3631//3631
f 3580//3580 3673//3673 3631//3631
f 3673//3673 1160//1160 3571//3571
f 3567//3567 3633//3633 3541//3541
f 3567//3567 3667//3667 3724//3724
f 3667//3667 982//982 3813//3813
f 3813//3813 982//982 559//559
f 3044//3044 3852//3852 339//339
f 1046//1046 3680//3680 3212//3212
f 3647//3647 3591//3591 3648//3648
f 1420//1420 3635//3635 1487//1487
f 1150//1150 3616//3616 1036//1036
f 3521//3521 3505//3505 3564//3564
f 3564//3564 3587//3587 3615//3615
f 3615//3615 3663//3663 3639//3639
f 3663//3663 3693//3693 3639//3639
f 3693//3693 3740//3740 3739//3739
f 3711//3711 3693//3693 3739//3739
f 3739//3739 3740//3740 3758//3758
f 5879//5879 1807//1807 1809//1809
f 1701//1701 4515//4515 3810//3810
f 909//909 1746//1746 878//878
f 5763//5763 5799//5799 5762//5762
f 2760//2760 5977//5977 5931//5931
f 3486//3486 3671//3671 3689//3689
f 3497//3497 3486//3486 3689//3689
f 3755//3755 3652//3652 3689//3689
f 3671//3671 3755//3755 3689//3689
f 3755//3755 3733//3733 3652//3652
f 3686//3686 718//718 630//630
f 4512//4512 5307//5307 5299//5299
f 4230//4230 4105//4105 2756//2756
f 3789//3789 1701//1701 3810//3810
f 3793//3793 1160//1160 3673//3673
f 3529//3529 3541//3541 1160//1160
f 3793//3793 3529//3529 1160//1160
f 3529//3529 3567//3567 3541//3541
f 3643//3643 3667//3667 3567//3567
f 3643//3643 3776//3776 3667//3667
f 3667//3667 3776//3776 982//982
f 5920//5920 5948//5948 5935//5935
f 965//965 3857//3857 842//842
f 614//614 539//539 3746//3746
f 3599//3599 3625//3625 3675//3675
f 3602//3602 3644//3644 3542//3542
f 3534//3534 1568//1568 1567//1567
f 294//294 417//417 416//416
f 3276//3276 3645//3645 3680//3680
f 1046//1046 3276//3276 3680//3680
f 1568//1568 1569//1569 1611//1611
f 3505//3505 3565//3565 3564//3564
f 3564//3564 3565//3565 3587//3587
f 3615//3615 3640//3640 3663//3663
f 3740//3740 687//687 3758//3758
f 3750//3750 3486//3486 3497//3497
f 3755//3755 3683//3683 3733//3733
f 3570//3570 723//723 3733//3733
f 3683//3683 3570//3570 3733//3733
f 3570//3570 3791//3791 1218//1218
f 723//723 3570//3570 1218//1218
f 3744//3744 3617//3617 3696//3696
f 3619//3619 3744//3744 3696//3696
f 3617//3617 3618//3618 3696//3696
f 3696//3696 3618//3618 3550//3550
f 3576//3576 3529//3529 3793//3793
f 3530//3530 3576//3576 3793//3793
f 3576//3576 3567//3567 3529//3529
f 3567//3567 3515//3515 3643//3643
f 3643//3643 3515//3515 3776//3776
f 3776//3776 3515//3515 982//982
f 2792//2792 2690//2690 2791//2791
f 3730//3730 3534//3534 3723//3723
f 3494//3494 3548//3548 3547//3547
f 3874//3874 3616//3616 3757//3757
f 2947//2947 3545//3545 3544//3544
f 120//120 685//685 119//119
f 1046//1046 1047//1047 3276//3276
f 408//408 3737//3737 3276//3276
f 408//408 685//685 3737//3737
f 3767//3767 576//576 577//577
f 3616//3616 1150//1150 3665//3665
f 3663//3663 3640//3640 3693//3693
f 3712//3712 3741//3741 3740//3740
f 3693//3693 3712//3712 3740//3740
f 3741//3741 3759//3759 687//687
f 3740//3740 3741//3741 687//687
f 5928//5928 2355//2355 5932//5932
f 2777//2777 4918//4918 2831//2831
f 1746//1746 1818//1818 878//878
f 1881//1881 3789//3789 3810//3810
f 3636//3636 3508//3508 3750//3750
f 3516//3516 3486//3486 3750//3750
f 3508//3508 3516//3516 3750//3750
f 3791//3791 3594//3594 1218//1218
f 3594//3594 3566//3566 2486//2486
f 1218//1218 3594//3594 2486//2486
f 3694//3694 3712//3712 3693//3693
f 1701//1701 3789//3789 1785//1785
f 3763//3763 3580//3580 3550//3550
f 3618//3618 3763//3763 3550//3550
f 3530//3530 3793//3793 3673//3673
f 3842//3842 3530//3530 3673//3673
f 3727//3727 3567//3567 3576//3576
f 3567//3567 3853//3853 3515//3515
f 2080//2080 2561//2561 1307//1307
f 43//43 2645//2645 3382//3382
f 5503//5503 5467//5467 5521//5521
f 2771//2771 2400//2400 4155//4155
f 4449//4449 2956//2956 2925//2925
f 1327//1327 219//219 1091//1091
f 2770//2770 2771//2771 4155//4155
f 4686//4686 4675//4675 4707//4707
f 4101//4101 4901//4901 4076//4076
f 3904//3904 4232//4232 2080//2080
f 1297//1297 3905//3905 3904//3904
f 3350//3350 3904//3904 1540//1540
f 3905//3905 2882//2882 4232//4232
f 3904//3904 3905//3905 4232//4232
f 1300//1300 2943//2943 1059//1059
f 1511//1511 1297//1297 2916//2916
f 1297//1297 1511//1511 3905//3905
f 1300//1300 2401//2401 2943//2943
f 3433//3433 2475//2475 360//360
f 2610//2610 4750//4750 2591//2591
f 673//673 2916//2916 4180//4180
f 2968//2968 673//673 4180//4180
f 281//281 1511//1511 2916//2916
f 673//673 281//281 2916//2916
f 281//281 470//470 3905//3905
f 1511//1511 281//281 3905//3905
f 470//470 3912//3912 2882//2882
f 3905//3905 470//470 2882//2882
f 3912//3912 1087//1087 1300//1300
f 2882//2882 3912//3912 1300//1300
f 1300//1300 1087//1087 2401//2401
f 1087//1087 2149//2149 2943//2943
f 2401//2401 1087//1087 2943//2943
f 1295//1295 2883//2883 2577//2577
f 3912//3912 2644//2644 1087//1087
f 1087//1087 2469//2469 2149//2149
f 3806//3806 2982//2982 3821//3821
f 470//470 2644//2644 3912//3912
f 2428//2428 5919//5919 5946//5946
f 1186//1186 2968//2968 3063//3063
f 2915//2915 1186//1186 3063//3063
f 2957//2957 673//673 2968//2968
f 1186//1186 2957//2957 2968//2968
f 2957//2957 4206//4206 281//281
f 673//673 2957//2957 281//281
f 4206//4206 3938//3938 470//470
f 281//281 4206//4206 470//470
f 3938//3938 3906//3906 470//470
f 3906//3906 1434//1434 2644//2644
f 470//470 3906//3906 2644//2644
f 1434//1434 2353//2353 1087//1087
f 2644//2644 1434//1434 1087//1087
f 1087//1087 2353//2353 2469//2469
f 2353//2353 3169//3169 2469//2469
f 3157//3157 2149//2149 3169//3169
f 3078//3078 3906//3906 3938//3938
f 4206//4206 3078//3078 3938//3938
f 3911//3911 855//855 2353//2353
f 1434//1434 3911//3911 2353//2353
f 3742//3742 3042//3042 3759//3759
f 2966//2966 4294//4294 2915//2915
f 3108//3108 1186//1186 2915//2915
f 4294//4294 3108//3108 2915//2915
f 4133//4133 2957//2957 1186//1186
f 3108//3108 4133//4133 1186//1186
f 4133//4133 152//152 4206//4206
f 2957//2957 4133//4133 4206//4206
f 4206//4206 152//152 3078//3078
f 152//152 3907//3907 3906//3906
f 3078//3078 152//152 3906//3906
f 3906//3906 3911//3911 1434//1434
f 4015//4015 988//988 855//855
f 3911//3911 4015//4015 855//855
f 2966//2966 3108//3108 4294//4294
f 4133//4133 3083//3083 152//152
f 3907//3907 4015//4015 3911//3911
f 3906//3906 3907//3907 3911//3911
f 4015//4015 3577//3577 988//988
f 2863//2863 401//401 402//402
f 3037//3037 2692//2692 4009//4009
f 3925//3925 3108//3108 2966//2966
f 3108//3108 3925//3925 4133//4133
f 4133//4133 3925//3925 3083//3083
f 3907//3907 4195//4195 4015//4015
f 4069//4069 4068//4068 4034//4034
f 3161//3161 3365//3365 4948//4948
f 4195//4195 3577//3577 4015//4015
f 4016//4016 3037//3037 4009//4009
f 3282//3282 2966//2966 3161//3161
f 3162//3162 3282//3282 3161//3161
f 2405//2405 3925//3925 2966//2966
f 3282//3282 2405//2405 2966//2966
f 2405//2405 1173//1173 3083//3083
f 3925//3925 2405//2405 3083//3083
f 1173//1173 4062//4062 152//152
f 3083//3083 1173//1173 152//152
f 4062//4062 4014//4014 3907//3907
f 152//152 4062//4062 3907//3907
f 4014//4014 4043//4043 3907//3907
f 4043//4043 3910//3910 4195//4195
f 3907//3907 4043//4043 4195//4195
f 3910//3910 3738//3738 3577//3577
f 4195//4195 3910//3910 3577//3577
f 5937//5937 5943//5943 2156//2156
f 4062//4062 4043//4043 4014//4014
f 3565//3565 3505//3505 3522//3522
f 1432//1432 1013//1013 439//439
f 643//643 26//26 280//280
f 4901//4901 4115//4115 4114//4114
f 3850//3850 2583//2583 1705//1705
f 2761//2761 3282//3282 3162//3162
f 3735//3735 2761//2761 3162//3162
f 1367//1367 2405//2405 3282//3282
f 2761//2761 1367//1367 3282//3282
f 1367//1367 3924//3924 1173//1173
f 2405//2405 1367//1367 1173//1173
f 3924//3924 4027//4027 4062//4062
f 1173//1173 3924//3924 4062//4062
f 4027//4027 3932//3932 4062//4062
f 3932//3932 4260//4260 4043//4043
f 4062//4062 3932//3932 4043//4043
f 4260//4260 619//619 3910//3910
f 4043//4043 4260//4260 3910//3910
f 3910//3910 619//619 3738//3738
f 3932//3932 619//619 4260//4260
f 4041//4041 447//447 495//495
f 619//619 645//645 3738//3738
f 102//102 1018//1018 3914//3914
f 3924//3924 3932//3932 4027//4027
f 3631//3631 3571//3571 4016//4016
f 4031//4031 4048//4048 4047//4047
f 2441//2441 2278//2278 1286//1286
f 2692//2692 1432//1432 3005//3005
f 2583//2583 785//785 1705//1705
f 3788//3788 4097//4097 3735//3735
f 3932//3932 4352//4352 619//619
f 3276//3276 1172//1172 3645//3645
f 4059//4059 3691//3691 3739//3739
f 3417//3417 1541//1541 1286//1286
f 4097//4097 3933//3933 3735//3735
f 3331//3331 2761//2761 3735//3735
f 3933//3933 3331//3331 3735//3735
f 3331//3331 4085//4085 1367//1367
f 2761//2761 3331//3331 1367//1367
f 4085//4085 2048//2048 3924//3924
f 1367//1367 4085//4085 3924//3924
f 2048//2048 1170//1170 3924//3924
f 1170//1170 2987//2987 3932//3932
f 3924//3924 1170//1170 3932//3932
f 2987//2987 3995//3995 4352//4352
f 3932//3932 2987//2987 4352//4352
f 3995//3995 596//596 619//619
f 4352//4352 3995//3995 619//619
f 3398//3398 3631//3631 3915//3915
f 4016//4016 3571//3571 3037//3037
f 248//248 199//199 249//249
f 2725//2725 641//641 4596//4596
f 4707//4707 2857//2857 4460//4460
f 4410//4410 2639//2639 2835//2835
f 367//367 1100//1100 690//690
f 3114//3114 5956//5956 2694//2694
f 4113//4113 4087//4087 2808//2808
f 3274//3274 4502//4502 4497//4497
f 5791//5791 3703//3703 3622//3622
f 4368//4368 4389//4389 4388//4388
f 1541//1541 24//24 1286//1286
f 3861//3861 4979//4979 4486//4486
f 1170//1170 3995//3995 2987//2987
f 3523//3523 3524//3524 3976//3976
f 4596//4596 641//641 4384//4384
f 641//641 4385//4385 4384//4384
f 5838//5838 5837//5837 5799//5799
f 4558//4558 3166//3166 196//196
f 4264//4264 4296//4296 4295//4295
f 4296//4296 4297//4297 4295//4295
f 4322//4322 4295//4295 4297//4297
f 4297//4297 4323//4323 4322//4322
f 4368//4368 4322//4322 4323//4323
f 4323//4323 4369//4369 4368//4368
f 4390//4390 4389//4389 4368//4368
f 4369//4369 4390//4390 4368//4368
f 4390//4390 4388//4388 4389//4389
f 4434//4434 4433//4433 4388//4388
f 4390//4390 4434//4434 4388//4388
f 4434//4434 4441//4441 4433//4433
f 4472//4472 4589//4589 4000//4000
f 1366//1366 1541//1541 3417//3417
f 3623//3623 2209//2209 3933//3933
f 4097//4097 3623//3623 3933//3933
f 2942//2942 3331//3331 3933//3933
f 2209//2209 2942//2942 3933//3933
f 2942//2942 3930//3930 4085//4085
f 3331//3331 2942//2942 4085//4085
f 3930//3930 3994//3994 2048//2048
f 4085//4085 3930//3930 2048//2048
f 3994//3994 1271//1271 1170//1170
f 2048//2048 3994//3994 1170//1170
f 1271//1271 4026//4026 3995//3995
f 1170//1170 1271//1271 3995//3995
f 4026//4026 3687//3687 596//596
f 3995//3995 4026//4026 596//596
f 4492//4492 4470//4470 4304//4304
f 4672//4672 4686//4686 4671//4671
f 4686//4686 4706//4706 4705//4705
f 4671//4671 4686//4686 4705//4705
f 4702//4702 4717//4717 4579//4579
f 4264//4264 4297//4297 4296//4296
f 4434//4434 469//469 4441//4441
f 797//797 4487//4487 469//469
f 3623//3623 3720//3720 2209//2209
f 3930//3930 1271//1271 3994//3994
f 1271//1271 3109//3109 4026//4026
f 2798//2798 4510//4510 4304//4304
f 4706//4706 4460//4460 4074//4074
f 4705//4705 4706//4706 4074//4074
f 4664//4664 4545//4545 4480//4480
f 4210//4210 4183//4183 4184//4184
f 4184//4184 4211//4211 4210//4210
f 4264//4264 4280//4280 4297//4297
f 1011//1011 3281//3281 1366//1366
f 1131//1131 2864//2864 2315//2315
f 3720//3720 1522//1522 2209//2209
f 2679//2679 4466//4466 3468//3468
f 4138//4138 4185//4185 4184//4184
f 4153//4153 4138//4138 4184//4184
f 4185//4185 4212//4212 4211//4211
f 4184//4184 4185//4185 4211//4211
f 4212//4212 4243//4243 4211//4211
f 4243//4243 4244//4244 4264//4264
f 4211//4211 4243//4243 4264//4264
f 4264//4264 4244//4244 4280//4280
f 4244//4244 4298//4298 4297//4297
f 4280//4280 4244//4244 4297//4297
f 4298//4298 4324//4324 4323//4323
f 4297//4297 4298//4298 4323//4323
f 4324//4324 4370//4370 4369//4369
f 4323//4323 4324//4324 4369//4369
f 4391//4391 4390//4390 4369//4369
f 4370//4370 4391//4391 4369//4369
f 4415//4415 4434//4434 4390//4390
f 4391//4391 4415//4415 4390//4390
f 1351//1351 469//469 4434//4434
f 4415//4415 1351//1351 4434//4434
f 1351//1351 2114//2114 469//469
f 2114//2114 371//371 469//469
f 3930//3930 4042//4042 1271//1271
f 3016//3016 3823//3823 4517//4517
f 2477//2477 681//681 2429//2429
f 4510//4510 2798//2798 2815//2815
f 4153//4153 4137//4137 4138//4138
f 4212//4212 4244//4244 4243//4243
f 4325//4325 4371//4371 4370//4370
f 4324//4324 4325//4325 4370//4370
f 4392//4392 4391//4391 4370//4370
f 4371//4371 4392//4392 4370//4370
f 402//402 722//722 828//828
f 4025//4025 3729//3729 4061//4061
f 4759//4759 3670//3670 943//943
f 3955//3955 2209//2209 1522//1522
f 3955//3955 4129//4129 2209//2209
f 3018//3018 2942//2942 2209//2209
f 4129//4129 3018//3018 2209//2209
f 3018//3018 3222//3222 3930//3930
f 2942//2942 3018//3018 3930//3930
f 3222//3222 4002//4002 4042//4042
f 3930//3930 3222//3222 4042//4042
f 4002//4002 3923//3923 4042//4042
f 3923//3923 3942//3942 1271//1271
f 4042//4042 3923//3923 1271//1271
f 1271//1271 3942//3942 3109//3109
f 3942//3942 3685//3685 4026//4026
f 3109//3109 3942//3942 4026//4026
f 1197//1197 2207//2207 763//763
f 791//791 3281//3281 1011//1011
f 3281//3281 1541//1541 1366//1366
f 1439//1439 791//791 1168//1168
f 1704//1704 3016//3016 1783//1783
f 2033//2033 4510//4510 2815//2815
f 4460//4460 3104//3104 3129//3129
f 4510//4510 4492//4492 4304//4304
f 4074//4074 4460//4460 3129//3129
f 4114//4114 4115//4115 4138//4138
f 4185//4185 4213//4213 4212//4212
f 4212//4212 4213//4213 4244//4244
f 4392//4392 4415//4415 4391//4391
f 2207//2207 1166//1166 763//763
f 3822//3822 1704//1704 1783//1783
f 3018//3018 4002//4002 3222//3222
f 3769//3769 3578//3578 4365//4365
f 5241//5241 3102//3102 4173//4173
f 2881//2881 3566//3566 1591//1591
f 1168//1168 791//791 1011//1011
f 4038//4038 4037//4037 3330//3330
f 2313//2313 1439//1439 1168//1168
f 3641//3641 1439//1439 4428//4428
f 681//681 2529//2529 2429//2429
f 3104//3104 4000//4000 2652//2652
f 3129//3129 3104//3104 2652//2652
f 4185//4185 4199//4199 4213//4213
f 4298//4298 4325//4325 4324//4324
f 4416//4416 4415//4415 4392//4392
f 371//371 2114//2114 1351//1351
f 1439//1439 2313//2313 4428//4428
f 1701//1701 43//43 135//135
f 1018//1018 3915//3915 3914//3914
f 3891//3891 3917//3917 3890//3890
f 4000//4000 4589//4589 4641//4641
f 3917//3917 3945//3945 3934//3934
f 1490//1490 829//829 450//450
f 3539//3539 3974//3974 3957//3957
f 4641//4641 4589//4589 3395//3395
f 4076//4076 4116//4116 4115//4115
f 4116//4116 4139//4139 4138//4138
f 4115//4115 4116//4116 4138//4138
f 4139//4139 4163//4163 4185//4185
f 4138//4138 4139//4139 4185//4185
f 4163//4163 4164//4164 4199//4199
f 4185//4185 4163//4163 4199//4199
f 4164//4164 4214//4214 4213//4213
f 4199//4199 4164//4164 4213//4213
f 4214//4214 4245//4245 4244//4244
f 4213//4213 4214//4214 4244//4244
f 4245//4245 4299//4299 4298//4298
f 4244//4244 4245//4245 4298//4298
f 4299//4299 4300//4300 4298//4298
f 4300//4300 4326//4326 4325//4325
f 4298//4298 4300//4300 4325//4325
f 4326//4326 4354//4354 4325//4325
f 4354//4354 4371//4371 4325//4325
f 4354//4354 4393//4393 4392//4392
f 4371//4371 4354//4354 4392//4392
f 4417//4417 4416//4416 4392//4392
f 4393//4393 4417//4417 4392//4392
f 4435//4435 4415//4415 4416//4416
f 4417//4417 4435//4435 4416//4416
f 359//359 1351//1351 4415//4415
f 4435//4435 359//359 4415//4415
f 1751//1751 371//371 1351//1351
f 1751//1751 1316//1316 371//371
f 3682//3682 3508//3508 3636//3636
f 2977//2977 3954//3954 3955//3955
f 3787//3787 2977//2977 3955//3955
f 4312//4312 4129//4129 3955//3955
f 3954//3954 4312//4312 3955//3955
f 853//853 3018//3018 4129//4129
f 4312//4312 853//853 4129//4129
f 853//853 3333//3333 3018//3018
f 3333//3333 3008//3008 4002//4002
f 3018//3018 3333//3333 4002//4002
f 3008//3008 868//868 3923//3923
f 4002//4002 3008//3008 3923//3923
f 3923//3923 868//868 3942//3942
f 868//868 3679//3679 3685//3685
f 3942//3942 868//868 3685//3685
f 4171//4171 4464//4464 4552//4552
f 4464//4464 2849//2849 4147//4147
f 4552//4552 4464//4464 4147//4147
f 4592//4592 5307//5307 4512//4512
f 4071//4071 2760//2760 3115//3115
f 3242//3242 930//930 564//564
f 4413//4413 3641//3641 4412//4412
f 4151//4151 2883//2883 4472//4472
f 2033//2033 2815//2815 4472//4472
f 4598//4598 2033//2033 4472//4472
f 4101//4101 4076//4076 4115//4115
f 4245//4245 4300//4300 4299//4299
f 2883//2883 4598//4598 4472//4472
f 4036//4036 4313//4313 4302//4302
f 2879//2879 1191//1191 1094//1094
f 4033//4033 3981//3981 4499//4499
f 853//853 4312//4312 3954//3954
f 1197//1197 344//344 2207//2207
f 2849//2849 3749//3749 4148//4148
f 2793//2793 2805//2805 2969//2969
f 2794//2794 4029//4029 4501//4501
f 249//249 294//294 293//293
f 4365//4365 3590//3590 4364//4364
f 4147//4147 2849//2849 4148//4148
f 4248//4248 5145//5145 4301//4301
f 2617//2617 2577//2577 4151//4151
f 4139//4139 4164//4164 4163//4163
f 2577//2577 2883//2883 4151//4151
f 3749//3749 4148//4148 3251//3251
f 3333//3333 853//853 3954//3954
f 3008//3008 2852//2852 868//868
f 2959//2959 3398//3398 1018//1018
f 4632//4632 1326//1326 2539//2539
f 1295//1295 2577//2577 2617//2617
f 2857//2857 1295//1295 2617//2617
f 656//656 1314//1314 621//621
f 4172//4172 997//997 4632//4632
f 3892//3892 3891//3891 3881//3881
f 3892//3892 3917//3917 3891//3891
f 3946//3946 3945//3945 3917//3917
f 3892//3892 3946//3946 3917//3917
f 3946//3946 3979//3979 3945//3945
f 3946//3946 3126//3126 3979//3979
f 4413//4413 4412//4412 4408//4408
f 4037//4037 4038//4038 4240//4240
f 3590//3590 4413//4413 4408//4408
f 4523//4523 4053//4053 2530//2530
f 4531//4531 4565//4565 4494//4494
f 296//296 650//650 702//702
f 4077//4077 4117//4117 4116//4116
f 4076//4076 4077//4077 4116//4116
f 4117//4117 4140//4140 4139//4139
f 4116//4116 4117//4117 4139//4139
f 4140//4140 4141//4141 4139//4139
f 4141//4141 4165//4165 4164//4164
f 4139//4139 4141//4141 4164//4164
f 4165//4165 4215//4215 4214//4214
f 4164//4164 4165//4165 4214//4214
f 4215//4215 4246//4246 4245//4245
f 4214//4214 4215//4215 4245//4245
f 4246//4246 4247//4247 4245//4245
f 4247//4247 4301//4301 4300//4300
f 4245//4245 4247//4247 4300//4300
f 4301//4301 4327//4327 4326//4326
f 4300//4300 4301//4301 4326//4326
f 4327//4327 4355//4355 4354//4354
f 4326//4326 4327//4327 4354//4354
f 4354//4354 4355//4355 4393//4393
f 4393//4393 4394//4394 4417//4417
f 4305//4305 956//956 4311//4311
f 4617//4617 4878//4878 4877//4877
f 4707//4707 4718//4718 2857//2857
f 3590//3590 4408//4408 4364//4364
f 3947//3947 3946//3946 3892//3892
f 3980//3980 3126//3126 3946//3946
f 1312//1312 5752//5752 1327//1327
f 3641//3641 4428//4428 4412//4412
f 4048//4048 4077//4077 4065//4065
f 4078//4078 4118//4118 4117//4117
f 4077//4077 4078//4078 4117//4117
f 4118//4118 4141//4141 4140//4140
f 4117//4117 4118//4118 4140//4140
f 4476//4476 2267//2267 1873//1873
f 4654//4654 196//196 2805//2805
f 2793//2793 4654//4654 2805//2805
f 4717//4717 1350//1350 4579//4579
f 5450//5450 5466//5466 5465//5465
f 4008//4008 4234//4234 3086//3086
f 4234//4234 4208//4208 2977//2977
f 3086//3086 4234//4234 2977//2977
f 4208//4208 2659//2659 3954//3954
f 2977//2977 4208//4208 3954//3954
f 4181//4181 3333//3333 3954//3954
f 2659//2659 4181//4181 3954//3954
f 4181//4181 3149//3149 3008//3008
f 3333//3333 4181//4181 3008//3008
f 3149//3149 3080//3080 2852//2852
f 3008//3008 3149//3149 2852//2852
f 3080//3080 1542//1542 868//868
f 2852//2852 3080//3080 868//868
f 4250//4250 4223//4223 4251//4251
f 3825//3825 141//141 1542//1542
f 3762//3762 3761//3761 4061//4061
f 903//903 4130//4130 4112//4112
f 903//903 2990//2990 1824//1824
f 3947//3947 3980//3980 3946//3946
f 4078//4078 4077//4077 4048//4048
f 5412//5412 5450//5450 5449//5449
f 4181//4181 3080//3080 3149//3149
f 1912//1912 793//793 2565//2565
f 2967//2967 4619//4619 4729//4729
f 3088//3088 571//571 366//366
f 35//35 3088//3088 366//366
f 2984//2984 3985//3985 2635//2635
f 4387//4387 2990//2990 903//903
f 3883//3883 3893//3893 3892//3892
f 3948//3948 3947//3947 3892//3892
f 3893//3893 3948//3948 3892//3892
f 3981//3981 3980//3980 3947//3947
f 3948//3948 3981//3981 3947//3947
f 4031//4031 4032//4032 4049//4049
f 4049//4049 4048//4048 4031//4031
f 4215//4215 4247//4247 4246//4246
f 4327//4327 4301//4301 5191//5191
f 4472//4472 2815//2815 2707//2707
f 4349//4349 4365//4365 4342//4342
f 4365//4365 4364//4364 4342//4342
f 5926//5926 4934//4934 5944//5944
f 3597//3597 26//26 339//339
f 3929//3929 3481//3481 3539//3539
f 4008//4008 4208//4208 4234//4234
f 3276//3276 3737//3737 1172//1172
f 3992//3992 4025//4025 3972//3972
f 4196//4196 2928//2928 4310//4310
f 177//177 3303//3303 3110//3110
f 2855//2855 4196//4196 4310//4310
f 4387//4387 4409//4409 2990//2990
f 3982//3982 3981//3981 3948//3948
f 4033//4033 4049//4049 4032//4032
f 4066//4066 4048//4048 4049//4049
f 4079//4079 4078//4078 4048//4048
f 4066//4066 4079//4079 4048//4048
f 4079//4079 4102//4102 4078//4078
f 4078//4078 4102//4102 4118//4118
f 4102//4102 4142//4142 4141//4141
f 4118//4118 4102//4102 4141//4141
f 4142//4142 4166//4166 4165//4165
f 4141//4141 4142//4142 4165//4165
f 4166//4166 4216//4216 4215//4215
f 4165//4165 4166//4166 4215//4215
f 4216//4216 4217//4217 4215//4215
f 4217//4217 4248//4248 4247//4247
f 4215//4215 4217//4217 4247//4247
f 685//685 81//81 535//535
f 3972//3972 4024//4024 3991//3991
f 4024//4024 4061//4061 4040//4040
f 2509//2509 4197//4197 4208//4208
f 4008//4008 2509//2509 4208//4208
f 4197//4197 4261//4261 2659//2659
f 4208//4208 4197//4197 2659//2659
f 3240//3240 4181//4181 2659//2659
f 4261//4261 3240//3240 2659//2659
f 3240//3240 934//934 4181//4181
f 934//934 2531//2531 3080//3080
f 4181//4181 934//934 3080//3080
f 2531//2531 3579//3579 1542//1542
f 3080//3080 2531//2531 1542//1542
f 3729//3729 3762//3762 4061//4061
f 3084//3084 1065//1065 4134//4134
f 3287//3287 903//903 1065//1065
f 3084//3084 3287//3287 1065//1065
f 3287//3287 4409//4409 903//903
f 3894//3894 3893//3893 3883//3883
f 4166//4166 4217//4217 4216//4216
f 1489//1489 2692//2692 3005//3005
f 2560//2560 5681//5681 1842//1842
f 4067//4067 4049//4049 4068//4068
f 1250//1250 3287//3287 3084//3084
f 4166//4166 4200//4200 4217//4217
f 4217//4217 4218//4218 4248//4248
f 4091//4091 4107//4107 4328//4328
f 1489//1489 3005//3005 1847//1847
f 195//195 1489//1489 1847//1847
f 2529//2529 3996//3996 3993//3993
f 3996//3996 4007//4007 4131//4131
f 2429//2429 2529//2529 3993//3993
f 4007//4007 1489//1489 195//195
f 3993//3993 3996//3996 4131//4131
f 3005//3005 479//479 1847//1847
f 4131//4131 4007//4007 195//195
f 479//479 2950//2950 1847//1847
f 3043//3043 5930//5930 1400//1400
f 2509//2509 4275//4275 4197//4197
f 2531//2531 3572//3572 3579//3579
f 3594//3594 1579//1579 1592//1592
f 3450//3450 4759//4759 226//226
f 1519//1519 3351//3351 3172//3172
f 3885//3885 3895//3895 3894//3894
f 3884//3884 3885//3885 3894//3894
f 3935//3935 3893//3893 3894//3894
f 3895//3895 3935//3935 3894//3894
f 3949//3949 3948//3948 3893//3893
f 3935//3935 3949//3949 3893//3893
f 3983//3983 3982//3982 3948//3948
f 3949//3949 3983//3983 3948//3948
f 3999//3999 3981//3981 3982//3982
f 3983//3983 3999//3999 3982//3982
f 4603//4603 3981//3981 3999//3999
f 5622//5622 5654//5654 5621//5621
f 4067//4067 4066//4066 4049//4049
f 4080//4080 4079//4079 4066//4066
f 4067//4067 4080//4080 4066//4066
f 4080//4080 4103//4103 4102//4102
f 4079//4079 4080//4080 4102//4102
f 4103//4103 4143//4143 4142//4142
f 4102//4102 4103//4103 4142//4142
f 4143//4143 4167//4167 4166//4166
f 4142//4142 4143//4143 4166//4166
f 4167//4167 4168//4168 4166//4166
f 4166//4166 4168//4168 4200//4200
f 4168//4168 4218//4218 4217//4217
f 4200//4200 4168//4168 4217//4217
f 648//648 2754//2754 3902//3902
f 2634//2634 4119//4119 2608//2608
f 4595//4595 4495//4495 3841//3841
f 4023//4023 4060//4060 4022//4022
f 3970//3970 4010//4010 3969//3969
f 4023//4023 4022//4022 3990//3990
f 4010//4010 3990//3990 3969//3969
f 3926//3926 3970//3970 3565//3565
f 1094//1094 149//149 2879//2879
f 5071//5071 5070//5070 5034//5034
f 274//274 3453//3453 830//830
f 4276//4276 3089//3089 4197//4197
f 4275//4275 4276//4276 4197//4197
f 3223//3223 4261//4261 4197//4197
f 3089//3089 3223//3223 4197//4197
f 3682//3682 2931//2931 2216//2216
f 681//681 1378//1378 2529//2529
f 949//949 276//276 1912//1912
f 3929//3929 3480//3480 3481//3481
f 4115//4115 4901//4901 4101//4101
f 3895//3895 3949//3949 3935//3935
f 4068//4068 4080//4080 4067//4067
f 135//135 1213//1213 1668//1668
f 3572//3572 2531//2531 3726//3726
f 9//9 1452//1452 91//91
f 3969//3969 3990//3990 3664//3664
f 3607//3607 3705//3705 439//439
f 3694//3694 4022//4022 3742//3742
f 4010//4010 4023//4023 3990//3990
f 4022//4022 3694//3694 3664//3664
f 3990//3990 4022//4022 3664//3664
f 4022//4022 4072//4072 3742//3742
f 3970//3970 3969//3969 3565//3565
f 3908//3908 3926//3926 3522//3522
f 5262//5262 5289//5289 4394//4394
f 3926//3926 3565//3565 3522//3522
f 720//720 3089//3089 4276//4276
f 3223//3223 3432//3432 4261//4261
f 3432//3432 944//944 3240//3240
f 4261//4261 3432//3432 3240//3240
f 3240//3240 944//944 934//934
f 944//944 3794//3794 2531//2531
f 934//934 944//944 2531//2531
f 3794//3794 3726//3726 2531//2531
f 2199//2199 1378//1378 681//681
f 488//488 3084//3084 552//552
f 2863//2863 1250//1250 3084//3084
f 488//488 2863//2863 3084//3084
f 4017//4017 4035//4035 4603//4603
f 4143//4143 4168//4168 4167//4167
f 5615//5615 5614//5614 5565//5565
f 4607//4607 4548//4548 4518//4518
f 4677//4677 4669//4669 2708//2708
f 2779//2779 4046//4046 4599//4599
f 2639//2639 3081//3081 2835//2835
f 1378//1378 102//102 2529//2529
f 4072//4072 787//787 3042//3042
f 3742//3742 4072//4072 3042//3042
f 102//102 3914//3914 4009//4009
f 3915//3915 4016//4016 4009//4009
f 5517//5517 5516//5516 5483//5483
f 720//720 3332//3332 3089//3089
f 3037//3037 1013//1013 1432//1432
f 2899//2899 4258//4258 4259//4259
f 3896//3896 3895//3895 3885//3885
f 3886//3886 3896//3896 3885//3885
f 3950//3950 3949//3949 3895//3895
f 3896//3896 3950//3950 3895//3895
f 3950//3950 3962//3962 3949//3949
f 3984//3984 3983//3983 3949//3949
f 3962//3962 3984//3984 3949//3949
f 4017//4017 3999//3999 3983//3983
f 3984//3984 4017//4017 3983//3983
f 3864//3864 3187//3187 3709//3709
f 2546//2546 5972//5972 2032//2032
f 4081//4081 4080//4080 4068//4068
f 4069//4069 4081//4081 4068//4068
f 4081//4081 4104//4104 4103//4103
f 4080//4080 4081//4081 4103//4103
f 4911//4911 4953//4953 4081//4081
f 4104//4104 4144//4144 4143//4143
f 4103//4103 4104//4104 4143//4143
f 4143//4143 4144//4144 4168//4168
f 4666//4666 4315//4315 1832//1832
f 4718//4718 1295//1295 2857//2857
f 4311//4311 4566//4566 3075//3075
f 3579//3579 3572//3572 1542//1542
f 3887//3887 2639//2639 4410//4410
f 2924//2924 2925//2925 2923//2923
f 2849//2849 3030//3030 3251//3251
f 2679//2679 4621//4621 2578//2578
f 2818//2818 1942//1942 4258//4258
f 2899//2899 2818//2818 4258//4258
f 944//944 3726//3726 3794//3794
f 3993//3993 4131//4131 195//195
f 3751//3751 3762//3762 3729//3729
f 3537//3537 4470//4470 4492//4492
f 5449//5449 5450//5450 5465//5465
f 3205//3205 2990//2990 3216//3216
f 4478//4478 2368//2368 4414//4414
f 4330//4330 4377//4377 4376//4376
f 4347//4347 4330//4330 4376//4376
f 4377//4377 4395//4395 1773//1773
f 4376//4376 4377//4377 1773//1773
f 3860//3860 1773//1773 4395//4395
f 4395//4395 4437//4437 3860//3860
f 4437//4437 3239//3239 2562//2562
f 4528//4528 4558//4558 196//196
f 3189//3189 136//136 2975//2975
f 2599//2599 1574//1574 3089//3089
f 720//720 2599//2599 3089//3089
f 1574//1574 1851//1851 3223//3223
f 3089//3089 1574//1574 3223//3223
f 1851//1851 1211//1211 3432//3432
f 3223//3223 1851//1851 3432//3432
f 1211//1211 944//944 3432//3432
f 944//944 1211//1211 3726//3726
f 703//703 488//488 2319//2319
f 703//703 2838//2838 488//488
f 2838//2838 401//401 488//488
f 3726//3726 1211//1211 1698//1698
f 79//79 3276//3276 481//481
f 2313//2313 1168//1168 1019//1019
f 2757//2757 3000//3000 3301//3301
f 4614//4614 3159//3159 4471//4471
f 1992//1992 4535//4535 4130//4130
f 5203//5203 4329//4329 4347//4347
f 4377//4377 4396//4396 4395//4395
f 4396//4396 4438//4438 4437//4437
f 4395//4395 4396//4396 4437//4437
f 4438//4438 33//33 3239//3239
f 4437//4437 4438//4438 3239//3239
f 655//655 620//620 3239//3239
f 33//33 655//655 3239//3239
f 3920//3920 3922//3922 3919//3919
f 3225//3225 1238//1238 2975//2975
f 597//597 3225//3225 2975//2975
f 136//136 597//597 2975//2975
f 136//136 3189//3189 4425//4425
f 4426//4426 136//136 4425//4425
f 2068//2068 1121//1121 3247//3247
f 1019//1019 1168//1168 1302//1302
f 4342//4342 4364//4364 4341//4341
f 204//204 2313//2313 1019//1019
f 4009//4009 2692//2692 1489//1489
f 5289//5289 4417//4417 4418//4418
f 2599//2599 4429//4429 1574//1574
f 1348//1348 1264//1264 67//67
f 4007//4007 4009//4009 1489//1489
f 4364//4364 4363//4363 4341//4341
f 1213//1213 703//703 4083//4083
f 3200//3200 865//865 4132//4132
f 4387//4387 903//903 4409//4409
f 3379//3379 4676//4676 3380//3380
f 1832//1832 4585//4585 3364//3364
f 4614//4614 4471//4471 2949//2949
f 5203//5203 4330//4330 4329//4329
f 4377//4377 4378//4378 4396//4396
f 655//655 3214//3214 620//620
f 4405//4405 4426//4426 4425//4425
f 4403//4403 4405//4405 4425//4425
f 1121//1121 979//979 3247//3247
f 3417//3417 1286//1286 3011//3011
f 3317//3317 3417//3417 3011//3011
f 1011//1011 1366//1366 1012//1012
f 1302//1302 1011//1011 1012//1012
f 1700//1700 5924//5924 5953//5953
f 3524//3524 3591//3591 3976//3976
f 4064//4064 4221//4221 4119//4119
f 2529//2529 4007//4007 3996//3996
f 4022//4022 4060//4060 4072//4072
f 1122//1122 662//662 3913//3913
f 1540//1540 1307//1307 1119//1119
f 2313//2313 204//204 4427//4427
f 4428//4428 2313//2313 4427//4427
f 3738//3738 988//988 3577//3577
f 4345//4345 4691//4691 2656//2656
f 4385//4385 2984//2984 2806//2806
f 4311//4311 3075//3075 4305//4305
f 4052//4052 4154//4154 4091//4091
f 4600//4600 4091//4091 4029//4029
f 4379//4379 4397//4397 4396//4396
f 4378//4378 4379//4379 4396//4396
f 4439//4439 4438//4438 4396//4396
f 4397//4397 4439//4439 4396//4396
f 4439//4439 1747//1747 33//33
f 4438//4438 4439//4439 33//33
f 174//174 655//655 33//33
f 1747//1747 174//174 33//33
f 2890//2890 3214//3214 655//655
f 174//174 2890//2890 655//655
f 4113//4113 2808//2808 4314//4314
f 4632//4632 997//997 1326//1326
f 4526//4526 2530//2530 4456//4456
f 3013//3013 2782//2782 2272//2272
f 3365//3365 2966//2966 2915//2915
f 2958//2958 1127//1127 4429//4429
f 2599//2599 2958//2958 4429//4429
f 1127//1127 1267//1267 1574//1574
f 4429//4429 1127//1127 1574//1574
f 3967//3967 1851//1851 1574//1574
f 1267//1267 3967//3967 1574//1574
f 3967//3967 3389//3389 1211//1211
f 1851//1851 3967//3967 1211//1211
f 4024//4024 4025//4025 4061//4061
f 1188//1188 135//135 43//43
f 3382//3382 1188//1188 43//43
f 662//662 1213//1213 135//135
f 1188//1188 662//662 135//135
f 4364//4364 4408//4408 4363//4363
f 4408//4408 4407//4407 4363//4363
f 4408//4408 4412//4412 4407//4407
f 4412//4412 4428//4428 4427//4427
f 4407//4407 4412//4412 4427//4427
f 1168//1168 1011//1011 1302//1302
f 2985//2985 2757//2757 3301//3301
f 4513//4513 3030//3030 4519//4519
f 4514//4514 2657//2657 2829//2829
f 3087//3087 1064//1064 2709//2709
f 4600//4600 4052//4052 4091//4091
f 4566//4566 4666//4666 3075//3075
f 1765//1765 2834//2834 4154//4154
f 4439//4439 391//391 1747//1747
f 4584//4584 4580//4580 2726//2726
f 2068//2068 3247//3247 1056//1056
f 1286//1286 2278//2278 3011//3011
f 3984//3984 4035//4035 4017//4017
f 1702//1702 4902//4902 3471//3471
f 4071//4071 1127//1127 2958//2958
f 3913//3913 1188//1188 3382//3382
f 1669//1669 3572//3572 3726//3726
f 4025//4025 4024//4024 3972//3972
f 1366//1366 3417//3417 3317//3317
f 1012//1012 1366//1366 3317//3317
f 863//863 2068//2068 1056//1056
f 4274//4274 1697//1697 3960//3960
f 2835//2835 3081//3081 4633//4633
f 4585//4585 2709//2709 4172//4172
f 4591//4591 4658//4658 2731//2731
f 359//359 4435//4435 4417//4417
f 4598//4598 2883//2883 2033//2033
f 4052//4052 1765//1765 4154//4154
f 4120//4120 2946//2946 4266//4266
f 4398//4398 4440//4440 4439//4439
f 4397//4397 4398//4398 4439//4439
f 4439//4439 4440//4440 391//391
f 1214//1214 174//174 1747//1747
f 391//391 1214//1214 1747//1747
f 5655//5655 5654//5654 5622//5622
f 5483//5483 5482//5482 5444//5444
f 372//372 1573//1573 3013//3013
f 173//173 9//9 127//127
f 4662//4662 4532//4532 3985//3985
f 3974//3974 3973//3973 3928//3928
f 3901//3901 3687//3687 3685//3685
f 2278//2278 936//936 3011//3011
f 1221//1221 863//863 1056//1056
f 4686//4686 4707//4707 4706//4706
f 3364//3364 4585//4585 4172//4172
f 221//221 5879//5879 1809//1809
f 4092//4092 4122//4122 4121//4121
f 3841//3841 4511//4511 2832//2832
f 3429//3429 4670//4670 3430//3430
f 471//471 3879//3879 5953//5953
f 3715//3715 495//495 448//448
f 2651//2651 4621//4621 4454//4454
f 4268//4268 4308//4308 4307//4307
f 4386//4386 4398//4398 4397//4397
f 4379//4379 4386//4386 4397//4397
f 3253//3253 2890//2890 174//174
f 1214//1214 3253//3253 174//174
f 2723//2723 2676//2676 4917//4917
f 4669//4669 4551//4551 4554//4554
f 4530//4530 4677//4677 3595//3595
f 2976//2976 2502//2502 1794//1794
f 4071//4071 4350//4350 1127//1127
f 1188//1188 3913//3913 662//662
f 2112//2112 3913//3913 3382//3382
f 1573//1573 372//372 80//80
f 3309//3309 3322//3322 3291//3291
f 4457//4457 4591//4591 2731//2731
f 2103//2103 1221//1221 1056//1056
f 3267//3267 4682//4682 3060//3060
f 4933//4933 4054//4054 4108//4108
f 221//221 1809//1809 263//263
f 4250//4250 4251//4251 4268//4268
f 4251//4251 4269//4269 4268//4268
f 4269//4269 4284//4284 4308//4308
f 4268//4268 4269//4269 4308//4308
f 4284//4284 4334//4334 4333//4333
f 4308//4308 4284//4284 4333//4333
f 4334//4334 4356//4356 4333//4333
f 4333//4333 4356//4356 4379//4379
f 4379//4379 4356//4356 4386//4386
f 4356//4356 4399//4399 4398//4398
f 4386//4386 4356//4356 4398//4398
f 4399//4399 4419//4419 4398//4398
f 4398//4398 4419//4419 4440//4440
f 4419//4419 2473//2473 391//391
f 4440//4440 4419//4419 391//391
f 1309//1309 1214//1214 391//391
f 2473//2473 1309//1309 391//391
f 1309//1309 3056//3056 3253//3253
f 1214//1214 1309//1309 3253//3253
f 3056//3056 2890//2890 3253//3253
f 978//978 1006//1006 2890//2890
f 3056//3056 978//978 2890//2890
f 978//978 3416//3416 1006//1006
f 1575//1575 1261//1261 1006//1006
f 3416//3416 1575//1575 1006//1006
f 1575//1575 1627//1627 1261//1261
f 3283//3283 1635//1635 1627//1627
f 1575//1575 3283//3283 1627//1627
f 3283//3283 272//272 1635//1635
f 4001//4001 4314//4314 4321//4321
f 4029//4029 4091//4091 4328//4328
f 3013//3013 2272//2272 1559//1559
f 4351//4351 3396//3396 1127//1127
f 4350//4350 4351//4351 1127//1127
f 3396//3396 3235//3235 1267//1267
f 1127//1127 3396//3396 1267//1267
f 3235//3235 4239//4239 3967//3967
f 1267//1267 3235//3235 3967//3967
f 852//852 3389//3389 3967//3967
f 4239//4239 852//852 3967//3967
f 4132//4132 273//273 3200//3200
f 865//865 1057//1057 4132//4132
f 120//120 2112//2112 1057//1057
f 865//865 120//120 1057//1057
f 119//119 3913//3913 2112//2112
f 120//120 119//119 2112//2112
f 3913//3913 119//119 1122//1122
f 4362//4362 4405//4405 4403//4403
f 3986//3986 4018//4018 4004//4004
f 4673//4673 4674//4674 4686//4686
f 4334//4334 4335//4335 4356//4356
f 3269//3269 2473//2473 4419//4419
f 4420//4420 3269//3269 4419//4419
f 978//978 1575//1575 3416//3416
f 3303//3303 3283//3283 1575//1575
f 5408//5408 5407//5407 5381//5381
f 177//177 272//272 3283//3283
f 693//693 728//728 97//97
f 4551//4551 4527//4527 4537//4537
f 4550//4550 4551//4551 4537//4537
f 1182//1182 2948//2948 4699//4699
f 621//621 4694//4694 4693//4693
f 3264//3264 3396//3396 4351//4351
f 530//530 4430//4430 4239//4239
f 3235//3235 530//530 4239//4239
f 2986//2986 865//865 3200//3200
f 3903//3903 120//120 865//865
f 2353//2353 855//855 3169//3169
f 2735//2735 1285//1285 1197//1197
f 4019//4019 4018//4018 3986//3986
f 4187//4187 4223//4223 4222//4222
f 4284//4284 4335//4335 4334//4334
f 4411//4411 4420//4420 4419//4419
f 4399//4399 4411//4411 4419//4419
f 3269//3269 1309//1309 2473//2473
f 2860//2860 1575//1575 978//978
f 3110//3110 3303//3303 3241//3241
f 5203//5203 5235//5235 4330//4330
f 2814//2814 3220//3220 2782//2782
f 2999//2999 2814//2814 2782//2782
f 702//702 2814//2814 2999//2999
f 1573//1573 702//702 2999//2999
f 1189//1189 2751//2751 4381//4381
f 3888//3888 4283//4283 4566//4566
f 4644//4644 4554//4554 4550//4550
f 4669//4669 4554//4554 4714//4714
f 2708//2708 4714//4714 2410//2410
f 2708//2708 4669//4669 4714//4714
f 4172//4172 4632//4632 2539//2539
f 4538//4538 4595//4595 3841//3841
f 2798//2798 4003//4003 2707//2707
f 5445//5445 5483//5483 5444//5444
f 3127//3127 3396//3396 3264//3264
f 3127//3127 530//530 3235//3235
f 3396//3396 3127//3127 3235//3235
f 3976//3976 3591//3591 3975//3975
f 1058//1058 865//865 2986//2986
f 332//332 2836//2836 3745//3745
f 5262//5262 4394//4394 4355//4355
f 2726//2726 4580//4580 4574//4574
f 4573//4573 4639//4639 4490//4490
f 4202//4202 2726//2726 4574//4574
f 3920//3920 3919//3919 4754//4754
f 3965//3965 3964//3964 3919//3919
f 3936//3936 3965//3965 3919//3919
f 3987//3987 3986//3986 3964//3964
f 4361//4361 4362//4362 4403//4403
f 3987//3987 4005//4005 3986//3986
f 4020//4020 4019//4019 3986//3986
f 4005//4005 4020//4020 3986//3986
f 4020//4020 4018//4018 4019//4019
f 4056//4056 4055//4055 4018//4018
f 4020//4020 4056//4056 4018//4018
f 4056//4056 4093//4093 4092//4092
f 4055//4055 4056//4056 4092//4092
f 4093//4093 4123//4123 4122//4122
f 4092//4092 4093//4093 4122//4122
f 4580//4580 4464//4464 4171//4171
f 4174//4174 4158//4158 5075//5075
f 4158//4158 4175//4175 4187//4187
f 4175//4175 4188//4188 4187//4187
f 4188//4188 4224//4224 4223//4223
f 4187//4187 4188//4188 4223//4223
f 4224//4224 4252//4252 4251//4251
f 4223//4223 4224//4224 4251//4251
f 4252//4252 4270//4270 4269//4269
f 4251//4251 4252//4252 4269//4269
f 4270//4270 4285//4285 4284//4284
f 4269//4269 4270//4270 4284//4284
f 4285//4285 4309//4309 4284//4284
f 4309//4309 4336//4336 4335//4335
f 4284//4284 4309//4309 4335//4335
f 4336//4336 4357//4357 4356//4356
f 4335//4335 4336//4336 4356//4356
f 4357//4357 4380//4380 4356//4356
f 4380//4380 4400//4400 4399//4399
f 4356//4356 4380//4380 4399//4399
f 4399//4399 4400//4400 4411//4411
f 4400//4400 4421//4421 4420//4420
f 4411//4411 4400//4400 4420//4420
f 4421//4421 3280//3280 3269//3269
f 4420//4420 4421//4421 3269//3269
f 3280//3280 2713//2713 3269//3269
f 2713//2713 1309//1309 3269//3269
f 2713//2713 854//854 3056//3056
f 1309//1309 2713//2713 3056//3056
f 854//854 3103//3103 3056//3056
f 1262//1262 978//978 3056//3056
f 3103//3103 1262//1262 3056//3056
f 210//210 2860//2860 978//978
f 1262//1262 210//210 978//978
f 210//210 1575//1575 2860//2860
f 3241//3241 3303//3303 1575//1575
f 210//210 3241//3241 1575//1575
f 3997//3997 2748//2748 4383//4383
f 2902//2902 1637//1637 2739//2739
f 4551//4551 4550//4550 4554//4554
f 4530//4530 4553//4553 4677//4677
f 4146//4146 4098//4098 2093//2093
f 3302//3302 3264//3264 1766//1766
f 1292//1292 3302//3302 1766//1766
f 2903//2903 3127//3127 3264//3264
f 3302//3302 2903//2903 3264//3264
f 2362//2362 530//530 3127//3127
f 2903//2903 2362//2362 3127//3127
f 2524//2524 4430//4430 530//530
f 2362//2362 2524//2524 530//530
f 2524//2524 3439//3439 4239//4239
f 4430//4430 2524//2524 4239//4239
f 3439//3439 1518//1518 852//852
f 4239//4239 3439//3439 852//852
f 5038//5038 4122//4122 4124//4124
f 1172//1172 865//865 1058//1058
f 4063//4063 1172//1172 1058//1058
f 3737//3737 3903//3903 865//865
f 1172//1172 3737//3737 865//865
f 685//685 120//120 3903//3903
f 3737//3737 685//685 3903//3903
f 4048//4048 4065//4065 4047//4047
f 4574//4574 4580//4580 4171//4171
f 3716//3716 3715//3715 448//448
f 4057//4057 4056//4056 4020//4020
f 4224//4224 4236//4236 4252//4252
f 3364//3364 4172//4172 2539//2539
f 2508//2508 3364//3364 2539//2539
f 4209//4209 4526//4526 4456//4456
f 4098//4098 2849//2849 4715//4715
f 531//531 1672//1672 3877//3877
f 1672//1672 1290//1290 5188//5188
f 943//943 3941//3941 4759//4759
f 4538//4538 3841//3841 4633//4633
f 4577//4577 4538//4538 4633//4633
f 1293//1293 3302//3302 1292//1292
f 2660//2660 1293//1293 1292//1292
f 5382//5382 5381//5381 5364//5364
f 3931//3931 1172//1172 4063//4063
f 3965//3965 3922//3922 3966//3966
f 3922//3922 3965//3965 3936//3936
f 4056//4056 4057//4057 4093//4093
f 4093//4093 4124//4124 4123//4123
f 4157//4157 5792//5792 4158//4158
f 854//854 1262//1262 3103//3103
f 3227//3227 3241//3241 210//210
f 5507//5507 5528//5528 5492//5492
f 3518//3518 4456//4456 2984//2984
f 4699//4699 3031//3031 3518//3518
f 2941//2941 2903//2903 3302//3302
f 1293//1293 2941//2941 3302//3302
f 2941//2941 2362//2362 2903//2903
f 2524//2524 1518//1518 3439//3439
f 3959//3959 4150//4150 3248//3248
f 3169//3169 2149//2149 2469//2469
f 3945//3945 3979//3979 3961//3961
f 3583//3583 3922//3922 3889//3889
f 3519//3519 3583//3583 3889//3889
f 3583//3583 3951//3951 3922//3922
f 3951//3951 3966//3966 3922//3922
f 4006//4006 4005//4005 3987//3987
f 4021//4021 4020//4020 4005//4005
f 4006//4006 4021//4021 4005//4005
f 4058//4058 4057//4057 4020//4020
f 4021//4021 4058//4058 4020//4020
f 4058//4058 4094//4094 4093//4093
f 4057//4057 4058//4058 4093//4093
f 4094//4094 4125//4125 4124//4124
f 4093//4093 4094//4094 4124//4124
f 4394//4394 4393//4393 4355//4355
f 4176//4176 4189//4189 4188//4188
f 4189//4189 4225//4225 4224//4224
f 4188//4188 4189//4189 4224//4224
f 4224//4224 4225//4225 4236//4236
f 4225//4225 4253//4253 4252//4252
f 4236//4236 4225//4225 4252//4252
f 4252//4252 4253//4253 4270//4270
f 4253//4253 4286//4286 4285//4285
f 4270//4270 4253//4253 4285//4285
f 4286//4286 4287//4287 4309//4309
f 4285//4285 4286//4286 4309//4309
f 4287//4287 4337//4337 4336//4336
f 4309//4309 4287//4287 4336//4336
f 4337//4337 4358//4358 4357//4357
f 4336//4336 4337//4337 4357//4357
f 4358//4358 4359//4359 4380//4380
f 4357//4357 4358//4358 4380//4380
f 4359//4359 4401//4401 4400//4400
f 4380//4380 4359//4359 4400//4400
f 4401//4401 4422//4422 4421//4421
f 4400//4400 4401//4401 4421//4421
f 4422//4422 1352//1352 3280//3280
f 4421//4421 4422//4422 3280//3280
f 1352//1352 867//867 2713//2713
f 3280//3280 1352//1352 2713//2713
f 867//867 854//854 2713//2713
f 3397//3397 1262//1262 854//854
f 994//994 749//749 37//37
f 37//37 484//484 531//531
f 1263//1263 1290//1290 531//531
f 484//484 1263//1263 531//531
f 4447//4447 943//943 1290//1290
f 1263//1263 4447//4447 1290//1290
f 2877//2877 4170//4170 161//161
f 2346//2346 2362//2362 2941//2941
f 3751//3751 3729//3729 3715//3715
f 3611//3611 3612//3612 3637//3637
f 1518//1518 3439//3439 915//915
f 4289//4289 4317//4317 4316//4316
f 5838//5838 5870//5870 5837//5837
f 4158//4158 4176//4176 4175//4175
f 4189//4189 4203//4203 4225//4225
f 4253//4253 4287//4287 4286//4286
f 1287//1287 854//854 867//867
f 1301//1301 3397//3397 854//854
f 1287//1287 1301//1301 854//854
f 1301//1301 1262//1262 3397//3397
f 1303//1303 210//210 1262//1262
f 1301//1301 1303//1303 1262//1262
f 1303//1303 1737//1737 210//210
f 3381//3381 3227//3227 210//210
f 1737//1737 3381//3381 210//210
f 3381//3381 1184//1184 994//994
f 3227//3227 3381//3381 994//994
f 1184//1184 2285//2285 749//749
f 994//994 1184//1184 749//749
f 2285//2285 1373//1373 37//37
f 749//749 2285//2285 37//37
f 1373//1373 366//366 484//484
f 37//37 1373//1373 484//484
f 571//571 1263//1263 484//484
f 366//366 571//571 484//484
f 1048//1048 4447//4447 1263//1263
f 571//571 1048//1048 1263//1263
f 1048//1048 943//943 4447//4447
f 1048//1048 2609//2609 943//943
f 3943//3943 3941//3941 943//943
f 2609//2609 3943//3943 943//943
f 247//247 4207//4207 3941//3941
f 3943//3943 247//247 3941//3941
f 1169//1169 2660//2660 4207//4207
f 247//247 1169//1169 4207//4207
f 5970//5970 467//467 2859//2859
f 2552//2552 1293//1293 2660//2660
f 1169//1169 2552//2552 2660//2660
f 2552//2552 4310//4310 2941//2941
f 1293//1293 2552//2552 2941//2941
f 2928//2928 2346//2346 2941//2941
f 4310//4310 2928//2928 2941//2941
f 2928//2928 2362//2362 2346//2346
f 2928//2928 4161//4161 2362//2362
f 3351//3351 2524//2524 2362//2362
f 4161//4161 3351//3351 2362//2362
f 4204//4204 5846//5846 4193//4193
f 3957//3957 3928//3928 3929//3929
f 3270//3270 3959//3959 3248//3248
f 3709//3709 3270//3270 3248//3248
f 3270//3270 3680//3680 4063//4063
f 3959//3959 3270//3270 4063//4063
f 3680//3680 3645//3645 3931//3931
f 4063//4063 3680//3680 3931//3931
f 3931//3931 3645//3645 1172//1172
f 3975//3975 3591//3591 4013//4013
f 3974//3974 3992//3992 3973//3973
f 3381//3381 2285//2285 1184//1184
f 2285//2285 2807//2807 1373//1373
f 1373//1373 2807//2807 366//366
f 3952//3952 3943//3943 2609//2609
f 1048//1048 3952//3952 2609//2609
f 3952//3952 247//247 3943//3943
f 3937//3937 2552//2552 1169//1169
f 4320//4320 3351//3351 4161//4161
f 2928//2928 4320//4320 4161//4161
f 3159//3159 4636//4636 4471//4471
f 1751//1751 1912//1912 2565//2565
f 5408//5408 5444//5444 5407//5407
f 4714//4714 4554//4554 993//993
f 3914//3914 3915//3915 4009//4009
f 4237//4237 4254//4254 4253//4253
f 4253//4253 4271//4271 4287//4287
f 4348//4348 4359//4359 4358//4358
f 4337//4337 4348//4348 4358//4358
f 4401//4401 4423//4423 4422//4422
f 3381//3381 2105//2105 2285//2285
f 2285//2285 4353//4353 2807//2807
f 4231//4231 247//247 3952//3952
f 3541//3541 1013//1013 1160//1160
f 1348//1348 2959//2959 1054//1054
f 1264//1264 1348//1348 1054//1054
f 3583//3583 3584//3584 3951//3951
f 3637//3637 3966//3966 3951//3951
f 3610//3610 3637//3637 3951//3951
f 3690//3690 4006//4006 3966//3966
f 3637//3637 3690//3690 3966//3966
f 3710//3710 4021//4021 4006//4006
f 3690//3690 3710//3710 4006//4006
f 3710//3710 4059//4059 4058//4058
f 4021//4021 3710//3710 4058//4058
f 4095//4095 4094//4094 4058//4058
f 4059//4059 4095//4095 4058//4058
f 4095//4095 4126//4126 4125//4125
f 4094//4094 4095//4095 4125//4125
f 4226//4226 4237//4237 4225//4225
f 4225//4225 4237//4237 4253//4253
f 4272//4272 4288//4288 4287//4287
f 4288//4288 4338//4338 4337//4337
f 4287//4287 4288//4288 4337//4337
f 4337//4337 4338//4338 4348//4348
f 4338//4338 4360//4360 4359//4359
f 4348//4348 4338//4338 4359//4359
f 4360//4360 4402//4402 4401//4401
f 4359//4359 4360//4360 4401//4401
f 4402//4402 4424//4424 4423//4423
f 4401//4401 4402//4402 4423//4423
f 4424//4424 4422//4422 4423//4423
f 4424//4424 4444//4444 4422//4422
f 3209//3209 1352//1352 4422//4422
f 4444//4444 3209//3209 4422//4422
f 3209//3209 2205//2205 867//867
f 1352//1352 3209//3209 867//867
f 2205//2205 2819//2819 867//867
f 2804//2804 1287//1287 867//867
f 2205//2205 2804//2804 867//867
f 84//84 1301//1301 1287//1287
f 2804//2804 84//84 1287//1287
f 92//92 1303//1303 1301//1301
f 84//84 92//92 1301//1301
f 92//92 1737//1737 1303//1303
f 2784//2784 3381//3381 1737//1737
f 92//92 2784//2784 1737//1737
f 3381//3381 2784//2784 2105//2105
f 2784//2784 2821//2821 2285//2285
f 2105//2105 2784//2784 2285//2285
f 2821//2821 1305//1305 4353//4353
f 2285//2285 2821//2821 4353//4353
f 1305//1305 1571//1571 2807//2807
f 4353//4353 1305//1305 2807//2807
f 1571//1571 35//35 366//366
f 2807//2807 1571//1571 366//366
f 3981//3981 4033//4033 4032//4032
f 4579//4579 1350//1350 3041//3041
f 2502//2502 4624//4624 2771//2771
f 4461//4461 4106//4106 4100//4100
f 4146//4146 4302//4302 3030//3030
f 4545//4545 4664//4664 4553//4553
f 4606//4606 2894//2894 4607//4607
f 2816//2816 4201//4201 4489//4489
f 4646//4646 5261//5261 3046//3046
f 4664//4664 4480//4480 3887//3887
f 2964//2964 2913//2913 4493//4493
f 1559//1559 2991//2991 4620//4620
f 2849//2849 3251//3251 3749//3749
f 4586//4586 3843//3843 3819//3819
f 4046//4046 4145//4145 2651//2651
f 200//200 3140//3140 3136//3136
f 3348//3348 3349//3349 3361//3361
f 2652//2652 4641//4641 3395//3395
f 3031//3031 2752//2752 4209//4209
f 2752//2752 2753//2753 4209//4209
f 955//955 2944//2944 2656//2656
f 2948//2948 3031//3031 4699//4699
f 2356//2356 3413//3413 1376//1376
f 5903//5903 3473//3473 5902//5902
f 4065//4065 4450//4450 4047//4047
f 3981//3981 4034//4034 4033//4033
f 5698//5698 5918//5918 5934//5934
f 2751//2751 4543//4543 2877//2877
f 1795//1795 4627//4627 4242//4242
f 4563//4563 4235//4235 862//862
f 22//22 230//230 644//644
f 4674//4674 3380//3380 4675//4675
f 2896//2896 3335//3335 3275//3275
f 5466//5466 5467//5467 5465//5465
f 1769//1769 2833//2833 1000//1000
f 2961//2961 2897//2897 2927//2927
f 2935//2935 2961//2961 2927//2927
f 4098//4098 3030//3030 2849//2849
f 2850//2850 4581//4581 4136//4136
f 4302//4302 4519//4519 3030//3030
f 3012//3012 4643//4643 4478//4478
f 343//343 648//648 3060//3060
f 4344//4344 4609//4609 3195//3195
f 4539//4539 2770//2770 4052//4052
f 4454//4454 4621//4621 2679//2679
f 2835//2835 4633//4633 2832//2832
f 3672//3672 4130//4130 4535//4535
f 2815//2815 2798//2798 2707//2707
f 4414//4414 4198//4198 4001//4001
f 4032//4032 3126//3126 3981//3981
f 4903//4903 4149//4149 5061//5061
f 4530//4530 4545//4545 4553//4553
f 4314//4314 4345//4345 4321//4321
f 4344//4344 4604//4604 1316//1316
f 5703//5703 5702//5702 5673//5673
f 4235//4235 4563//4563 4169//4169
f 2805//2805 2732//2732 2797//2797
f 3301//3301 3000//3000 4267//4267
f 3988//3988 3966//3966 4006//4006
f 3901//3901 3685//3685 3368//3368
f 450//450 333//333 1490//1490
f 3050//3050 3049//3049 3038//3038
f 4120//4120 4266//4266 4265//4265
f 4091//4091 2834//2834 4107//4107
f 4677//4677 4553//4553 4669//4669
f 3988//3988 4006//4006 3987//3987
f 3902//3902 2754//2754 3196//3196
f 4490//4490 4631//4631 4028//4028
f 4031//4031 4047//4047 4332//4332
f 2370//2370 827//827 229//229
f 4468//4468 4090//4090 4475//4475
f 3349//3349 3329//3329 4709//4709
f 4615//4615 2978//2978 3020//3020
f 72//72 551//551 4064//4064
f 3012//3012 4478//4478 4414//4414
f 2047//2047 4647//4647 2662//2662
f 4090//4090 551//551 2472//2472
f 2834//2834 3454//3454 4107//4107
f 1326//1326 952//952 4458//4458
f 3013//3013 1559//1559 208//208
f 4603//4603 4034//4034 3981//3981
f 2894//2894 4442//4442 4548//4548
f 2753//2753 2797//2797 4523//4523
f 4475//4475 2267//2267 4476//4476
f 4467//4467 4468//4468 4465//4465
f 2357//2357 4698//4698 4374//4374
f 4459//4459 4531//4531 4494//4494
f 3102//3102 2316//2316 3101//3101
f 3060//3060 648//648 1403//1403
f 4491//4491 4148//4148 3087//3087
f 3997//3997 2657//2657 2748//2748
f 4235//4235 2983//2983 4220//4220
f 2851//2851 2752//2752 3031//3031
f 4306//4306 3087//3087 4650//4650
f 4601//4601 4475//4475 4106//4106
f 4708//4708 4719//4719 4718//4718
f 1189//1189 343//343 3060//3060
f 4707//4707 4708//4708 4718//4718
f 4526//4526 4523//4523 2530//2530
f 1103//1103 3672//3672 4535//4535
f 72//72 2678//2678 2636//2636
f 4346//4346 4544//4544 4616//4616
f 2927//2927 2843//2843 2905//2905
f 4145//4145 2608//2608 4455//4455
f 4933//4933 4877//4877 4054//4054
f 4558//4558 4528//4528 1350//1350
f 2808//2808 4581//4581 862//862
f 4471//4471 2816//2816 4489//4489
f 4381//4381 648//648 343//343
f 4682//4682 1189//1189 3060//3060
f 4100//4100 4106//4106 358//358
f 4233//4233 2949//2949 4513//4513
f 4474//4474 4494//4494 3998//3998
f 4475//4475 4593//4593 4106//4106
f 5762//5762 5761//5761 5744//5744
f 2370//2370 2751//2751 4608//4608
f 2370//2370 229//229 2751//2751
f 2751//2751 229//229 4543//4543
f 4561//4561 4064//4064 2634//2634
f 2578//2578 4455//4455 3963//3963
f 2779//2779 161//161 4046//4046
f 1189//1189 4381//4381 343//343
f 4235//4235 4169//4169 4454//4454
f 3275//3275 2368//2368 2894//2894
f 4235//4235 4044//4044 2656//2656
f 4599//4599 4563//4563 2850//2850
f 4691//4691 862//862 2656//2656
f 517//517 2370//2370 473//473
f 2370//2370 4608//4608 1189//1189
f 4306//4306 4373//4373 3087//3087
f 2370//2370 1189//1189 473//473
f 4582//4582 4583//4583 2680//2680
f 4466//4466 4036//4036 3263//3263
f 4466//4466 3263//3263 3468//3468
f 4657//4657 3000//3000 4267//4267
f 2753//2753 4523//4523 4526//4526
f 3040//3040 3073//3073 3039//3039
f 128//128 72//72 103//103
f 4087//4087 4113//4113 4314//4314
f 72//72 2636//2636 2472//2472
f 3020//3020 4045//4045 4615//4615
f 4045//4045 4089//4089 2978//2978
f 4615//4615 4045//4045 2978//2978
f 4089//4089 3197//3197 2961//2961
f 2978//2978 4089//4089 2961//2961
f 3197//3197 4453//4453 2897//2897
f 2961//2961 3197//3197 2897//2897
f 1315//1315 3140//3140 200//200
f 4345//4345 2808//2808 4691//4691
f 4649//4649 2927//2927 2897//2897
f 4453//4453 4649//4649 2897//2897
f 4653//4653 4612//4612 2927//2927
f 4649//4649 4653//4653 2927//2927
f 3000//3000 2896//2896 4606//4606
f 4332//4332 4474//4474 4031//4031
f 208//208 1559//1559 1436//1436
f 4474//4474 4459//4459 4494//4494
f 2370//2370 517//517 921//921
f 4221//4221 551//551 4468//4468
f 3246//3246 3234//3234 4635//4635
f 4581//4581 2850//2850 862//862
f 2945//2945 4074//4074 1408//1408
f 488//488 3334//3334 2319//2319
f 3329//3329 4695//4695 4709//4709
f 4637//4637 4489//4489 4201//4201
f 3275//3275 4087//4087 2368//2368
f 4593//4593 4475//4475 4476//4476
f 2878//2878 4461//4461 3963//3963
f 4621//4621 1740//1740 2578//2578
f 2896//2896 2894//2894 4606//4606
f 2896//2896 3275//3275 2894//2894
f 2976//2976 1794//1794 1699//1699
f 4454//4454 4051//4051 4220//4220
f 4624//4624 2502//2502 2400//2400
f 3126//3126 4474//4474 3998//3998
f 4054//4054 4877//4877 4018//4018
f 4302//4302 4313//4313 4233//4233
f 2608//2608 4119//4119 4455//4455
f 4494//4494 4568//4568 3998//3998
f 2828//2828 2690//2690 4639//4639
f 3413//3413 2698//2698 1376//1376
f 1740//1740 4455//4455 2578//2578
f 4145//4145 4455//4455 1740//1740
f 4455//4455 2878//2878 3963//3963
f 2651//2651 4145//4145 1740//1740
f 2850//2850 4563//4563 862//862
f 4170//4170 4561//4561 2634//2634
f 2357//2357 2356//2356 3918//3918
f 2878//2878 358//358 3159//3159
f 4032//4032 4474//4474 3126//3126
f 1832//1832 4315//4315 4585//4585
f 4475//4475 1873//1873 2267//2267
f 4151//4151 4472//4472 4000//4000
f 4106//4106 4593//4593 2930//2930
f 2969//2969 2805//2805 2778//2778
f 2018//2018 5939//5939 1846//1846
f 4519//4519 4233//4233 4513//4513
f 2985//2985 2746//2746 2757//2757
f 3030//3030 4513//4513 4642//4642
f 5870//5870 5908//5908 5885//5885
f 2678//2678 2548//2548 796//796
f 3328//3328 4695//4695 3329//3329
f 2877//2877 161//161 2779//2779
f 4628//4628 4561//4561 4170//4170
f 3263//3263 4302//4302 4146//4146
f 436//436 438//438 437//437
f 4704//4704 4705//4705 2945//2945
f 2636//2636 1164//1164 4090//4090
f 2272//2272 2725//2725 2991//2991
f 593//593 1873//1873 4475//4475
f 4479//4479 2877//2877 2779//2779
f 4504//4504 2877//2877 4479//4479
f 4075//4075 4504//4504 4479//4479
f 2751//2751 4504//4504 4075//4075
f 4571//4571 2751//2751 4075//4075
f 2751//2751 4571//4571 648//648
f 4381//4381 2751//2751 648//648
f 2877//2877 4628//4628 4170//4170
f 229//229 4628//4628 2877//2877
f 4543//4543 229//229 2877//2877
f 2508//2508 2539//2539 3899//3899
f 2594//2594 2508//2508 3899//3899
f 3887//3887 2594//2594 2639//2639
f 4154//4154 2834//2834 4091//4091
f 3000//3000 4606//4606 4267//4267
f 998//998 955//955 2833//2833
f 1164//1164 593//593 4475//4475
f 4090//4090 1164//1164 4475//4475
f 2502//2502 2976//2976 2400//2400
f 1517//1517 22//22 4064//4064
f 986//986 1517//1517 4064//4064
f 4198//4198 4314//4314 4001//4001
f 3159//3159 4614//4614 4313//4313
f 4692//4692 4694//4694 4579//4579
f 955//955 2656//2656 2833//2833
f 161//161 2634//2634 2608//2608
f 4046//4046 161//161 2608//2608
f 5715//5715 5762//5762 5725//5725
f 5799//5799 5837//5837 5798//5798
f 4051//4051 4454//4454 2679//2679
f 3703//3703 3750//3750 3622//3622
f 4283//4283 4171//4171 4306//4306
f 2641//2641 2801//2801 3191//3191
f 3411//3411 4673//4673 4672//4672
f 4074//4074 2652//2652 1408//1408
f 1326//1326 4458//4458 3899//3899
f 2539//2539 1326//1326 3899//3899
f 2829//2829 2657//2657 3997//3997
f 4473//4473 2925//2925 2914//2914
f 4046//4046 2608//2608 4145//4145
f 4468//4468 4475//4475 4601//4601
f 4606//4606 4607//4607 4267//4267
f 4684//4684 4703//4703 4702//4702
f 4201//4201 3900//3900 4637//4637
f 5799//5799 5798//5798 5762//5762
f 3981//3981 3126//3126 3980//3980
f 296//296 702//702 1573//1573
f 5492//5492 5527//5527 5491//5491
f 4676//4676 3349//3349 4708//4708
f 551//551 4090//4090 4468//4468
f 2850//2850 2779//2779 4599//4599
f 3020//3020 3038//3038 4045//4045
f 3349//3349 4518//4518 4708//4708
f 4202//4202 4171//4171 4283//4283
f 4171//4171 4552//4552 4306//4306
f 4705//4705 4074//4074 2945//2945
f 4520//4520 2508//2508 2594//2594
f 5701//5701 5687//5687 5725//5725
f 97//97 4693//4693 4692//4692
f 4568//4568 3961//3961 3998//3998
f 2714//2714 2711//2711 2642//2642
f 2782//2782 1182//1182 2725//2725
f 2272//2272 2782//2782 2725//2725
f 5767//5767 5766//5766 5729//5729
f 3361//3361 3349//3349 4676//4676
f 2832//2832 4511//4511 4655//4655
f 4451//4451 2965//2965 4493//4493
f 2829//2829 2967//2967 4514//4514
f 1164//1164 2678//2678 796//796
f 4555//4555 4562//4562 1412//1412
f 4708//4708 4518//4518 4719//4719
f 4719//4719 4518//4518 1295//1295
f 3888//3888 4202//4202 4283//4283
f 4671//4671 4705//4705 4704//4704
f 4480//4480 4520//4520 2594//2594
f 1182//1182 4699//4699 641//641
f 4490//4490 4028//4028 2914//2914
f 4502//4502 4635//4635 2689//2689
f 473//473 4682//4682 3267//3267
f 3234//3234 2956//2956 4449//4449
f 4518//4518 4548//4548 1295//1295
f 3196//3196 3275//3275 3335//3335
f 4031//4031 4474//4474 4032//4032
f 5467//5467 5504//5504 5521//5521
f 239//239 4540//4540 1462//1462
f 4540//4540 4556//4556 4555//4555
f 1462//1462 4540//4540 4555//4555
f 4555//4555 4556//4556 4562//4562
f 4575//4575 445//445 4562//4562
f 4052//4052 4600//4600 4539//4539
f 4202//4202 3888//3888 1775//1775
f 4670//4670 4671//4671 4704//4704
f 2594//2594 3899//3899 3081//3081
f 2639//2639 2594//2594 3081//3081
f 3220//3220 2948//2948 1182//1182
f 2782//2782 3220//3220 1182//1182
f 641//641 4699//4699 4385//4385
f 2725//2725 1182//1182 641//641
f 4582//4582 2771//2771 4583//4583
f 3959//3959 4063//4063 4150//4150
f 4548//4548 3012//3012 2883//2883
f 1295//1295 4548//4548 2883//2883
f 4553//4553 4664//4664 3887//3887
f 1701//1701 1024//1024 43//43
f 2746//2746 3196//3196 3000//3000
f 3196//3196 3335//3335 2896//2896
f 4552//4552 4147//4147 4306//4306
f 22//22 72//72 4064//4064
f 4704//4704 2945//2945 3201//3201
f 4703//4703 4704//4704 3201//3201
f 4458//4458 4577//4577 3081//3081
f 3899//3899 4458//4458 3081//3081
f 2901//2901 2851//2851 2948//2948
f 2093//2093 4098//4098 4715//4715
f 4699//4699 3518//3518 4385//4385
f 1119//1119 3350//3350 1540//1540
f 4611//4611 4436//4436 4549//4549
f 4527//4527 3887//3887 4410//4410
f 728//728 693//693 650//650
f 2978//2978 3021//3021 3020//3020
f 5622//5622 5621//5621 5588//5588
f 1846//1846 2081//2081 3045//3045
f 4693//4693 4694//4694 4692//4692
f 3963//3963 2878//2878 3159//3159
f 4703//4703 3201//3201 1350//1350
f 445//445 4575//4575 2737//2737
f 3474//3474 3519//3519 3498//3498
f 3012//3012 4414//4414 2033//2033
f 3411//3411 3380//3380 4673//4673
f 4666//4666 4283//4283 4306//4306
f 36//36 644//644 225//225
f 3412//3412 4671//4671 3429//3429
f 4605//4605 4558//4558 3201//3201
f 2781//2781 4520//4520 4480//4480
f 4545//4545 2781//2781 4480//4480
f 2441//2441 5916//5916 1502//1502
f 2814//2814 2901//2901 2948//2948
f 2808//2808 862//862 4691//4691
f 5626//5626 5625//5625 5592//5592
f 4580//4580 4584//4584 4464//4464
f 3469//3469 4644//4644 4344//4344
f 4107//4107 4544//4544 4346//4346
f 2093//2093 4715//4715 4464//4464
f 3013//3013 2999//2999 2782//2782
f 4314//4314 2808//2808 4345//4345
f 3536//3536 4344//4344 1316//1316
f 3380//3380 4674//4674 4673//4673
f 797//797 469//469 3035//3035
f 2883//2883 3012//3012 2033//2033
f 703//703 2319//2319 3334//3334
f 2949//2949 4471//4471 4488//4488
f 1050//1050 1091//1091 146//146
f 569//569 4557//4557 4556//4556
f 4540//4540 569//569 4556//4556
f 3555//3555 4562//4562 4556//4556
f 4557//4557 3555//3555 4556//4556
f 4576//4576 4575//4575 4562//4562
f 3555//3555 4576//4576 4562//4562
f 4576//4576 1021//1021 2737//2737
f 4575//4575 4576//4576 2737//2737
f 4281//4281 3159//3159 358//358
f 3861//3861 4486//4486 4152//4152
f 1408//1408 2680//2680 3166//3166
f 2680//2680 4457//4457 3166//3166
f 2945//2945 4605//4605 3201//3201
f 1408//1408 3166//3166 4558//4558
f 4605//4605 1408//1408 4558//4558
f 2781//2781 4545//4545 1071//1071
f 4458//4458 4538//4538 4577//4577
f 3075//3075 4666//4666 1832//1832
f 2771//2771 4624//4624 2400//2400
f 4718//4718 4719//4719 1295//1295
f 3166//3166 4622//4622 196//196
f 3104//3104 2617//2617 4000//4000
f 4603//4603 3999//3999 4017//4017
f 2974//2974 5928//5928 5925//5925
f 4658//4658 4539//4539 2794//2794
f 983//983 5952//5952 1118//1118
f 2913//2913 2874//2874 4493//4493
f 4313//4313 4614//4614 2949//2949
f 4546//4546 4557//4557 569//569
f 4546//4546 3555//3555 4557//4557
f 1021//1021 4625//4625 471//471
f 2737//2737 1021//1021 471//471
f 4625//4625 2891//2891 4651//4651
f 471//471 4625//4625 4651//4651
f 3167//3167 5931//5931 5977//5977
f 999//999 2781//2781 1071//1071
f 4496//4496 4595//4595 4538//4538
f 5762//5762 5798//5798 5761//5761
f 4701//4701 2901//2901 2814//2814
f 4003//4003 4303//4303 4572//4572
f 4702//4702 4703//4703 1350//1350
f 4520//4520 1832//1832 2508//2508
f 4904//4904 2882//2882 1300//1300
f 989//989 1959//1959 2468//2468
f 5946//5946 5937//5937 2156//2156
f 4457//4457 2731//2731 196//196
f 1326//1326 997//997 952//952
f 3072//3072 3900//3900 4173//4173
f 2368//2368 4198//4198 4414//4414
f 5364//5364 5363//5363 5341//5341
f 4303//4303 4156//4156 4572//4572
f 3811//3811 4546//4546 569//569
f 5342//5342 5364//5364 5341//5341
f 2680//2680 4583//4583 4457//4457
f 4583//4583 4591//4591 4457//4457
f 4583//4583 2771//2771 2770//2770
f 4591//4591 4583//4583 2770//2770
f 702//702 4701//4701 2814//2814
f 4242//4242 3748//3748 1795//1795
f 4385//4385 3518//3518 2984//2984
f 4374//4374 3985//3985 2984//2984
f 3201//3201 4558//4558 1350//1350
f 3965//3965 3987//3987 3964//3964
f 4074//4074 3129//3129 2652//2652
f 4587//4587 4579//4579 3057//3057
f 4383//4383 2748//2748 3934//3934
f 2634//2634 4064//4064 4119//4119
f 4410//4410 2835//2835 4073//4073
f 3940//3940 4410//4410 4073//4073
f 2591//2591 2568//2568 2569//2569
f 2093//2093 3263//3263 4146//4146
f 4497//4497 2780//2780 4045//4045
f 4571//4571 4075//4075 648//648
f 4698//4698 2357//2357 4662//4662
f 1021//1021 4613//4613 4625//4625
f 4538//4538 951//951 4496//4496
f 2732//2732 4501//4501 2797//2797
f 5968//5968 4517//4517 5952//5952
f 4775//4775 4755//4755 4776//4776
f 4209//4209 2753//2753 4526//4526
f 2798//2798 4304//4304 4003//4003
f 4698//4698 4662//4662 3985//3985
f 4456//4456 4374//4374 2984//2984
f 2781//2781 1832//1832 4520//4520
f 2652//2652 4000//4000 4641//4641
f 4527//4527 4410//4410 3940//3940
f 4537//4537 4527//4527 3940//3940
f 249//249 293//293 248//248
f 3038//3038 4497//4497 4045//4045
f 4437//4437 2562//2562 3860//3860
f 4507//4507 4089//4089 4045//4045
f 2780//2780 4507//4507 4045//4045
f 3415//3415 3197//3197 4089//4089
f 2357//2357 3918//3918 4662//4662
f 4383//4383 3961//3961 4568//4568
f 4449//4449 2925//2925 4473//4473
f 5261//5261 4977//4977 3130//3130
f 4472//4472 2707//2707 4589//4589
f 2689//2689 4449//4449 4473//4473
f 2925//2925 4573//4573 2914//2914
f 569//569 3864//3864 3248//3248
f 4075//4075 4479//4479 2850//2850
f 4639//4639 4483//4483 4490//4490
f 4550//4550 4344//4344 4644//4644
f 151//151 4242//4242 4627//4627
f 5325//5325 5326//5326 5341//5341
f 4589//4589 2707//2707 3395//3395
f 4507//4507 3415//3415 4089//4089
f 4028//4028 4453//4453 3197//3197
f 3415//3415 4028//4028 3197//3197
f 1403//1403 3196//3196 2746//2746
f 2272//2272 4683//4683 1559//1559
f 3291//3291 3274//3274 4497//4497
f 2770//2770 4539//4539 4658//4658
f 3057//3057 3041//3041 2969//2969
f 4626//4626 4645//4645 2891//2891
f 4625//4625 4626//4626 2891//2891
f 4609//4609 4537//4537 4481//4481
f 4537//4537 4073//4073 4481//4481
f 4550//4550 4537//4537 4609//4609
f 4344//4344 4550//4550 4609//4609
f 4640//4640 4082//4082 151//151
f 4382//4382 4242//4242 151//151
f 4082//4082 4382//4382 151//151
f 141//141 3825//3825 3572//3572
f 2081//2081 1846//1846 1118//1118
f 4028//4028 4649//4649 4453//4453
f 4147//4147 4491//4491 4373//4373
f 2935//2935 2979//2979 2978//2978
f 4643//4643 3012//3012 4442//4442
f 2978//2978 2961//2961 2935//2935
f 3058//3058 4547//4547 3200//3200
f 2986//2986 4547//4547 1058//1058
f 1808//1808 322//322 1794//1794
f 4001//4001 4510//4510 2033//2033
f 4414//4414 4001//4001 2033//2033
f 4001//4001 4492//4492 4510//4510
f 4625//4625 4613//4613 4626//4626
f 151//151 3630//3630 4640//4640
f 4047//4047 4459//4459 4474//4474
f 4709//4709 4518//4518 3349//3349
f 2806//2806 2984//2984 2635//2635
f 97//97 4692//4692 650//650
f 693//693 97//97 650//650
f 4136//4136 4075//4075 2850//2850
f 4001//4001 4564//4564 4492//4492
f 5798//5798 5852//5852 5818//5818
f 2853//2853 1808//1808 1794//1794
f 2944//2944 3537//3537 4492//4492
f 4564//4564 2944//2944 4492//4492
f 2844//2844 4947//4947 2809//2809
f 4487//4487 4433//4433 1223//1223
f 4169//4169 2651//2651 4454//4454
f 4645//4645 4646//4646 4659//4659
f 4162//4162 4382//4382 4082//4082
f 650//650 4692//4692 4701//4701
f 4717//4717 4702//4702 1350//1350
f 3166//3166 4457//4457 4622//4622
f 5381//5381 5407//5407 5396//5396
f 4267//4267 4607//4607 4518//4518
f 3979//3979 3126//3126 3998//3998
f 4046//4046 4569//4569 4563//4563
f 4616//4616 2357//2357 4374//4374
f 1486//1486 1487//1487 1535//1535
f 4646//4646 4652//4652 4659//4659
f 1165//1165 992//992 1096//1096
f 2982//2982 1165//1165 1096//1096
f 1165//1165 4509//4509 4640//4640
f 992//992 1165//1165 4640//4640
f 4509//4509 4262//4262 4082//4082
f 4640//4640 4509//4509 4082//4082
f 2756//2756 4162//4162 4082//4082
f 4262//4262 2756//2756 4082//4082
f 4105//4105 4382//4382 4162//4162
f 2756//2756 4105//4105 4162//4162
f 999//999 4570//4570 2781//2781
f 1873//1873 593//593 1164//1164
f 2770//2770 4155//4155 4052//4052
f 5837//5837 5852//5852 5798//5798
f 3961//3961 3979//3979 3998//3998
f 1513//1513 788//788 3047//3047
f 5294//5294 4487//4487 4511//4511
f 4511//4511 4487//4487 4655//4655
f 4616//4616 4265//4265 2357//2357
f 2912//2912 2963//2963 2962//2962
f 2530//2530 4616//4616 4374//4374
f 4306//4306 4650//4650 4585//4585
f 2991//2991 2725//2725 4596//4596
f 569//569 4540//4540 239//239
f 3046//3046 2902//2902 4652//4652
f 4652//4652 2902//2902 4659//4659
f 2982//2982 3806//3806 4463//4463
f 4524//4524 4516//4516 552//552
f 4511//4511 5284//5284 5294//5294
f 4321//4321 4345//4345 2944//2944
f 4465//4465 4601//4601 4106//4106
f 4655//4655 4487//4487 3035//3035
f 196//196 2731//2731 2732//2732
f 2805//2805 196//196 2732//2732
f 1703//1703 4052//4052 4155//4155
f 4650//4650 3087//3087 4585//4585
f 4579//4579 3041//3041 3057//3057
f 874//874 4562//4562 445//445
f 372//372 3013//3013 208//208
f 1057//1057 3453//3453 4542//4542
f 4029//4029 4328//4328 4501//4501
f 4315//4315 4306//4306 4585//4585
f 3087//3087 2709//2709 4585//4585
f 3291//3291 3038//3038 3309//3309
f 2902//2902 4667//4667 4659//4659
f 4667//4667 4679//4679 4678//4678
f 4659//4659 4667//4667 4678//4678
f 4679//4679 4689//4689 3806//3806
f 862//862 4235//4235 2656//2656
f 4563//4563 4569//4569 2651//2651
f 4469//4469 2967//2967 2829//2829
f 2725//2725 4385//4385 641//641
f 3291//3291 4497//4497 3038//3038
f 2368//2368 4643//4643 2894//2894
f 2472//2472 2636//2636 4090//4090
f 3518//3518 4209//4209 4456//4456
f 4498//4498 2093//2093 4464//4464
f 3395//3395 4572//4572 2680//2680
f 2902//2902 4660//4660 4667//4667
f 4667//4667 4660//4660 4679//4679
f 2858//2858 4463//4463 3806//3806
f 4689//4689 2858//2858 3806//3806
f 4463//4463 2858//2858 2982//2982
f 2858//2858 4697//4697 1165//1165
f 2982//2982 2858//2858 1165//1165
f 4697//4697 861//861 4509//4509
f 1165//1165 4697//4697 4509//4509
f 4484//4484 4262//4262 4509//4509
f 861//861 4484//4484 4509//4509
f 4484//4484 2756//2756 4262//4262
f 4484//4484 4230//4230 2756//2756
f 4533//4533 4586//4586 4105//4105
f 3035//3035 4073//4073 4655//4655
f 4911//4911 4081//4081 4069//4069
f 4455//4455 2688//2688 4461//4461
f 1573//1573 2999//2999 3013//3013
f 4469//4469 2829//2829 4710//4710
f 4710//4710 2829//2829 4565//4565
f 4599//4599 4046//4046 4563//4563
f 2400//2400 1703//1703 4155//4155
f 4311//4311 3888//3888 4566//4566
f 2530//2530 4374//4374 4456//4456
f 4660//4660 4689//4689 4679//4679
f 2858//2858 4443//4443 4697//4697
f 4697//4697 4443//4443 861//861
f 4230//4230 4533//4533 4105//4105
f 4035//4035 4050//4050 4603//4603
f 4266//4266 2691//2691 4265//4265
f 2356//2356 2357//2357 3413//3413
f 4050//4050 4034//4034 4603//4603
f 3454//3454 2946//2946 4120//4120
f 4107//4107 3454//3454 4120//4120
f 3395//3395 2707//2707 4572//4572
f 3436//3436 1016//1016 2302//2302
f 3263//3263 4036//4036 4302//4302
f 1064//1064 3087//3087 4148//4148
f 3041//3041 1350//1350 2793//2793
f 4660//4660 4690//4690 4689//4689
f 2778//2778 2805//2805 4182//4182
f 4502//4502 3246//3246 4635//4635
f 3234//3234 4449//4449 2689//2689
f 4107//4107 4120//4120 4544//4544
f 1314//1314 4684//4684 621//621
f 2707//2707 4003//4003 4572//4572
f 4119//4119 4467//4467 2688//2688
f 4539//4539 4029//4029 2794//2794
f 501//501 500//500 417//417
f 4638//4638 4649//4649 4028//4028
f 648//648 3196//3196 1403//1403
f 4607//4607 2894//2894 4548//4548
f 2372//2372 2820//2820 925//925
f 2662//2662 4661//4661 4660//4660
f 2902//2902 2662//2662 4660//4660
f 4661//4661 4680//4680 4690//4690
f 4660//4660 4661//4661 4690//4690
f 4700//4700 4689//4689 4690//4690
f 4680//4680 4700//4700 4690//4690
f 4700//4700 1411//1411 2858//2858
f 4689//4689 4700//4700 2858//2858
f 1411//1411 3019//3019 4443//4443
f 2858//2858 1411//1411 4443//4443
f 3019//3019 4446//4446 861//861
f 4443//4443 3019//3019 861//861
f 4135//4135 4484//4484 861//861
f 4446//4446 4135//4135 861//861
f 3181//3181 4230//4230 4484//4484
f 4135//4135 3181//3181 4484//4484
f 2895//2895 4533//4533 4230//4230
f 3181//3181 2895//2895 4230//4230
f 4282//4282 3843//3843 4533//4533
f 2895//2895 4282//4282 4533//4533
f 792//792 595//595 225//225
f 4604//4604 4344//4344 3195//3195
f 4304//4304 4303//4303 4003//4003
f 4684//4684 4685//4685 4703//4703
f 3031//3031 4209//4209 3518//3518
f 4648//4648 4653//4653 4649//4649
f 4674//4674 4675//4675 4686//4686
f 1668//1668 1701//1701 135//135
f 4479//4479 2779//2779 2850//2850
f 2688//2688 4465//4465 4461//4461
f 650//650 4701//4701 702//702
f 4638//4638 4648//4648 4649//4649
f 2688//2688 4467//4467 4465//4465
f 4647//4647 4661//4661 2662//2662
f 4282//4282 2895//2895 3181//3181
f 4504//4504 2751//2751 2877//2877
f 2778//2778 4182//4182 2753//2753
f 2752//2752 2778//2778 2753//2753
f 621//621 4684//4684 4694//4694
f 4694//4694 4684//4684 4702//4702
f 3442//3442 4685//4685 4684//4684
f 1314//1314 3442//3442 4684//4684
f 2691//2691 3413//3413 2357//2357
f 97//97 621//621 4693//4693
f 2746//2746 3000//3000 2757//2757
f 4551//4551 4553//4553 4527//4527
f 2914//2914 4573//4573 4490//4490
f 4087//4087 4136//4136 2808//2808
f 4515//4515 1668//1668 1213//1213
f 4566//4566 4283//4283 4666//4666
f 2636//2636 2678//2678 1164//1164
f 4515//4515 1213//1213 3334//3334
f 3248//3248 4150//4150 4541//4541
f 5873//5873 5872//5872 5841//5841
f 4098//4098 4146//4146 3030//3030
f 2781//2781 3075//3075 1832//1832
f 4001//4001 4321//4321 2944//2944
f 4647//4647 4680//4680 4661//4661
f 5465//5465 5467//5467 5503//5503
f 4828//4828 4459//4459 4047//4047
f 4565//4565 4531//4531 4588//4588
f 1376//1376 2854//2854 4088//4088
f 4497//4497 4502//4502 2689//2689
f 4694//4694 4702//4702 4579//4579
f 4465//4465 4106//4106 4461//4461
f 4676//4676 4708//4708 4707//4707
f 4675//4675 4676//4676 4707//4707
f 4672//4672 4673//4673 4686//4686
f 3334//3334 1213//1213 4083//4083
f 5856//5856 5855//5855 5821//5821
f 4221//4221 4468//4468 4119//4119
f 4156//4156 2771//2771 4582//4582
f 4572//4572 4156//4156 4582//4582
f 4639//4639 2690//2690 4483//4483
f 866//866 4647//4647 2047//2047
f 4668//4668 4680//4680 4647//4647
f 4711//4711 747//747 1411//1411
f 4700//4700 4711//4711 1411//1411
f 747//747 3131//3131 3019//3019
f 1411//1411 747//747 3019//3019
f 2378//2378 4446//4446 3019//3019
f 3131//3131 2378//2378 3019//3019
f 4086//4086 4135//4135 4446//4446
f 2378//2378 4086//4086 4446//4446
f 3939//3939 3181//3181 4135//4135
f 4086//4086 3939//3939 4135//4135
f 4506//4506 4282//4282 3181//3181
f 5939//5939 5940//5940 5099//5099
f 1350//1350 196//196 4654//4654
f 4584//4584 2093//2093 4498//4498
f 4544//4544 4120//4120 4265//4265
f 929//929 928//928 725//725
f 3035//3035 4487//4487 797//797
f 203//203 239//239 1462//1462
f 2316//2316 2930//2930 4476//4476
f 925//925 2820//2820 632//632
f 488//488 552//552 4516//4516
f 2925//2925 4639//4639 4573//4573
f 4643//4643 2368//2368 4478//4478
f 4064//4064 551//551 4221//4221
f 2946//2946 2691//2691 4266//4266
f 4083//4083 703//703 3334//3334
f 2//2 4668//4668 4647//4647
f 4681//4681 4680//4680 4668//4668
f 2//2 4681//4681 4668//4668
f 4680//4680 4681//4681 4700//4700
f 4700//4700 4681//4681 4711//4711
f 4508//4508 4506//4506 3181//3181
f 3939//3939 4508//4508 3181//3181
f 4486//4486 4282//4282 4506//4506
f 4508//4508 4486//4486 4506//4506
f 4053//4053 4346//4346 2530//2530
f 2753//2753 4182//4182 2797//2797
f 1408//1408 4605//4605 2945//2945
f 1408//1408 2652//2652 2680//2680
f 4153//4153 4114//4114 4137//4137
f 72//72 2374//2374 103//103
f 1743//1743 4088//4088 2854//2854
f 4709//4709 4695//4695 4518//4518
f 4328//4328 4107//4107 4346//4346
f 2969//2969 2778//2778 2752//2752
f 2851//2851 2969//2969 2752//2752
f 4119//4119 2688//2688 4455//4455
f 3918//3918 1376//1376 4088//4088
f 866//866 3154//3154 3142//3142
f 4706//4706 4707//4707 4460//4460
f 358//358 4106//4106 4281//4281
f 2709//2709 3491//3491 997//997
f 4172//4172 2709//2709 997//997
f 1350//1350 4528//4528 196//196
f 6//6 650//650 296//296
f 3262//3262 3246//3246 4502//4502
f 97//97 728//728 608//608
f 4516//4516 4524//4524 3334//3334
f 1350//1350 4654//4654 2793//2793
f 3196//3196 2896//2896 3000//3000
f 4609//4609 4481//4481 3195//3195
f 4695//4695 4267//4267 4518//4518
f 3195//3195 4481//4481 3035//3035
f 4712//4712 1241//1241 747//747
f 4711//4711 4712//4712 747//747
f 1241//1241 4610//4610 3131//3131
f 747//747 1241//1241 3131//3131
f 4610//4610 1049//1049 2378//2378
f 3131//3131 4610//4610 2378//2378
f 4375//4375 4086//4086 2378//2378
f 1049//1049 4375//4375 2378//2378
f 4375//4375 3939//3939 4086//4086
f 4346//4346 4616//4616 2530//2530
f 3057//3057 2969//2969 2851//2851
f 2901//2901 3057//3057 2851//2851
f 4666//4666 4306//4306 4315//4315
f 4461//4461 4100//4100 358//358
f 1351//1351 359//359 1751//1751
f 2787//2787 5967//5967 5923//5923
f 3950//3950 3984//3984 3962//3962
f 3964//3964 4534//4534 3919//3919
f 4989//4989 4108//4108 4121//4121
f 2652//2652 3395//3395 2680//2680
f 3060//3060 1403//1403 2746//2746
f 4628//4628 986//986 4561//4561
f 4345//4345 2656//2656 2944//2944
f 161//161 4170//4170 2634//2634
f 331//331 870//870 2//2
f 4182//4182 2805//2805 2797//2797
f 4548//4548 4442//4442 3012//3012
f 4631//4631 4638//4638 4028//4028
f 436//436 398//398 438//438
f 2//2 870//870 4681//4681
f 870//870 4712//4712 4711//4711
f 4681//4681 870//870 4711//4711
f 4712//4712 4716//4716 1241//1241
f 3316//3316 3939//3939 4375//4375
f 3870//3870 4508//4508 3939//3939
f 3316//3316 3870//3870 3939//3939
f 3870//3870 4486//4486 4508//4508
f 3870//3870 4152//4152 4486//4486
f 4587//4587 3057//3057 2901//2901
f 3984//3984 3950//3950 4832//4832
f 4332//4332 4047//4047 4474//4474
f 2754//2754 4136//4136 4087//4087
f 1832//1832 3364//3364 2508//2508
f 2754//2754 648//648 4136//4136
f 3275//3275 2754//2754 4087//4087
f 371//371 3195//3195 3035//3035
f 3340//3340 159//159 596//596
f 3252//3252 3060//3060 2746//2746
f 4044//4044 4235//4235 4220//4220
f 2833//2833 4044//4044 4219//4219
f 3430//3430 4670//4670 4685//4685
f 273//273 4132//4132 1057//1057
f 4491//4491 3087//3087 4373//4373
f 2944//2944 4564//4564 4001//4001
f 986//986 4628//4628 229//229
f 225//225 677//677 1053//1053
f 4481//4481 4073//4073 3035//3035
f 2578//2578 3963//3963 4466//4466
f 4013//4013 3647//3647 4012//4012
f 2679//2679 2578//2578 4466//4466
f 4536//4536 3870//3870 3316//3316
f 4631//4631 4490//4490 4482//4482
f 4306//4306 4147//4147 4373//4373
f 3073//3073 3072//3072 3039//3039
f 3964//3964 4594//4594 4534//4534
f 2983//2983 4454//4454 4220//4220
f 4553//4553 4551//4551 4669//4669
f 2650//2650 2677//2677 2676//2676
f 4537//4537 3940//3940 4073//4073
f 3442//3442 3430//3430 4685//4685
f 4044//4044 4220//4220 4219//4219
f 4313//4313 2949//2949 4233//4233
f 4572//4572 4582//4582 2680//2680
f 3963//3963 3159//3159 4466//4466
f 4460//4460 2857//2857 3104//3104
f 3262//3262 3234//3234 3246//3246
f 1241//1241 4623//4623 4610//4610
f 3017//3017 1049//1049 4610//4610
f 4623//4623 3017//3017 4610//4610
f 1049//1049 4522//4522 4375//4375
f 4544//4544 4265//4265 4616//4616
f 4692//4692 4587//4587 2901//2901
f 4701//4701 4692//4692 2901//2901
f 4633//4633 3841//3841 2832//2832
f 4461//4461 358//358 2878//2878
f 4136//4136 4581//4581 2808//2808
f 4683//4683 2991//2991 1559//1559
f 1057//1057 2112//2112 3382//3382
f 4597//4597 4594//4594 3964//3964
f 3986//3986 4597//4597 3964//3964
f 648//648 4075//4075 4136//4136
f 473//473 1189//1189 4682//4682
f 3287//3287 1250//1250 828//828
f 4468//4468 4601//4601 4465//4465
f 4119//4119 4468//4468 4467//4467
f 3328//3328 3329//3329 3349//3349
f 3985//3985 4532//4532 2635//2635
f 5588//5588 5606//5606 5572//5572
f 2983//2983 4235//4235 4454//4454
f 4455//4455 4461//4461 2878//2878
f 2356//2356 1376//1376 3918//3918
f 2617//2617 4151//4151 4000//4000
f 246//246 4713//4713 4712//4712
f 870//870 246//246 4712//4712
f 4713//4713 1270//1270 4716//4716
f 4712//4712 4713//4713 4716//4716
f 1270//1270 3226//3226 1241//1241
f 4716//4716 1270//1270 1241//1241
f 3226//3226 4500//4500 4623//4623
f 1241//1241 3226//3226 4623//4623
f 4623//4623 4500//4500 3017//3017
f 3017//3017 4521//4521 1049//1049
f 4521//4521 4522//4522 1049//1049
f 2817//2817 4375//4375 4522//4522
f 4521//4521 2817//2817 4522//4522
f 4452//4452 3316//3316 4375//4375
f 2817//2817 4452//4452 4375//4375
f 4525//4525 4536//4536 3316//3316
f 4452//4452 4525//4525 3316//3316
f 4099//4099 3870//3870 4536//4536
f 4525//4525 4099//4099 4536//4536
f 2797//2797 4501//4501 4053//4053
f 4490//4490 4483//4483 4482//4482
f 2833//2833 4219//4219 1000//1000
f 4567//4567 2726//2726 1000//1000
f 4662//4662 3918//3918 4532//4532
f 4219//4219 4567//4567 1000//1000
f 2930//2930 4593//4593 4476//4476
f 4497//4497 2689//2689 2780//2780
f 4617//4617 4629//4629 3986//3986
f 4629//4629 4597//4597 3986//3986
f 4130//4130 903//903 1824//1824
f 3114//3114 2915//2915 3063//3063
f 4665//4665 4432//4432 4485//4485
f 4249//4249 4665//4665 4485//4485
f 2948//2948 2851//2851 3031//3031
f 4683//4683 2272//2272 2991//2991
f 3918//3918 4088//4088 4532//4532
f 4466//4466 3159//3159 4313//4313
f 4591//4591 2770//2770 4658//4658
f 331//331 246//246 870//870
f 246//246 1270//1270 4713//4713
f 4523//4523 2797//2797 4053//4053
f 4501//4501 4328//4328 4346//4346
f 2651//2651 1740//1740 4621//4621
f 4622//4622 4457//4457 196//196
f 4670//4670 4704//4704 4703//4703
f 4685//4685 4670//4670 4703//4703
f 4464//4464 4715//4715 2849//2849
f 4473//4473 4507//4507 2780//2780
f 4617//4617 4597//4597 4629//4629
f 4372//4372 4665//4665 4249//4249
f 2689//2689 4473//4473 2780//2780
f 2914//2914 3415//3415 4507//4507
f 3896//3896 4436//4436 4611//4611
f 4608//4608 2751//2751 1189//1189
f 3301//3301 4267//4267 4695//4695
f 3041//3041 2793//2793 2969//2969
f 4473//4473 2914//2914 4507//4507
f 4436//4436 4477//4477 4549//4549
f 4053//4053 4501//4501 4346//4346
f 4220//4220 4051//4051 4219//4219
f 4677//4677 2708//2708 2410//2410
f 4545//4545 4530//4530 3595//3595
f 4073//4073 2832//2832 4655//4655
f 4384//4384 4385//4385 2806//2806
f 2914//2914 4028//4028 3415//3415
f 4281//4281 2816//2816 4636//4636
f 4878//4878 4004//4004 4018//4018
f 4590//4590 4597//4597 4617//4617
f 4477//4477 4665//4665 4372//4372
f 3205//3205 4130//4130 1824//1824
f 4409//4409 856//856 2990//2990
f 2990//2990 3205//3205 1824//1824
f 3287//3287 828//828 4409//4409
f 4569//4569 4046//4046 2651//2651
f 4620//4620 3226//3226 1270//1270
f 1559//1559 4620//4620 1270//1270
f 4620//4620 2991//2991 3226//3226
f 2991//2991 4500//4500 3226//3226
f 2991//2991 3017//3017 4500//4500
f 2991//2991 4596//4596 3017//3017
f 4596//4596 4384//4384 4521//4521
f 3017//3017 4596//4596 4521//4521
f 4384//4384 2806//2806 2817//2817
f 4521//4521 4384//4384 2817//2817
f 2806//2806 2635//2635 2817//2817
f 2817//2817 2635//2635 4452//4452
f 4532//4532 4525//4525 4452//4452
f 2635//2635 4532//4532 4452//4452
f 4088//4088 4099//4099 4525//4525
f 4532//4532 4088//4088 4525//4525
f 4099//4099 4088//4088 1743//1743
f 4692//4692 4579//4579 4587//4587
f 1071//1071 4545//4545 3595//3595
f 3220//3220 2814//2814 2948//2948
f 488//488 4516//4516 3334//3334
f 4539//4539 4600//4600 4029//4029
f 951//951 4538//4538 4458//4458
f 951//951 4505//4505 4496//4496
f 5792//5792 5831//5831 4176//4176
f 3327//3327 3315//3315 4695//4695
f 4553//4553 3887//3887 4527//4527
f 4374//4374 4698//4698 3985//3985
f 2894//2894 4643//4643 4442//4442
f 452//452 1299//1299 1583//1583
f 986//986 4064//4064 4561//4561
f 4198//4198 2368//2368 4314//4314
f 4563//4563 2651//2651 4169//4169
f 3274//3274 3262//3262 4502//4502
f 4073//4073 2835//2835 2832//2832
f 2857//2857 2617//2617 3104//3104
f 2368//2368 4087//4087 4314//4314
f 3887//3887 4480//4480 2594//2594
f 3081//3081 4577//4577 4633//4633
f 4051//4051 4567//4567 4219//4219
f 5295//5295 2657//2657 4514//4514
f 3239//3239 620//620 2562//2562
f 1404//1404 324//324 233//233
f 1006//1006 1261//1261 1627//1627
f 4190//4190 1006//1006 1627//1627
f 3248//3248 3811//3811 569//569
f 5300//5300 5315//5315 5308//5308
f 1767//1767 1761//1761 4823//4823
f 2264//2264 2820//2820 678//678
f 177//177 3283//3283 3303//3303
f 1025//1025 3871//3871 1752//1752
f 3653//3653 3449//3449 5114//5114
f 3851//3851 1627//1627 3871//3871
f 3811//3811 1067//1067 1072//1072
f 4785//4785 1506//1506 1910//1910
f 1022//1022 5060//5060 272//272
f 177//177 1022//1022 272//272
f 1022//1022 5014//5014 5060//5060
f 3453//3453 2645//2645 43//43
f 139//139 4829//4829 4071//4071
f 5269//5269 5268//5268 5231//5231
f 3464//3464 1803//1803 5268//5268
f 5269//5269 3464//3464 5268//5268
f 3847//3847 3818//3818 5014//5014
f 1022//1022 3847//3847 5014//5014
f 5716//5716 5745//5745 5726//5726
f 4754//4754 4753//4753 4733//4733
f 3698//3698 2450//2450 1312//1312
f 4879//4879 4882//4882 1577//1577
f 3869//3869 1844//1844 3818//3818
f 3847//3847 3869//3869 3818//3818
f 2792//2792 4942//4942 4483//4483
f 4942//4942 4482//4482 4483//4483
f 4177//4177 3811//3811 1072//1072
f 1067//1067 3811//3811 4541//4541
f 4688//4688 4678//4678 3806//3806
f 1771//1771 1068//1068 1844//1844
f 3869//3869 1771//1771 1844//1844
f 2723//2723 4942//4942 2792//2792
f 5792//5792 4176//4176 4158//4158
f 3472//3472 4688//4688 3806//3806
f 3464//3464 948//948 3714//3714
f 3714//3714 948//948 1817//1817
f 1771//1771 946//946 3452//3452
f 2745//2745 4943//4943 4942//4942
f 4943//4943 4648//4648 4482//4482
f 4942//4942 4943//4943 4482//4482
f 4638//4638 4631//4631 4648//4648
f 4617//4617 4004//4004 4878//4878
f 226//226 4759//4759 3941//3941
f 1803//1803 3464//3464 3714//3714
f 1068//1068 1771//1771 3452//3452
f 946//946 178//178 3470//3470
f 4648//4648 4631//4631 4482//4482
f 3808//3808 226//226 1766//1766
f 5188//5188 3670//3670 3768//3768
f 3821//3821 3472//3472 3806//3806
f 3452//3452 946//946 3470//3470
f 178//178 1766//1766 4228//4228
f 3470//3470 178//178 4228//4228
f 5965//5965 4071//4071 2958//2958
f 4754//4754 3919//3919 4772//4772
f 1817//1817 3517//3517 1816//1816
f 1744//1744 3859//3859 3827//3827
f 1689//1689 1065//1065 4112//4112
f 2703//2703 4905//4905 2745//2745
f 2724//2724 2703//2703 2745//2745
f 4905//4905 4944//4944 4943//4943
f 2745//2745 4905//4905 4943//4943
f 4653//4653 4648//4648 4943//4943
f 4944//4944 4653//4653 4943//4943
f 4830//4830 3858//3858 4823//4823
f 5108//5108 5107//5107 5069//5069
f 1989//1989 2240//2240 2547//2547
f 5034//5034 5070//5070 5033//5033
f 2524//2524 3351//3351 3439//3439
f 4228//4228 1766//1766 4351//4351
f 2650//2650 2703//2703 2677//2677
f 4659//4659 4678//4678 4688//4688
f 5070//5070 5108//5108 5069//5069
f 1773//1773 3860//3860 323//323
f 3860//3860 2562//2562 232//232
f 2588//2588 2607//2607 4817//4817
f 1064//1064 1399//1399 2709//2709
f 5400//5400 5412//5412 5411//5411
f 4619//4619 5299//5299 5298//5298
f 1635//1635 877//877 3871//3871
f 5203//5203 4347//4347 5220//5220
f 5233//5233 5232//5232 5199//5199
f 4307//4307 5235//5235 5203//5203
f 4268//4268 4307//4307 4250//4250
f 4081//4081 4953//4953 4104//4104
f 4817//4817 4818//4818 2650//2650
f 2633//2633 4817//4817 2650//2650
f 4818//4818 4861//4861 2703//2703
f 2650//2650 4818//4818 2703//2703
f 4861//4861 4906//4906 4905//4905
f 2703//2703 4861//4861 4905//4905
f 4906//4906 4907//4907 4905//4905
f 4945//4945 4944//4944 4905//4905
f 4907//4907 4945//4945 4905//4905
f 4945//4945 4612//4612 4653//4653
f 4944//4944 4945//4945 4653//4653
f 5180//5180 4295//4295 4322//4322
f 4307//4307 5203//5203 5204//5204
f 4307//4307 5204//5204 4250//4250
f 5105//5105 5130//5130 5147//5147
f 4250//4250 5203//5203 5187//5187
f 1745//1745 4177//4177 3796//3796
f 5137//5137 5161//5161 5150//5150
f 5159//5159 5200//5200 5158//5158
f 3453//3453 3809//3809 830//830
f 2551//2551 5115//5115 3748//3748
f 1065//1065 903//903 4112//4112
f 5483//5483 5516//5516 5482//5482
f 4861//4861 4907//4907 4906//4906
f 4946//4946 4945//4945 4907//4907
f 5233//5233 5271//5271 5232//5232
f 2410//2410 3454//3454 2834//2834
f 2967//2967 5298//5298 5297//5297
f 4533//4533 3843//3843 4586//4586
f 1816//1816 3517//3517 1823//1823
f 4619//4619 5298//5298 2967//2967
f 4514//4514 2967//2967 5297//5297
f 1844//1844 1068//1068 4801//4801
f 4828//4828 4047//4047 4450//4450
f 4186//4186 5299//5299 4619//4619
f 2607//2607 4818//4818 4817//4817
f 5588//5588 5621//5621 5606//5606
f 1068//1068 1885//1885 4801//4801
f 272//272 877//877 1635//1635
f 5656//5656 5655//5655 5622//5622
f 1942//1942 4342//4342 4319//4319
f 322//322 3888//3888 4311//4311
f 2589//2589 4819//4819 4818//4818
f 2607//2607 2589//2589 4818//4818
f 4819//4819 4862//4862 4861//4861
f 4818//4818 4819//4819 4861//4861
f 4862//4862 4908//4908 4907//4907
f 4861//4861 4862//4862 4907//4907
f 4908//4908 4947//4947 4945//4945
f 4907//4907 4908//4908 4945//4945
f 2843//2843 4612//4612 4945//4945
f 4947//4947 2843//2843 4945//4945
f 4752//4752 3847//3847 1022//1022
f 2582//2582 3869//3869 3847//3847
f 4752//4752 2582//2582 3847//3847
f 151//151 4909//4909 3815//3815
f 5235//5235 4307//4307 4330//4330
f 5447//5447 5485//5485 5464//5464
f 371//371 3035//3035 469//469
f 4249//4249 4485//4485 4560//4560
f 1844//1844 4801//4801 4178//4178
f 3818//3818 1844//1844 4178//4178
f 2589//2589 4805//4805 4819//4819
f 1821//1821 1771//1771 3869//3869
f 2582//2582 1821//1821 3869//3869
f 4935//4935 4947//4947 4908//4908
f 1771//1771 1821//1821 946//946
f 5234//5234 5272//5272 5240//5240
f 5107//5107 5131//5131 5155//5155
f 5108//5108 5131//5131 5107//5107
f 5070//5070 5069//5069 5033//5033
f 5504//5504 5541//5541 5540//5540
f 5521//5521 5504//5504 5540//5540
f 3839//3839 1687//1687 1770//1770
f 4775//4775 4776//4776 2589//2589
f 2809//2809 2845//2845 2844//2844
f 4776//4776 4786//4786 4805//4805
f 2589//2589 4776//4776 4805//4805
f 4786//4786 4820//4820 4819//4819
f 4805//4805 4786//4786 4819//4819
f 4820//4820 4863//4863 4862//4862
f 4819//4819 4820//4820 4862//4862
f 4863//4863 2795//2795 4908//4908
f 4862//4862 4863//4863 4908//4908
f 2795//2795 4935//4935 4908//4908
f 2809//2809 4947//4947 4935//4935
f 2795//2795 2809//2809 4935//4935
f 4275//4275 2509//2509 720//720
f 1638//1638 3764//3764 324//324
f 950//950 1784//1784 4732//4732
f 151//151 4627//4627 1795//1795
f 3840//3840 4382//4382 4105//4105
f 3819//3819 3840//3840 4105//4105
f 4803//4803 3840//3840 3819//3819
f 5021//5021 4803//4803 3819//3819
f 3846//3846 876//876 5021//5021
f 876//876 4803//4803 5021//5021
f 4839//4839 876//876 3846//3846
f 5041//5041 4839//4839 3846//3846
f 3517//3517 4839//4839 4838//4838
f 4838//4838 4839//4839 5041//5041
f 1763//1763 3517//3517 4838//4838
f 1816//1816 1823//1823 1763//1763
f 1823//1823 3517//3517 1763//1763
f 1815//1815 1816//1816 1763//1763
f 4863//4863 4883//4883 2795//2795
f 3839//3839 2891//2891 1687//1687
f 1505//1505 1753//1753 786//786
f 911//911 3714//3714 1815//1815
f 3714//3714 1816//1816 1815//1815
f 4469//4469 4619//4619 2967//2967
f 4560//4560 4753//4753 4594//4594
f 1803//1803 1776//1776 5267//5267
f 5268//5268 5267//5267 5238//5238
f 4879//4879 1577//1577 5274//5274
f 5268//5268 1803//1803 5267//5267
f 3714//3714 911//911 1776//1776
f 1803//1803 3714//3714 1776//1776
f 5155//5155 5182//5182 5196//5196
f 1505//1505 1761//1761 1767//1767
f 5239//5239 5268//5268 5238//5238
f 5654//5654 5687//5687 5701//5701
f 5183//5183 5184//5184 5197//5197
f 3714//3714 1817//1817 1816//1816
f 5238//5238 5267//5267 5266//5266
f 3102//3102 5241//5241 2316//2316
f 4821//4821 4822//4822 4696//4696
f 2676//2676 2745//2745 4917//4917
f 3144//3144 2624//2624 2373//2373
f 5239//5239 5238//5238 5230//5230
f 4904//4904 1315//1315 2080//2080
f 1774//1774 1773//1773 323//323
f 4756//4756 4777//4777 4776//4776
f 4777//4777 4787//4787 4786//4786
f 4776//4776 4777//4777 4786//4786
f 4787//4787 4821//4821 4820//4820
f 4786//4786 4787//4787 4820//4820
f 4821//4821 4864//4864 4863//4863
f 4820//4820 4821//4821 4863//4863
f 4864//4864 2704//2704 4863//4863
f 2704//2704 2772//2772 2795//2795
f 4863//4863 2704//2704 2795//2795
f 4576//4576 3555//3555 4177//4177
f 3653//3653 4810//4810 3449//3449
f 5157//5157 5184//5184 5183//5183
f 5156//5156 5157//5157 5183//5183
f 5716//5716 5688//5688 5689//5689
f 4989//4989 5009//5009 4988//4988
f 1762//1762 4836//4836 4835//4835
f 5878//5878 5861//5861 1780//1780
f 5326//5326 5325//5325 5306//5306
f 1761//1761 4830//4830 4823//4823
f 2776//2776 2777//2777 2796//2796
f 5241//5241 2930//2930 2316//2316
f 5010//5010 3843//3843 4979//4979
f 2842//2842 5010//5010 4979//4979
f 3451//3451 2842//2842 4979//4979
f 5242//5242 2842//2842 4205//4205
f 4205//4205 2842//2842 3451//3451
f 5231//5231 5239//5239 5230//5230
f 5231//5231 5230//5230 5197//5197
f 4821//4821 2704//2704 4864//4864
f 4301//4301 5145//5145 5191//5191
f 1021//1021 4576//4576 1745//1745
f 3848//3848 1021//1021 1745//1745
f 1741//1741 1072//1072 1744//1744
f 5161//5161 5160//5160 5135//5135
f 5184//5184 5198//5198 5197//5197
f 5871//5871 3488//3488 5870//5870
f 1067//1067 4541//4541 356//356
f 5291//5291 1026//1026 786//786
f 4836//4836 5242//5242 4205//4205
f 4835//4835 4836//4836 4205//4205
f 1688//1688 1762//1762 4835//4835
f 1795//1795 4940//4940 1705//1705
f 5870//5870 5852//5852 5837//5837
f 1556//1556 1762//1762 1688//1688
f 1781//1781 1776//1776 1105//1105
f 5198//5198 5231//5231 5197//5197
f 4331//4331 4330//4330 4307//4307
f 5074//5074 5073//5073 5057//5057
f 1743//1743 4152//4152 4099//4099
f 4991//4991 4880//4880 1690//1690
f 1063//1063 947//947 1743//1743
f 4152//4152 3870//3870 4099//4099
f 5076//5076 274//274 3807//3807
f 5725//5725 5744//5744 5701//5701
f 4304//4304 4470//4470 4303//4303
f 4462//4462 4106//4106 2930//2930
f 5228//5228 5257//5257 5265//5265
f 5154//5154 5195//5195 5181//5181
f 2278//2278 2441//2441 2300//2300
f 1557//1557 1556//1556 1688//1688
f 5624//5624 5657//5657 5623//5623
f 4904//4904 3074//3074 3140//3140
f 1021//1021 3848//3848 4626//4626
f 3571//3571 1160//1160 3037//3037
f 4777//4777 4778//4778 4787//4787
f 4778//4778 4822//4822 4821//4821
f 4787//4787 4778//4778 4821//4821
f 4696//4696 4822//4822 2681//2681
f 5674//5674 5673//5673 5641//5641
f 5075//5075 4158//4158 4187//4187
f 954//954 3748//3748 4242//4242
f 5133//5133 5157//5157 5132//5132
f 5237//5237 5238//5238 5266//5266
f 5196//5196 5197//5197 5229//5229
f 2677//2677 2724//2724 2676//2676
f 4917//4917 2745//2745 2723//2723
f 2616//2616 4760//4760 2638//2638
f 4201//4201 4281//4281 2930//2930
f 5241//5241 4201//4201 2930//2930
f 2930//2930 4281//4281 4462//4462
f 4957//4957 4988//4988 4956//4956
f 4939//4939 4957//4957 4914//4914
f 4988//4988 4987//4987 4956//4956
f 4915//4915 4939//4939 4914//4914
f 4957//4957 4956//4956 4914//4914
f 4988//4988 5019//5019 4987//4987
f 4988//4988 5033//5033 5019//5019
f 5056//5056 5055//5055 5019//5019
f 1105//1105 3830//3830 5292//5292
f 5072//5072 5071//5071 5036//5036
f 5038//5038 5072//5072 5036//5036
f 4859//4859 3807//3807 4880//4880
f 4613//4613 1021//1021 4626//4626
f 4281//4281 4201//4201 2816//2816
f 5039//5039 5038//5038 4124//4124
f 4940//4940 1506//1506 1705//1705
f 1639//1639 909//909 1177//1177
f 5068//5068 5067//5067 5055//5055
f 5033//5033 5056//5056 5019//5019
f 4493//4493 2876//2876 4451//4451
f 5056//5056 5068//5068 5055//5055
f 2724//2724 2677//2677 2703//2703
f 2316//2316 3100//3100 3101//3101
f 4832//4832 4876//4876 4875//4875
f 3984//3984 4832//4832 4875//4875
f 2491//2491 2551//2551 5022//5022
f 5033//5033 5068//5068 5056//5056
f 356//356 3713//3713 3859//3859
f 1781//1781 1105//1105 5292//5292
f 5035//5035 5034//5034 4989//4989
f 5072//5072 5097//5097 5071//5071
f 2759//2759 4754//4754 4733//4733
f 4249//4249 4560//4560 4597//4597
f 5135//5135 5159//5159 5134//5134
f 4778//4778 2681//2681 4822//4822
f 3934//3934 2748//2748 4634//4634
f 5110//5110 5109//5109 5097//5097
f 5157//5157 5156//5156 5132//5132
f 3830//3830 1105//1105 1557//1557
f 2650//2650 2649//2649 2633//2633
f 5159//5159 5158//5158 5134//5134
f 5107//5107 5106//5106 5067//5067
f 5068//5068 5107//5107 5067//5067
f 5266//5266 1781//1781 5292//5292
f 5265//5265 5266//5266 5292//5292
f 4584//4584 2726//2726 4567//4567
f 5038//5038 5036//5036 5037//5037
f 5137//5137 5136//5136 5075//5075
f 4744//4744 4874//4874 4865//4865
f 5072//5072 5110//5110 5097//5097
f 5133//5133 5132//5132 5109//5109
f 4092//4092 4121//4121 4108//4108
f 5137//5137 4187//4187 4222//4222
f 2965//2965 5100//5100 2998//2998
f 5100//5100 5078//5078 2998//2998
f 5078//5078 5138//5138 3040//3040
f 2998//2998 5078//5078 3040//3040
f 5138//5138 5163//5163 3073//3073
f 3040//3040 5138//5138 3073//3073
f 4637//4637 3900//3900 3073//3073
f 5163//5163 4637//4637 3073//3073
f 1058//1058 4541//4541 4063//4063
f 4636//4636 3159//3159 4281//4281
f 5257//5257 5237//5237 5265//5265
f 4187//4187 5137//5137 5075//5075
f 3471//3471 1516//1516 1943//1943
f 4750//4750 2610//2610 4778//4778
f 4757//4757 4750//4750 4778//4778
f 2776//2776 2750//2750 2730//2730
f 2796//2796 2831//2831 2813//2813
f 5110//5110 5133//5133 5109//5109
f 2965//2965 5078//5078 5100//5100
f 4956//4956 4955//4955 4913//4913
f 4914//4914 4956//4956 4913//4913
f 5446//5446 5462//5462 5445//5445
f 1672//1672 3768//3768 1784//1784
f 3877//3877 1672//1672 1784//1784
f 2549//2549 4190//4190 1627//1627
f 5228//5228 5229//5229 5257//5257
f 620//620 3214//3214 4882//4882
f 4223//4223 4250//4250 5151//5151
f 1000//1000 180//180 998//998
f 5726//5726 5764//5764 5715//5715
f 4367//4367 4322//4322 4368//4368
f 2730//2730 4866//4866 2777//2777
f 1105//1105 1556//1556 1557//1557
f 2965//2965 5042//5042 5078//5078
f 5717//5717 5729//5729 5704//5704
f 4987//4987 4986//4986 4955//4955
f 4956//4956 4987//4987 4955//4955
f 1673//1673 3858//3858 3861//3861
f 5154//5154 5148//5148 5106//5106
f 3350//3350 1409//1409 1297//1297
f 5107//5107 5154//5154 5106//5106
f 5237//5237 5266//5266 5265//5265
f 1297//1297 3904//3904 3350//3350
f 998//998 1769//1769 1000//1000
f 1516//1516 3829//3829 1943//1943
f 992//992 4640//4640 3630//3630
f 469//469 4433//4433 4441//4441
f 4303//4303 4470//4470 4687//4687
f 4984//4984 4104//4104 4953//4953
f 4451//4451 5042//5042 2965//2965
f 4987//4987 5019//5019 5018//5018
f 3224//3224 1197//1197 2735//2735
f 5106//5106 5148//5148 5149//5149
f 4180//4180 2916//2916 1027//1027
f 5154//5154 5181//5181 5148//5148
f 5229//5229 5237//5237 5257//5257
f 5150//5150 5161//5161 5135//5135
f 2968//2968 4180//4180 3063//3063
f 4750//4750 2568//2568 2591//2591
f 952//952 951//951 4458//4458
f 2730//2730 4840//4840 4866//4866
f 4840//4840 4841//4841 4866//4866
f 4841//4841 4884//4884 2777//2777
f 4866//4866 4841//4841 2777//2777
f 4884//4884 4885//4885 2777//2777
f 2777//2777 4885//4885 4918//4918
f 4885//4885 4936//4936 2848//2848
f 4918//4918 4885//4885 2848//2848
f 4936//4936 4962//4962 2876//2876
f 2848//2848 4936//4936 2876//2876
f 2843//2843 4947//4947 2844//2844
f 4962//4962 4602//4602 2876//2876
f 4602//4602 5043//5043 5042//5042
f 4451//4451 4602//4602 5042//5042
f 5043//5043 5079//5079 5078//5078
f 5042//5042 5043//5043 5078//5078
f 5079//5079 5139//5139 5138//5138
f 5078//5078 5079//5079 5138//5138
f 5164//5164 5163//5163 5138//5138
f 5139//5139 5164//5164 5138//5138
f 5221//5221 4637//4637 5163//5163
f 5164//5164 5221//5221 5163//5163
f 5221//5221 4488//4488 4489//4489
f 4637//4637 5221//5221 4489//4489
f 5195//5195 5194//5194 5148//5148
f 5181//5181 5195//5195 5148//5148
f 5196//5196 5229//5229 5228//5228
f 5075//5075 4157//4157 4174//4174
f 4436//4436 3896//3896 3886//3886
f 1745//1745 3796//3796 4977//4977
f 5826//5826 5861//5861 5845//5845
f 4841//4841 2685//2685 2686//2686
f 5044//5044 5080//5080 5079//5079
f 5043//5043 5044//5044 5079//5079
f 5140//5140 5139//5139 5079//5079
f 5080//5080 5140//5140 5079//5079
f 398//398 1941//1941 438//438
f 1072//1072 1067//1067 3859//3859
f 5381//5381 5375//5375 5363//5363
f 4915//4915 4957//4957 4939//4939
f 5195//5195 5196//5196 5228//5228
f 5271//5271 1639//1639 1177//1177
f 5057//5057 5038//5038 5039//5039
f 4301//4301 4247//4247 4248//4248
f 5075//5075 5074//5074 5057//5057
f 4748//4748 3807//3807 4859//4859
f 1028//1028 3775//3775 3849//3849
f 4841//4841 4885//4885 4884//4884
f 5023//5023 5044//5044 5043//5043
f 4602//4602 5023//5023 5043//5043
f 5165//5165 5164//5164 5139//5139
f 5140//5140 5165//5165 5139//5139
f 3071//3071 3072//3072 3102//3102
f 4541//4541 3811//3811 3248//3248
f 4986//4986 4987//4987 5018//5018
f 2666//2666 1400//1400 5947//5947
f 5228//5228 5227//5227 5194//5194
f 5290//5290 5291//5291 786//786
f 5196//5196 5195//5195 5154//5154
f 5073//5073 5072//5072 5038//5038
f 5057//5057 5073//5073 5038//5038
f 5010//5010 5021//5021 3843//3843
f 2687//2687 4842//4842 4841//4841
f 4842//4842 4886//4886 4885//4885
f 4841//4841 4842//4842 4885//4885
f 4886//4886 4937//4937 4936//4936
f 4885//4885 4886//4886 4936//4936
f 4963//4963 4962//4962 4936//4936
f 4937//4937 4963//4963 4936//4936
f 4963//4963 4980//4980 4962//4962
f 4980//4980 4992//4992 4602//4602
f 4962//4962 4980//4980 4602//4602
f 4992//4992 4993//4993 4602//4602
f 4602//4602 4993//4993 5023//5023
f 4993//4993 5045//5045 5044//5044
f 5023//5023 4993//4993 5044//5044
f 5045//5045 5081//5081 5080//5080
f 5044//5044 5045//5045 5080//5080
f 5141//5141 5140//5140 5080//5080
f 5081//5081 5141//5141 5080//5080
f 5166//5166 5165//5165 5140//5140
f 5141//5141 5166//5166 5140//5140
f 5166//5166 5164//5164 5165//5165
f 5166//5166 5222//5222 5221//5221
f 5164//5164 5166//5166 5221//5221
f 5222//5222 5243//5243 4488//4488
f 5221//5221 5222//5222 4488//4488
f 915//915 3439//3439 3351//3351
f 4063//4063 4541//4541 4150//4150
f 1503//1503 3720//3720 3623//3623
f 3858//3858 1461//1461 3861//3861
f 5256//5256 5226//5226 5263//5263
f 5155//5155 5196//5196 5154//5154
f 5270//5270 5271//5271 1177//1177
f 4488//4488 5243//5243 2949//2949
f 4754//4754 3889//3889 3922//3922
f 3110//3110 3241//3241 3227//3227
f 4886//4886 4919//4919 4937//4937
f 4963//4963 4993//4993 4992//4992
f 4980//4980 4963//4963 4992//4992
f 5829//5829 5698//5698 5928//5928
f 3670//3670 4759//4759 3450//3450
f 5055//5055 5054//5054 5018//5018
f 5019//5019 5055//5055 5018//5018
f 5264//5264 5291//5291 5263//5263
f 1027//1027 2359//2359 2411//2411
f 3468//3468 4051//4051 2679//2679
f 5107//5107 5155//5155 5154//5154
f 1316//1316 4604//4604 3195//3195
f 3819//3819 4105//4105 4586//4586
f 3555//3555 4546//4546 3811//3811
f 5112//5112 5111//5111 5072//5072
f 5073//5073 5112//5112 5072//5072
f 272//272 5014//5014 877//877
f 4842//4842 4843//4843 4886//4886
f 2681//2681 4778//4778 2653//2653
f 4875//4875 4914//4914 4035//4035
f 4914//4914 4913//4913 4035//4035
f 5291//5291 5290//5290 5263//5263
f 842//842 775//775 843//843
f 2709//2709 1399//1399 3491//3491
f 5195//5195 5228//5228 5194//5194
f 4173//4173 3900//3900 4201//4201
f 5230//5230 5238//5238 5237//5237
f 5134//5134 5133//5133 5111//5111
f 5112//5112 5134//5134 5111//5111
f 1772//1772 1673//1673 4152//4152
f 4760//4760 2616//2616 2576//2576
f 4977//4977 5261//5261 3848//3848
f 4824//4824 4843//4843 4842//4842
f 2687//2687 4824//4824 4842//4842
f 5148//5148 5147//5147 5130//5130
f 5106//5106 5148//5148 5130//5130
f 5106//5106 5130//5130 5105//5105
f 5194//5194 5193//5193 5147//5147
f 5106//5106 5105//5105 5066//5066
f 5067//5067 5066//5066 5054//5054
f 5067//5067 5106//5106 5066//5066
f 4567//4567 4051//4051 3468//3468
f 5055//5055 5067//5067 5054//5054
f 4567//4567 3468//3468 4584//4584
f 4733//4733 4753//4753 4432//4432
f 4108//4108 4958//4958 4915//4915
f 5014//5014 1023//1023 877//877
f 4760//4760 4788//4788 2687//2687
f 2638//2638 4760//4760 2687//2687
f 2687//2687 4788//4788 4824//4824
f 4788//4788 4844//4844 4843//4843
f 4824//4824 4788//4788 4843//4843
f 4844//4844 4887//4887 4886//4886
f 4843//4843 4844//4844 4886//4886
f 4887//4887 4920//4920 4919//4919
f 4886//4886 4887//4887 4919//4919
f 4919//4919 4920//4920 4937//4937
f 4964//4964 4963//4963 4937//4937
f 4920//4920 4964//4964 4937//4937
f 4964//4964 4994//4994 4993//4993
f 4963//4963 4964//4964 4993//4993
f 4994//4994 5046//5046 5045//5045
f 4993//4993 4994//4994 5045//5045
f 5046//5046 5082//5082 5081//5081
f 5045//5045 5046//5046 5081//5081
f 5082//5082 5142//5142 5141//5141
f 5081//5081 5082//5082 5141//5141
f 5167//5167 5166//5166 5141//5141
f 5142//5142 5167//5167 5141//5141
f 5167//5167 5205//5205 5222//5222
f 5166//5166 5167//5167 5222//5222
f 5244//5244 5243//5243 5222//5222
f 5205//5205 5244//5244 5222//5222
f 5244//5244 4642//4642 4513//4513
f 5243//5243 5244//5244 4513//4513
f 2831//2831 4918//4918 2848//2848
f 5227//5227 5264//5264 5226//5226
f 5264//5264 5263//5263 5226//5226
f 5193//5193 5194//5194 5226//5226
f 5194//5194 5227//5227 5226//5226
f 5148//5148 5194//5194 5147//5147
f 5541//5541 5559//5559 5540//5540
f 5069//5069 5107//5107 5068//5068
f 5158//5158 5157//5157 5133//5133
f 5134//5134 5158//5158 5133//5133
f 3073//3073 3900//3900 3072//3072
f 4740//4740 2755//2755 4741//4741
f 4887//4887 4888//4888 4920//4920
f 5143//5143 5142//5142 5082//5082
f 5083//5083 5143//5143 5082//5082
f 4476//4476 2208//2208 2316//2316
f 5228//5228 5265//5265 5264//5264
f 5355//5355 5364//5364 5342//5342
f 4933//4933 4108//4108 4915//4915
f 5185//5185 5184//5184 5157//5157
f 5158//5158 5185//5185 5157//5157
f 748//748 4071//4071 3115//3115
f 1763//1763 1762//1762 1556//1556
f 4725//4725 4726//4726 2576//2576
f 4844//4844 4888//4888 4887//4887
f 5046//5046 5083//5083 5082//5082
f 5143//5143 5167//5167 5142//5142
f 5167//5167 5206//5206 5205//5205
f 5206//5206 5244//5244 5205//5205
f 5060//5060 5014//5014 272//272
f 4106//4106 4462//4462 4281//4281
f 1776//1776 1781//1781 5266//5266
f 2891//2891 3879//3879 4651//4651
f 1795//1795 4909//4909 151//151
f 5227//5227 5228//5228 5264//5264
f 1741//1741 1744//1744 5162//5162
f 531//531 3877//3877 1784//1784
f 4836//4836 4838//4838 5242//5242
f 5199//5199 5198//5198 5184//5184
f 5185//5185 5199//5199 5184//5184
f 911//911 1815//1815 1105//1105
f 3796//3796 1072//1072 1741//1741
f 3030//3030 4642//4642 3251//3251
f 4726//4726 3921//3921 2576//2576
f 4734//4734 4761//4761 4760//4760
f 2576//2576 4734//4734 4760//4760
f 4761//4761 4780//4780 4760//4760
f 4780//4780 4789//4789 4788//4788
f 4760//4760 4780//4780 4788//4788
f 4789//4789 4845//4845 4844//4844
f 4788//4788 4789//4789 4844//4844
f 4845//4845 4867//4867 4844//4844
f 4867//4867 4889//4889 4888//4888
f 4844//4844 4867//4867 4888//4888
f 4889//4889 4921//4921 4920//4920
f 4888//4888 4889//4889 4920//4920
f 4921//4921 4965//4965 4964//4964
f 4920//4920 4921//4921 4964//4964
f 4965//4965 4995//4995 4994//4994
f 4964//4964 4965//4965 4994//4994
f 4995//4995 5047//5047 5046//5046
f 4994//4994 4995//4995 5046//5046
f 5047//5047 5084//5084 5083//5083
f 5046//5046 5047//5047 5083//5083
f 5116//5116 5143//5143 5083//5083
f 5084//5084 5116//5116 5083//5083
f 5168//5168 5167//5167 5143//5143
f 5116//5116 5168//5168 5143//5143
f 5168//5168 5207//5207 5206//5206
f 5167//5167 5168//5168 5206//5206
f 5245//5245 5244//5244 5206//5206
f 5207//5207 5245//5245 5206//5206
f 5245//5245 5259//5259 5244//5244
f 5259//5259 5276//5276 4642//4642
f 5244//5244 5259//5259 4642//4642
f 5276//5276 3251//3251 4642//4642
f 4542//4542 273//273 1057//1057
f 3820//3820 4748//4748 5076//5076
f 4748//4748 273//273 5076//5076
f 5076//5076 273//273 4542//4542
f 955//955 998//998 2944//2944
f 2502//2502 4156//4156 4303//4303
f 4183//4183 4153//4153 4184//4184
f 4377//4377 4330//4330 4378//4378
f 4832//4832 4833//4833 4876//4876
f 37//37 531//531 950//950
f 4838//4838 3846//3846 5242//5242
f 4496//4496 5283//5283 4595//4595
f 5015//5015 5048//5048 5047//5047
f 4995//4995 5015//5015 5047//5047
f 5259//5259 5245//5245 5276//5276
f 3749//3749 3251//3251 5276//5276
f 22//22 1517//1517 230//230
f 3595//3595 2410//2410 2834//2834
f 5283//5283 3841//3841 4495//4495
f 5961//5961 3043//3043 5936//5936
f 4477//4477 4372//4372 4549//4549
f 1673//1673 1772//1772 947//947
f 531//531 1784//1784 950//950
f 1762//1762 1763//1763 4836//4836
f 5232//5232 5231//5231 5198//5198
f 5199//5199 5232//5232 5198//5198
f 5047//5047 5048//5048 5084//5084
f 1058//1058 4547//4547 4541//4541
f 1763//1763 4838//4838 4836//4836
f 5186//5186 5159//5159 5160//5160
f 5940//5940 5958//5958 5099//5099
f 200//200 2080//2080 1315//1315
f 4594//4594 3919//3919 4534//4534
f 4634//4634 3917//3917 3934//3934
f 4344//4344 3536//3536 3469//3469
f 4958//4958 4988//4988 4957//4957
f 2685//2685 4841//4841 4840//4840
f 4720//4720 4735//4735 4734//4734
f 3921//3921 4720//4720 4734//4734
f 4735//4735 4762//4762 4761//4761
f 4734//4734 4735//4735 4761//4761
f 4762//4762 4781//4781 4780//4780
f 4761//4761 4762//4762 4780//4780
f 4781//4781 4790//4790 4789//4789
f 4780//4780 4781//4781 4789//4789
f 4790//4790 4846//4846 4845//4845
f 4789//4789 4790//4790 4845//4845
f 4846//4846 4847//4847 4867//4867
f 4845//4845 4846//4846 4867//4867
f 4847//4847 4890//4890 4889//4889
f 4867//4867 4847//4847 4889//4889
f 4890//4890 4922//4922 4921//4921
f 4889//4889 4890//4890 4921//4921
f 4922//4922 4966//4966 4965//4965
f 4921//4921 4922//4922 4965//4965
f 4966//4966 4996//4996 4995//4995
f 4965//4965 4966//4966 4995//4995
f 4996//4996 4997//4997 5015//5015
f 4995//4995 4996//4996 5015//5015
f 4997//4997 5049//5049 5048//5048
f 5015//5015 4997//4997 5048//5048
f 5085//5085 5084//5084 5048//5048
f 5049//5049 5085//5085 5048//5048
f 5085//5085 5117//5117 5116//5116
f 5084//5084 5085//5085 5116//5116
f 5117//5117 5169//5169 5168//5168
f 5116//5116 5117//5117 5168//5168
f 5208//5208 5207//5207 5168//5168
f 5169//5169 5208//5208 5168//5168
f 5246//5246 5245//5245 5207//5207
f 5208//5208 5246//5246 5207//5207
f 5277//5277 5276//5276 5245//5245
f 5246//5246 5277//5277 5245//5245
f 2964//2964 4493//4493 2965//2965
f 2528//2528 3470//3470 4228//4228
f 5267//5267 1776//1776 5266//5266
f 1776//1776 911//911 1105//1105
f 4753//4753 3919//3919 4594//4594
f 179//179 180//180 1000//1000
f 1775//1775 179//179 1000//1000
f 2445//2445 998//998 180//180
f 179//179 2445//2445 180//180
f 4470//4470 3537//3537 998//998
f 2445//2445 4470//4470 998//998
f 1815//1815 1763//1763 1556//1556
f 5270//5270 5269//5269 5231//5231
f 5232//5232 5270//5270 5231//5231
f 4790//4790 4847//4847 4846//4846
f 4966//4966 4997//4997 4996//4996
f 4148//4148 5276//5276 5277//5277
f 2502//2502 2771//2771 4156//4156
f 2551//2551 1909//1909 954//954
f 748//748 1700//1700 3849//3849
f 3775//3775 748//748 3849//3849
f 2891//2891 4659//4659 1687//1687
f 2776//2776 2730//2730 2777//2777
f 4242//4242 4382//4382 3812//3812
f 1300//1300 1059//1059 4904//4904
f 4174//4174 5075//5075 5057//5057
f 5098//5098 5073//5073 5074//5074
f 4720//4720 4736//4736 4735//4735
f 4735//4735 4736//4736 4762//4762
f 4922//4922 4949//4949 4966//4966
f 5152//5152 5170//5170 5169//5169
f 5117//5117 5152//5152 5169//5169
f 5170//5170 5208//5208 5169//5169
f 4202//4202 1775//1775 1000//1000
f 4433//4433 4487//4487 5286//5286
f 1177//1177 3464//3464 5269//5269
f 5270//5270 1177//1177 5269//5269
f 4721//4721 4737//4737 4736//4736
f 4720//4720 4721//4721 4736//4736
f 4763//4763 4762//4762 4736//4736
f 4737//4737 4763//4763 4736//4736
f 4762//4762 4763//4763 4781//4781
f 4781//4781 4763//4763 4790//4790
f 4763//4763 4791//4791 4790//4790
f 4791//4791 4848//4848 4847//4847
f 4790//4790 4791//4791 4847//4847
f 4848//4848 4891//4891 4890//4890
f 4847//4847 4848//4848 4890//4890
f 4923//4923 4922//4922 4890//4890
f 4891//4891 4923//4923 4890//4890
f 4923//4923 4949//4949 4922//4922
f 4967//4967 4966//4966 4949//4949
f 4923//4923 4967//4967 4949//4949
f 4967//4967 4998//4998 4997//4997
f 4966//4966 4967//4967 4997//4997
f 4998//4998 5050//5050 5049//5049
f 4997//4997 4998//4998 5049//5049
f 5050//5050 5086//5086 5085//5085
f 5049//5049 5050//5050 5085//5085
f 5086//5086 5118//5118 5117//5117
f 5085//5085 5086//5086 5117//5117
f 5118//5118 5119//5119 5117//5117
f 5117//5117 5119//5119 5152//5152
f 5119//5119 5171//5171 5170//5170
f 5152//5152 5119//5119 5170//5170
f 5209//5209 5208//5208 5170//5170
f 5171//5171 5209//5209 5170//5170
f 5209//5209 5223//5223 5208//5208
f 5223//5223 5247//5247 5246//5246
f 5208//5208 5223//5223 5246//5246
f 5278//5278 5277//5277 5246//5246
f 5247//5247 5278//5278 5246//5246
f 5278//5278 1064//1064 5277//5277
f 1064//1064 4148//4148 5277//5277
f 5333//5333 5347//5347 5346//5346
f 1067//1067 356//356 3859//3859
f 2853//2853 179//179 1775//1775
f 1808//1808 2853//2853 1775//1775
f 2853//2853 1754//1754 2445//2445
f 179//179 2853//2853 2445//2445
f 1754//1754 4687//4687 4470//4470
f 2445//2445 1754//1754 4470//4470
f 950//950 994//994 37//37
f 1177//1177 878//878 948//948
f 5014//5014 3818//3818 1023//1023
f 4721//4721 4727//4727 4737//4737
f 4791//4791 4825//4825 4848//4848
f 4923//4923 4938//4938 4967//4967
f 5086//5086 5119//5119 5118//5118
f 4018//4018 4055//4055 4054//4054
f 5283//5283 4495//4495 4595//4595
f 4958//4958 4957//4957 4915//4915
f 3464//3464 1177//1177 948//948
f 4177//4177 3555//3555 3811//3811
f 5209//5209 5248//5248 5247//5247
f 5223//5223 5209//5209 5247//5247
f 5248//5248 5278//5278 5247//5247
f 3830//3830 1557//1557 1026//1026
f 4835//4835 4830//4830 1761//1761
f 1688//1688 4835//4835 1761//1761
f 1557//1557 1688//1688 1761//1761
f 1505//1505 1557//1557 1761//1761
f 5242//5242 3846//3846 2842//2842
f 5279//5279 5278//5278 5248//5248
f 5249//5249 5279//5279 5248//5248
f 1399//1399 1064//1064 5278//5278
f 5950//5950 2509//2509 4008//4008
f 5241//5241 4173//4173 4201//4201
f 3713//3713 4991//4991 3827//3827
f 3859//3859 3713//3713 3827//3827
f 5111//5111 5133//5133 5110//5110
f 1794//1794 4179//4179 2853//2853
f 4179//4179 1754//1754 2853//2853
f 4179//4179 2502//2502 4687//4687
f 1754//1754 4179//4179 4687//4687
f 4687//4687 2502//2502 4303//4303
f 4722//4722 4728//4728 4727//4727
f 4721//4721 4722//4722 4727//4727
f 4728//4728 4738//4738 4737//4737
f 4727//4727 4728//4728 4737//4737
f 4764//4764 4763//4763 4737//4737
f 4738//4738 4764//4764 4737//4737
f 4763//4763 4764//4764 4791//4791
f 4764//4764 4792//4792 4791//4791
f 4792//4792 4826//4826 4825//4825
f 4791//4791 4792//4792 4825//4825
f 4826//4826 4849//4849 4848//4848
f 4825//4825 4826//4826 4848//4848
f 4849//4849 4892//4892 4891//4891
f 4848//4848 4849//4849 4891//4891
f 4892//4892 4924//4924 4923//4923
f 4891//4891 4892//4892 4923//4923
f 4924//4924 4925//4925 4938//4938
f 4923//4923 4924//4924 4938//4938
f 4925//4925 4968//4968 4967//4967
f 4938//4938 4925//4925 4967//4967
f 4968//4968 4999//4999 4998//4998
f 4967//4967 4968//4968 4998//4998
f 4999//4999 5024//5024 4998//4998
f 4998//4998 5024//5024 5050//5050
f 5024//5024 5062//5062 5050//5050
f 5087//5087 5086//5086 5050//5050
f 5062//5062 5087//5087 5050//5050
f 5087//5087 5120//5120 5119//5119
f 5086//5086 5087//5087 5119//5119
f 5120//5120 5172//5172 5171//5171
f 5119//5119 5120//5120 5171//5171
f 5172//5172 5210//5210 5209//5209
f 5171//5171 5172//5172 5209//5209
f 5210//5210 5249//5249 5248//5248
f 5209//5209 5210//5210 5248//5248
f 5279//5279 1399//1399 5278//5278
f 4052//4052 1703//1703 1765//1765
f 1794//1794 2502//2502 4179//4179
f 3519//3519 3889//3889 4773//4773
f 5069//5069 5068//5068 5033//5033
f 1818//1818 1817//1817 948//948
f 878//878 1818//1818 948//948
f 5087//5087 5101//5101 5120//5120
f 3491//3491 1399//1399 5279//5279
f 356//356 4547//4547 3713//3713
f 4547//4547 3058//3058 3713//3713
f 2653//2653 4778//4778 2610//2610
f 5492//5492 5491//5491 5473//5473
f 5590//5590 5589//5589 5556//5556
f 5383//5383 5382//5382 5355//5355
f 4849//4849 4893//4893 4892//4892
f 4893//4893 4925//4925 4924//4924
f 4892//4892 4893//4893 4924//4924
f 5025//5025 5024//5024 4999//4999
f 5024//5024 5087//5087 5062//5062
f 4636//4636 2816//2816 4471//4471
f 4989//4989 5034//5034 5009//5009
f 2982//2982 1096//1096 3821//3821
f 4376//4376 5273//5273 4347//4347
f 3950//3950 4833//4833 4832//4832
f 1818//1818 2564//2564 3517//3517
f 1817//1817 1818//1818 3517//3517
f 4723//4723 4724//4724 4728//4728
f 4722//4722 4723//4723 4728//4728
f 4724//4724 4739//4739 4738//4738
f 4728//4728 4724//4724 4738//4738
f 4739//4739 4765//4765 4764//4764
f 4738//4738 4739//4739 4764//4764
f 4765//4765 4793//4793 4764//4764
f 4764//4764 4793//4793 4792//4792
f 4793//4793 4806//4806 4826//4826
f 4792//4792 4793//4793 4826//4826
f 4806//4806 4850//4850 4849//4849
f 4826//4826 4806//4806 4849//4849
f 4850//4850 4894//4894 4893//4893
f 4849//4849 4850//4850 4893//4893
f 4894//4894 4926//4926 4925//4925
f 4893//4893 4894//4894 4925//4925
f 4926//4926 4969//4969 4968//4968
f 4925//4925 4926//4926 4968//4968
f 4969//4969 5000//5000 4999//4999
f 4968//4968 4969//4969 4999//4999
f 5000//5000 5001//5001 4999//4999
f 5001//5001 5026//5026 5025//5025
f 4999//4999 5001//5001 5025//5025
f 5025//5025 5026//5026 5024//5024
f 5088//5088 5087//5087 5024//5024
f 5026//5026 5088//5088 5024//5024
f 5087//5087 5088//5088 5101//5101
f 5088//5088 5121//5121 5120//5120
f 5101//5101 5088//5088 5120//5120
f 5121//5121 5173//5173 5172//5172
f 5120//5120 5121//5121 5172//5172
f 5173//5173 5211//5211 5210//5210
f 5172//5172 5173//5173 5210//5210
f 5211//5211 5250//5250 5249//5249
f 5210//5210 5211//5211 5249//5249
f 5280//5280 5279//5279 5249//5249
f 5250//5250 5280//5280 5249//5249
f 997//997 3491//3491 5279//5279
f 5201//5201 5200//5200 5159//5159
f 1699//1699 1794//1794 322//322
f 956//956 1699//1699 322//322
f 4748//4748 3058//3058 273//273
f 3858//3858 947//947 4823//4823
f 4991//4991 4748//4748 4880//4880
f 4783//4783 4811//4811 4834//4834
f 3775//3775 1073//1073 748//748
f 3849//3849 1700//1700 4983//4983
f 4850//4850 4868//4868 4894//4894
f 4969//4969 5001//5001 5000//5000
f 1672//1672 5188//5188 3768//3768
f 4549//4549 4590//4590 4784//4784
f 5188//5188 943//943 3670//3670
f 3890//3890 3917//3917 4634//4634
f 776//776 843//843 775//775
f 5265//5265 5292//5292 5291//5291
f 5264//5264 5265//5265 5291//5291
f 3058//3058 3200//3200 273//273
f 4858//4858 4839//4839 3517//3517
f 1073//1073 139//139 748//748
f 1638//1638 1639//1639 5271//5271
f 5272//5272 1638//1638 5271//5271
f 4232//4232 2882//2882 2080//2080
f 4432//4432 4560//4560 4485//4485
f 4130//4130 3672//3672 1689//1689
f 3997//3997 4383//4383 4568//4568
f 3846//3846 5021//5021 5010//5010
f 2564//2564 4858//4858 3517//3517
f 875//875 5058//5058 4803//4803
f 1592//1592 1591//1591 3594//3594
f 4978//4978 1073//1073 3775//3775
f 1028//1028 4978//4978 3775//3775
f 4969//4969 4981//4981 5001//5001
f 5026//5026 5089//5089 5088//5088
f 5089//5089 5122//5122 5121//5121
f 5088//5088 5089//5089 5121//5121
f 5122//5122 5174//5174 5173//5173
f 5121//5121 5122//5122 5173//5173
f 5174//5174 5212//5212 5211//5211
f 5173//5173 5174//5174 5211//5211
f 5212//5212 5251//5251 5250//5250
f 5211//5211 5212//5212 5250//5250
f 5281//5281 5280//5280 5250//5250
f 5251//5251 5281//5281 5250//5250
f 952//952 997//997 5280//5280
f 5281//5281 952//952 5280//5280
f 2556//2556 2557//2557 2572//2572
f 4876//4876 4915//4915 4875//4875
f 4570//4570 999//999 956//956
f 4305//4305 4570//4570 956//956
f 1703//1703 1699//1699 956//956
f 999//999 1703//1703 956//956
f 3830//3830 1026//1026 5291//5291
f 5292//5292 3830//3830 5291//5291
f 3713//3713 3058//3058 4991//4991
f 2842//2842 3846//3846 5010//5010
f 151//151 3815//3815 3630//3630
f 3858//3858 1673//1673 947//947
f 1014//1014 1885//1885 1028//1028
f 4503//4503 4740//4740 4739//4739
f 4724//4724 4503//4503 4739//4739
f 4740//4740 4766//4766 4765//4765
f 4739//4739 4740//4740 4765//4765
f 4766//4766 4794//4794 4793//4793
f 4765//4765 4766//4766 4793//4793
f 4794//4794 4807//4807 4806//4806
f 4793//4793 4794//4794 4806//4806
f 4807//4807 4851//4851 4850//4850
f 4806//4806 4807//4807 4850//4850
f 4851//4851 4869//4869 4868//4868
f 4850//4850 4851//4851 4868//4868
f 4869//4869 4895//4895 4894//4894
f 4868//4868 4869//4869 4894//4894
f 4895//4895 4927//4927 4926//4926
f 4894//4894 4895//4895 4926//4926
f 4927//4927 4970//4970 4969//4969
f 4926//4926 4927//4927 4969//4969
f 4970//4970 4982//4982 4981//4981
f 4969//4969 4970//4970 4981//4981
f 4982//4982 5002//5002 5001//5001
f 4981//4981 4982//4982 5001//5001
f 5002//5002 5027//5027 5026//5026
f 5001//5001 5002//5002 5026//5026
f 5026//5026 5027//5027 5089//5089
f 5174//5174 5213//5213 5212//5212
f 5022//5022 954//954 3812//3812
f 3195//3195 371//371 1316//1316
f 5409//5409 5445//5445 5408//5408
f 4839//4839 4858//4858 876//876
f 1673//1673 3861//3861 4152//4152
f 5212//5212 5213//5213 5251//5251
f 5282//5282 5281//5281 5251//5251
f 5009//5009 5034//5034 4988//4988
f 4829//4829 4350//4350 4071//4071
f 1793//1793 1096//1096 992//992
f 3630//3630 1793//1793 992//992
f 5058//5058 5022//5022 4803//4803
f 4803//4803 5022//5022 3812//3812
f 4754//4754 4749//4749 3889//3889
f 875//875 5022//5022 5058//5058
f 1557//1557 1505//1505 1026//1026
f 3058//3058 4748//4748 4991//4991
f 3818//3818 4178//4178 1023//1023
f 1885//1885 4978//4978 1028//1028
f 4186//4186 4619//4619 4559//4559
f 5174//5174 5189//5189 5213//5213
f 4168//4168 4144//4144 5016//5016
f 1765//1765 1071//1071 3595//3595
f 5034//5034 5033//5033 4988//4988
f 4801//4801 1885//1885 4902//4902
f 4178//4178 4801//4801 2583//2583
f 5075//5075 5098//5098 5074//5074
f 1703//1703 2400//2400 1699//1699
f 5111//5111 5110//5110 5072//5072
f 5444//5444 5482//5482 5461//5461
f 3840//3840 3812//3812 4382//4382
f 4858//4858 875//875 876//876
f 4749//4749 4754//4754 2759//2759
f 4801//4801 4902//4902 2583//2583
f 4210//4210 4211//4211 5052//5052
f 4741//4741 4767//4767 4766//4766
f 4740//4740 4741//4741 4766//4766
f 4795//4795 4794//4794 4766//4766
f 4767//4767 4795//4795 4766//4766
f 4808//4808 4807//4807 4794//4794
f 4795//4795 4808//4808 4794//4794
f 4852//4852 4851//4851 4807//4807
f 4808//4808 4852//4852 4807//4807
f 4852//4852 4870//4870 4869//4869
f 4851//4851 4852//4852 4869//4869
f 4870//4870 4896//4896 4895//4895
f 4869//4869 4870//4870 4895//4895
f 4896//4896 4928//4928 4927//4927
f 4895//4895 4896//4896 4927//4927
f 4928//4928 4971//4971 4970//4970
f 4927//4927 4928//4928 4970//4970
f 4971//4971 4972//4972 4982//4982
f 4970//4970 4971//4971 4982//4982
f 5003//5003 5002//5002 4982//4982
f 4972//4972 5003//5003 4982//4982
f 5003//5003 5028//5028 5027//5027
f 5002//5002 5003//5003 5027//5027
f 5028//5028 5090//5090 5089//5089
f 5027//5027 5028//5028 5089//5089
f 5090//5090 5123//5123 5122//5122
f 5089//5089 5090//5090 5122//5122
f 5123//5123 5144//5144 5122//5122
f 5144//5144 5175//5175 5174//5174
f 5122//5122 5144//5144 5174//5174
f 5174//5174 5175//5175 5189//5189
f 5175//5175 5214//5214 5213//5213
f 5189//5189 5175//5175 5213//5213
f 5214//5214 4630//4630 5251//5251
f 5213//5213 5214//5214 5251//5251
f 4618//4618 5282//5282 5251//5251
f 4630//4630 4618//4618 5251//5251
f 4505//4505 5281//5281 5282//5282
f 4618//4618 4505//4505 5282//5282
f 951//951 952//952 5281//5281
f 4505//4505 951//951 5281//5281
f 4211//4211 4264//4264 4263//4263
f 1071//1071 1765//1765 999//999
f 1793//1793 1943//1943 1096//1096
f 1943//1943 3821//3821 1096//1096
f 4186//4186 4512//4512 5299//5299
f 5200//5200 5233//5233 5199//5199
f 1885//1885 1014//1014 4902//4902
f 4178//4178 2583//2583 3850//3850
f 4745//4745 4882//4882 4879//4879
f 5151//5151 5137//5137 4222//4222
f 1765//1765 1703//1703 999//999
f 4242//4242 3812//3812 954//954
f 876//876 875//875 4803//4803
f 4749//4749 4773//4773 3889//3889
f 2585//2585 5475//5475 2586//2586
f 1223//1223 469//469 4487//4487
f 877//877 1023//1023 3850//3850
f 1506//1506 877//877 3850//3850
f 5098//5098 5135//5135 5112//5112
f 1023//1023 4178//4178 3850//3850
f 4250//4250 5161//5161 5137//5137
f 5151//5151 4222//4222 4223//4223
f 4915//4915 4914//4914 4875//4875
f 4785//4785 3871//3871 1506//1506
f 3653//3653 5114//5114 2551//2551
f 3449//3449 4785//4785 3748//3748
f 2491//2491 3653//3653 2551//2551
f 5115//5115 3449//3449 3748//3748
f 3471//3471 1943//1943 1793//1793
f 4928//4928 4972//4972 4971//4971
f 3871//3871 877//877 1506//1506
f 1702//1702 3471//3471 1793//1793
f 1770//1770 1687//1687 4688//4688
f 1992//1992 3205//3205 3188//3188
f 1025//1025 1752//1752 4785//4785
f 1540//1540 2080//2080 1307//1307
f 4871//4871 4870//4870 4852//4852
f 4897//4897 4896//4896 4870//4870
f 4871//4871 4897//4897 4870//4870
f 4929//4929 4928//4928 4896//4896
f 4897//4897 4929//4929 4896//4896
f 4929//4929 4950//4950 4928//4928
f 4950//4950 4973//4973 4972//4972
f 4928//4928 4950//4950 4972//4972
f 4973//4973 5004//5004 5003//5003
f 4972//4972 4973//4973 5003//5003
f 5004//5004 5029//5029 5028//5028
f 5003//5003 5004//5004 5028//5028
f 5029//5029 5091//5091 5090//5090
f 5028//5028 5029//5029 5090//5090
f 5091//5091 5092//5092 5090//5090
f 5092//5092 5124//5124 5123//5123
f 5090//5090 5092//5092 5123//5123
f 5123//5123 5124//5124 5144//5144
f 5124//5124 5176//5176 5175//5175
f 5144//5144 5124//5124 5175//5175
f 5215//5215 5214//5214 5175//5175
f 5176//5176 5215//5215 5175//5175
f 5215//5215 5252//5252 4630//4630
f 5214//5214 5215//5215 4630//4630
f 5252//5252 4496//4496 4618//4618
f 4630//4630 5252//5252 4618//4618
f 3829//3829 1770//1770 3821//3821
f 4810//4810 1577//1577 3449//3449
f 2660//2660 1292//1292 1766//1766
f 1752//1752 3871//3871 4785//4785
f 3653//3653 1577//1577 4810//4810
f 4108//4108 4989//4989 4958//4958
f 3449//3449 1025//1025 4785//4785
f 2080//2080 200//200 2561//2561
f 5343//5343 5355//5355 5342//5342
f 5528//5528 5566//5566 5527//5527
f 1410//1410 1545//1545 3455//3455
f 4592//4592 4742//4742 4741//4741
f 4742//4742 4768//4768 4767//4767
f 4741//4741 4742//4742 4767//4767
f 4768//4768 4796//4796 4795//4795
f 4767//4767 4768//4768 4795//4795
f 4809//4809 4808//4808 4795//4795
f 4796//4796 4809//4809 4795//4795
f 4809//4809 4853//4853 4852//4852
f 4808//4808 4809//4809 4852//4852
f 4852//4852 4853//4853 4871//4871
f 5029//5029 5092//5092 5091//5091
f 4874//4874 4879//4879 3653//3653
f 943//943 5188//5188 1290//1290
f 1577//1577 1025//1025 3449//3449
f 4979//4979 4282//4282 4486//4486
f 1856//1856 1828//1828 1829//1829
f 1072//1072 3859//3859 1744//1744
f 4989//4989 4988//4988 4958//4958
f 4753//4753 4754//4754 4772//4772
f 4745//4745 4879//4879 4874//4874
f 5316//5316 5315//5315 5300//5300
f 5745//5745 5783//5783 5764//5764
f 5783//5783 5763//5763 5764//5764
f 5367//5367 5400//5400 5386//5386
f 4831//4831 3455//3455 4941//4941
f 3072//3072 4173//4173 3102//3102
f 5336//5336 5358//5358 5335//5335
f 5274//5274 1577//1577 3653//3653
f 233//233 232//232 4744//4744
f 4879//4879 5274//5274 3653//3653
f 4515//4515 1701//1701 1668//1668
f 4205//4205 3451//3451 1461//1461
f 1943//1943 3829//3829 3821//3821
f 4744//4744 4745//4745 4874//4874
f 58//58 2032//2032 1878//1878
f 5783//5783 5800//5800 5763//5763
f 2542//2542 3455//3455 4831//4831
f 5229//5229 5230//5230 5237//5237
f 5029//5029 5063//5063 5092//5092
f 2726//2726 4202//4202 1000//1000
f 2562//2562 620//620 4961//4961
f 3879//3879 2891//2891 3839//3839
f 4983//4983 3879//3879 3839//3839
f 5021//5021 3819//3819 3843//3843
f 323//323 232//232 233//233
f 324//324 323//323 233//233
f 2760//2760 5927//5927 3115//3115
f 1772//1772 4152//4152 947//947
f 4983//4983 3839//3839 1770//1770
f 3829//3829 4983//4983 1770//1770
f 232//232 4745//4745 4744//4744
f 4249//4249 4597//4597 4590//4590
f 4511//4511 3841//3841 5284//5284
f 1786//1786 4730//4730 5008//5008
f 4746//4746 4831//4831 4730//4730
f 1786//1786 4746//4746 4730//4730
f 3845//3845 2542//2542 4831//4831
f 4746//4746 3845//3845 4831//4831
f 3845//3845 3455//3455 2542//2542
f 1689//1689 3672//3672 3455//3455
f 3845//3845 1689//1689 3455//3455
f 4656//4656 4742//4742 4592//4592
f 3764//3764 1774//1774 324//324
f 1299//1299 1100//1100 1585//1585
f 4549//4549 4249//4249 4590//4590
f 4656//4656 4769//4769 4768//4768
f 4742//4742 4656//4656 4768//4768
f 4769//4769 4797//4797 4796//4796
f 4768//4768 4769//4769 4796//4796
f 4797//4797 4798//4798 4809//4809
f 4796//4796 4797//4797 4809//4809
f 4854//4854 4853//4853 4809//4809
f 4798//4798 4854//4854 4809//4809
f 4872//4872 4871//4871 4853//4853
f 4854//4854 4872//4872 4853//4853
f 4898//4898 4897//4897 4871//4871
f 4872//4872 4898//4898 4871//4871
f 4898//4898 4930//4930 4929//4929
f 4897//4897 4898//4898 4929//4929
f 4930//4930 4951//4951 4950//4950
f 4929//4929 4930//4930 4950//4950
f 4974//4974 4973//4973 4950//4950
f 4951//4951 4974//4974 4950//4950
f 5005//5005 5004//5004 4973//4973
f 4974//4974 5005//5005 4973//4973
f 5030//5030 5029//5029 5004//5004
f 5005//5005 5030//5030 5004//5004
f 5030//5030 5051//5051 5029//5029
f 5029//5029 5051//5051 5063//5063
f 5051//5051 5093//5093 5092//5092
f 5063//5063 5051//5051 5092//5092
f 5093//5093 5125//5125 5124//5124
f 5092//5092 5093//5093 5124//5124
f 5125//5125 5177//5177 5176//5176
f 5124//5124 5125//5125 5176//5176
f 5177//5177 5216//5216 5215//5215
f 5176//5176 5177//5177 5215//5215
f 5253//5253 5252//5252 5215//5215
f 5216//5216 5253//5253 5215//5215
f 5283//5283 4496//4496 5252//5252
f 5253//5253 5283//5283 5252//5252
f 4263//4263 4264//4264 4295//4295
f 5273//5273 1774//1774 5272//5272
f 4659//4659 4688//4688 1687//1687
f 3890//3890 4634//4634 3891//3891
f 5783//5783 5819//5819 5800//5800
f 5919//5919 5937//5937 5946//5946
f 1774//1774 323//323 324//324
f 3110//3110 1022//1022 177//177
f 4656//4656 4512//4512 4529//4529
f 3468//3468 3263//3263 4584//4584
f 4656//4656 4529//4529 4769//4769
f 4798//4798 4797//4797 4769//4769
f 4854//4854 4898//4898 4872//4872
f 226//226 2660//2660 1766//1766
f 5150//5150 5135//5135 5136//5136
f 5158//5158 5199//5199 5185//5185
f 5273//5273 5272//5272 5234//5234
f 1638//1638 1774//1774 3764//3764
f 4835//4835 4205//4205 3858//3858
f 4749//4749 3519//3519 4773//4773
f 5037//5037 5036//5036 4121//4121
f 1315//1315 4904//4904 3140//3140
f 4347//4347 5234//5234 5202//5202
f 1774//1774 1638//1638 5272//5272
f 4732//4732 4752//4752 1022//1022
f 3519//3519 4749//4749 3498//3498
f 5640//5640 5639//5639 5607//5607
f 5839//5839 5853//5853 5838//5838
f 5853//5853 5871//5871 5838//5838
f 1786//1786 5971//5971 4758//4758
f 2668//2668 2031//2031 2009//2009
f 4916//4916 4746//4746 1786//1786
f 3205//3205 1992//1992 4130//4130
f 3768//3768 2582//2582 4752//4752
f 1784//1784 3768//3768 4752//4752
f 4930//4930 4974//4974 4951//4951
f 5203//5203 5220//5220 5202//5202
f 4347//4347 5273//5273 5234//5234
f 3670//3670 1821//1821 2582//2582
f 3768//3768 3670//3670 2582//2582
f 5187//5187 5203//5203 5161//5161
f 4263//4263 5052//5052 4211//4211
f 4830//4830 4835//4835 3858//3858
f 4122//4122 5037//5037 4121//4121
f 5220//5220 4347//4347 5202//5202
f 5741//5741 5756//5756 3505//3505
f 3505//3505 3458//3458 5741//5741
f 2236//2236 1786//1786 4758//4758
f 4916//4916 3845//3845 4746//4746
f 2882//2882 4904//4904 2080//2080
f 4714//4714 993//993 2410//2410
f 1409//1409 3350//3350 5077//5077
f 1815//1815 1556//1556 1105//1105
f 4186//4186 4559//4559 4529//4529
f 4559//4559 4770//4770 4769//4769
f 4529//4529 4559//4559 4769//4769
f 4799//4799 4798//4798 4769//4769
f 4770//4770 4799//4799 4769//4769
f 4855//4855 4854//4854 4798//4798
f 4799//4799 4855//4855 4798//4798
f 4899//4899 4898//4898 4854//4854
f 4855//4855 4899//4899 4854//4854
f 4931//4931 4930//4930 4898//4898
f 4899//4899 4931//4931 4898//4898
f 4975//4975 4974//4974 4930//4930
f 4931//4931 4975//4975 4930//4930
f 5006//5006 5005//5005 4974//4974
f 4975//4975 5006//5006 4974//4974
f 5031//5031 5030//5030 5005//5005
f 5006//5006 5031//5031 5005//5005
f 5064//5064 5051//5051 5030//5030
f 5031//5031 5064//5064 5030//5030
f 5094//5094 5093//5093 5051//5051
f 5064//5064 5094//5094 5051//5051
f 5126//5126 5125//5125 5093//5093
f 5094//5094 5126//5126 5093//5093
f 5126//5126 5178//5178 5177//5177
f 5125//5125 5126//5126 5177//5177
f 5217//5217 5216//5216 5177//5177
f 5178//5178 5217//5217 5177//5177
f 5254//5254 5253//5253 5216//5216
f 5217//5217 5254//5254 5216//5216
f 5254//5254 5284//5284 5283//5283
f 5253//5253 5254//5254 5283//5283
f 5283//5283 5284//5284 3841//3841
f 5200//5200 5199//5199 5158//5158
f 3670//3670 3450//3450 946//946
f 1821//1821 3670//3670 946//946
f 3450//3450 3808//3808 178//178
f 4250//4250 5187//5187 5161//5161
f 2949//2949 5243//5243 4513//4513
f 5098//5098 5112//5112 5073//5073
f 5137//5137 5150//5150 5136//5136
f 4860//4860 4865//4865 1940//1940
f 946//946 3450//3450 178//178
f 5803//5803 5802//5802 5767//5767
f 5300//5300 5308//5308 4592//4592
f 3456//3456 2236//2236 4758//4758
f 4751//4751 3456//3456 4758//4758
f 4731//4731 1786//1786 2236//2236
f 3456//3456 4731//4731 2236//2236
f 3875//3875 4916//4916 1786//1786
f 4731//4731 3875//3875 1786//1786
f 42//42 3845//3845 4916//4916
f 3875//3875 42//42 4916//4916
f 1065//1065 1689//1689 3845//3845
f 42//42 1065//1065 3845//3845
f 5151//5151 4250//4250 5137//5137
f 4158//4158 4174//4174 4157//4157
f 178//178 3808//3808 1766//1766
f 2986//2986 3200//3200 4547//4547
f 4900//4900 4899//4899 4855//4855
f 4976//4976 4975//4975 4931//4931
f 5031//5031 5094//5094 5064//5064
f 274//274 5076//5076 3453//3453
f 2755//2755 4740//4740 4503//4503
f 5203//5203 5202//5202 5161//5161
f 2681//2681 2704//2704 4696//4696
f 2549//2549 1627//1627 1025//1025
f 1745//1745 4576//4576 4177//4177
f 4865//4865 2491//2491 1940//1940
f 3480//3480 5756//5756 3459//3459
f 5398//5398 5429//5429 5397//5397
f 5500//5500 5538//5538 5518//5518
f 3966//3966 3988//3988 3965//3965
f 2528//2528 4228//4228 4829//4829
f 4333//4333 4378//4378 4330//4330
f 1700//1700 3879//3879 4983//4983
f 1638//1638 1404//1404 909//909
f 4900//4900 4931//4931 4899//4899
f 4976//4976 5006//5006 4975//4975
f 1639//1639 1638//1638 909//909
f 5556//5556 5589//5589 5555//5555
f 4308//4308 4333//4333 4307//4307
f 4333//4333 4330//4330 4331//4331
f 4710//4710 4565//4565 4588//4588
f 4838//4838 5041//5041 3846//3846
f 4865//4865 4860//4860 3814//3814
f 3480//3480 3909//3909 3908//3908
f 2603//2603 2584//2584 2585//2585
f 4932//4932 4931//4931 4900//4900
f 5007//5007 5006//5006 4976//4976
f 5095//5095 5094//5094 5031//5031
f 4177//4177 1072//1072 3796//3796
f 5161//5161 5202//5202 5186//5186
f 323//323 3860//3860 232//232
f 2551//2551 3748//3748 1909//1909
f 4594//4594 4597//4597 4560//4560
f 4743//4743 4865//4865 3814//3814
f 1766//1766 3264//3264 4351//4351
f 4333//4333 4331//4331 4307//4307
f 5381//5381 5396//5396 5375//5375
f 5756//5756 3480//3480 3908//3908
f 5661//5661 5706//5706 5675//5675
f 5749//5749 5771//5771 5719//5719
f 5378//5378 5401//5401 5413//5413
f 1576//1576 3456//3456 4751//4751
f 1777//1777 1576//1576 4751//4751
f 5219//5219 4731//4731 3456//3456
f 1576//1576 5219//5219 3456//3456
f 4802//4802 3875//3875 4731//4731
f 5219//5219 4802//4802 4731//4731
f 4837//4837 42//42 3875//3875
f 4802//4802 4837//4837 3875//3875
f 4837//4837 4134//4134 1065//1065
f 42//42 4837//4837 1065//1065
f 3908//3908 3505//3505 5756//5756
f 4619//4619 4729//4729 4559//4559
f 4417//4417 4394//4394 4418//4418
f 4729//4729 4771//4771 4770//4770
f 4559//4559 4729//4729 4770//4770
f 4800//4800 4799//4799 4770//4770
f 4771//4771 4800//4800 4770//4770
f 4856//4856 4855//4855 4799//4799
f 4800//4800 4856//4856 4799//4799
f 4901//4901 4900//4900 4855//4855
f 4856//4856 4901//4901 4855//4855
f 4114//4114 4932//4932 4900//4900
f 4901//4901 4114//4114 4900//4900
f 4114//4114 4931//4931 4932//4932
f 4114//4114 4952//4952 4931//4931
f 4153//4153 4976//4976 4931//4931
f 4952//4952 4153//4153 4931//4931
f 4183//4183 5007//5007 4976//4976
f 4153//4153 4183//4183 4976//4976
f 4183//4183 5006//5006 5007//5007
f 5032//5032 5031//5031 5006//5006
f 4183//4183 5032//5032 5006//5006
f 5032//5032 5052//5052 5031//5031
f 5096//5096 5095//5095 5031//5031
f 5052//5052 5096//5096 5031//5031
f 5096//5096 5094//5094 5095//5095
f 5127//5127 5126//5126 5094//5094
f 5096//5096 5127//5127 5094//5094
f 5179//5179 5178//5178 5126//5126
f 5127//5127 5179//5179 5126//5126
f 5218//5218 5217//5217 5178//5178
f 5179//5179 5218//5218 5178//5178
f 5218//5218 5255//5255 5254//5254
f 5217//5217 5218//5218 5254//5254
f 5255//5255 5285//5285 5284//5284
f 5254//5254 5255//5255 5284//5284
f 5285//5285 5286//5286 5284//5284
f 5284//5284 5286//5286 5294//5294
f 1627//1627 1635//1635 3871//3871
f 1773//1773 1774//1774 5273//5273
f 3697//3697 993//993 4554//4554
f 4644//4644 3697//3697 4554//4554
f 2691//2691 2946//2946 993//993
f 3697//3697 2691//2691 993//993
f 2538//2538 2943//2943 2149//2149
f 3063//3063 4180//4180 3114//3114
f 1770//1770 4688//4688 3472//3472
f 3821//3821 1770//1770 3472//3472
f 3848//3848 1745//1745 4977//4977
f 3505//3505 3908//3908 3522//3522
f 4934//4934 1777//1777 4751//4751
f 1576//1576 4802//4802 5219//5219
f 4696//4696 2704//2704 4821//4821
f 3820//3820 5076//5076 3807//3807
f 4785//4785 1910//1910 1795//1795
f 1746//1746 233//233 4743//4743
f 4857//4857 4856//4856 4800//4800
f 4114//4114 4153//4153 4952//4952
f 4183//4183 5052//5052 5032//5032
f 5128//5128 5127//5127 5096//5096
f 5255//5255 5286//5286 5285//5285
f 3632//3632 1094//1094 3867//3867
f 233//233 4744//4744 4743//4743
f 4376//4376 1773//1773 5273//5273
f 3748//3748 4785//4785 1795//1795
f 3630//3630 785//785 1793//1793
f 1865//1865 255//255 1864//1864
f 1025//1025 3851//3851 3871//3871
f 5363//5363 5354//5354 5341//5341
f 785//785 1702//1702 1793//1793
f 3815//3815 1705//1705 3630//3630
f 5355//5355 5382//5382 5364//5364
f 5308//5308 5307//5307 4592//4592
f 4747//4747 4802//4802 1576//1576
f 4815//4815 4837//4837 4802//4802
f 4747//4747 4815//4815 4802//4802
f 4815//4815 3084//3084 4134//4134
f 4837//4837 4815//4815 4134//4134
f 2450//2450 3698//3698 2646//2646
f 1404//1404 233//233 1746//1746
f 4800//4800 4827//4827 4857//4857
f 4857//4857 4901//4901 4856//4856
f 4210//4210 5052//5052 4183//4183
f 5128//5128 5179//5179 5127//5127
f 5190//5190 5218//5218 5179//5179
f 5255//5255 5260//5260 5286//5286
f 1689//1689 4112//4112 4130//4130
f 720//720 4276//4276 4275//4275
f 1795//1795 1705//1705 4909//4909
f 909//909 1404//1404 1746//1746
f 4909//4909 1705//1705 3815//3815
f 5234//5234 5240//5240 5233//5233
f 2576//2576 3921//3921 4734//4734
f 2585//2585 2604//2604 2603//2603
f 4644//4644 5013//5013 3697//3697
f 4677//4677 2410//2410 3595//3595
f 3248//3248 3864//3864 3709//3709
f 2660//2660 226//226 4207//4207
f 5234//5234 5233//5233 5201//5201
f 4378//4378 4333//4333 4379//4379
f 5061//5061 1777//1777 4903//4903
f 5202//5202 5201//5201 5159//5159
f 4469//4469 4710//4710 4771//4771
f 4729//4729 4469//4469 4771//4771
f 4588//4588 4800//4800 4771//4771
f 4710//4710 4588//4588 4771//4771
f 4588//4588 4828//4828 4827//4827
f 4800//4800 4588//4588 4827//4827
f 4828//4828 4450//4450 4857//4857
f 4827//4827 4828//4828 4857//4857
f 4076//4076 4901//4901 4857//4857
f 4450//4450 4076//4076 4857//4857
f 2944//2944 998//998 3537//3537
f 3894//3894 3883//3883 3884//3884
f 4515//4515 3334//3334 3810//3810
f 3648//3648 4012//4012 3647//3647
f 4263//4263 5096//5096 5052//5052
f 4295//4295 5128//5128 5096//5096
f 4263//4263 4295//4295 5096//5096
f 5180//5180 5179//5179 5128//5128
f 4295//4295 5180//5180 5128//5128
f 5179//5179 5180//5180 5190//5190
f 4367//4367 5218//5218 5190//5190
f 5180//5180 4367//4367 5190//5190
f 4388//4388 5255//5255 5218//5218
f 4367//4367 4388//4388 5218//5218
f 5255//5255 4388//4388 5260//5260
f 4388//4388 4433//4433 5286//5286
f 5260//5260 4388//4388 5286//5286
f 1705//1705 785//785 3630//3630
f 4186//4186 4529//4529 4512//4512
f 3469//3469 4812//4812 5013//5013
f 4812//4812 2596//2596 3697//3697
f 5013//5013 4812//4812 3697//3697
f 2596//2596 3413//3413 2691//2691
f 3697//3697 2596//2596 2691//2691
f 4489//4489 4488//4488 4471//4471
f 1461//1461 3451//3451 3861//3861
f 4878//4878 4018//4018 4877//4877
f 3455//3455 3672//3672 1103//1103
f 4803//4803 3812//3812 3840//3840
f 5135//5135 5134//5134 5112//5112
f 5202//5202 5234//5234 5201//5201
f 1026//1026 1505//1505 786//786
f 993//993 3454//3454 2410//2410
f 820//820 688//688 819//819
f 5446//5446 5445//5445 5409//5409
f 1093//1093 5974//5974 1306//1306
f 5566//5566 5615//5615 5565//5565
f 3554//3554 1777//1777 5061//5061
f 1066//1066 3554//3554 5061//5061
f 2563//2563 1576//1576 1777//1777
f 3554//3554 2563//2563 1777//1777
f 357//357 4747//4747 1576//1576
f 2563//2563 357//357 1576//1576
f 357//357 4524//4524 4815//4815
f 4747//4747 357//357 4815//4815
f 4815//4815 4524//4524 3084//3084
f 5204//5204 5203//5203 4250//4250
f 5186//5186 5202//5202 5159//5159
f 3267//3267 3060//3060 3252//3252
f 4602//4602 4451//4451 2876//2876
f 4881//4881 1706//1706 2490//2490
f 4775//4775 2589//2589 4774//4774
f 4634//4634 3881//3881 3891//3891
f 4137//4137 4114//4114 4138//4138
f 5307//5307 5306//5306 5299//5299
f 4433//4433 469//469 1223//1223
f 5161//5161 5186//5186 5160//5160
f 1753//1753 1505//1505 1767//1767
f 1542//1542 3572//3572 3825//3825
f 4828//4828 4588//4588 4459//4459
f 5679//5679 5710//5710 5678//5678
f 5774//5774 5773//5773 5734//5734
f 5735//5735 5774//5774 5734//5734
f 5578//5578 5612//5612 5611//5611
f 5828//5828 1807//1807 5863//5863
f 5599//5599 5578//5578 5611//5611
f 5611//5611 5644//5644 5610//5610
f 1224//1224 1349//1349 1504//1504
f 4782//4782 3106//3106 5892//5892
f 5692//5692 5691//5691 5660//5660
f 5845//5845 5878//5878 5844//5844
f 5891//5891 5915//5915 5903//5903
f 3648//3648 447//447 4012//4012
f 990//990 820//820 518//518
f 5546//5546 5581//5581 5545//5545
f 5577//5577 5609//5609 5628//5628
f 5506//5506 5487//5487 5543//5543
f 5594//5594 5593//5593 5559//5559
f 5910//5910 5909//5909 5887//5887
f 2603//2603 5547//5547 2584//2584
f 4756//4756 5419//5419 4757//4757
f 5346//5346 5377//5377 5345//5345
f 5863//5863 5879//5879 1807//1807
f 5453//5453 5435//5435 5436//5436
f 5453//5453 5471//5471 5435//5435
f 5878//5878 1780//1780 5877//5877
f 5874//5874 5873//5873 5841//5841
f 5773//5773 5789//5789 5750//5750
f 3499//3499 3474//3474 3475//3475
f 5487//5487 5523//5523 5544//5544
f 5773//5773 5750//5750 5734//5734
f 5693//5693 5710//5710 5720//5720
f 5521//5521 5520//5520 5486//5486
f 5399//5399 5431//5431 5398//5398
f 5879//5879 221//221 220//220
f 1327//1327 5752//5752 219//219
f 5612//5612 5644//5644 5611//5611
f 5678//5678 5710//5710 5693//5693
f 5711//5711 5710//5710 5679//5679
f 1860//1860 5908//5908 130//130
f 5902//5902 5911//5911 5888//5888
f 5451//5451 5468//5468 5414//5414
f 5808//5808 5807//5807 5773//5773
f 5774//5774 5808//5808 5773//5773
f 3162//3162 5920//5920 3082//3082
f 5672//5672 5689//5689 5639//5639
f 5633//5633 5618//5618 5581//5581
f 1195//1195 905//905 1132//1132
f 1843//1843 1842//1842 5681//5681
f 5435//5435 5434//5434 5418//5418
f 5544//5544 5578//5578 5599//5599
f 5707//5707 5731//5731 5706//5706
f 5582//5582 5633//5633 5581//5581
f 5698//5698 3623//3623 4097//4097
f 5655//5655 5689//5689 5688//5688
f 5436//5436 5435//5435 5418//5418
f 5667//5667 5666//5666 5618//5618
f 5706//5706 5705//5705 5675//5675
f 5843//5843 5844//5844 5860//5860
f 5419//5419 5418//5418 4757//4757
f 3458//3458 3457//3457 5684//5684
f 5829//5829 3623//3623 5698//5698
f 5829//5829 1503//1503 3623//3623
f 5336//5336 5335//5335 5320//5320
f 5633//5633 5667//5667 5618//5618
f 5420//5420 5419//5419 4756//4756
f 5420//5420 5436//5436 5419//5419
f 5453//5453 5487//5487 5471//5471
f 1973//1973 1972//1972 2625//2625
f 2974//2974 1503//1503 5829//5829
f 5523//5523 5562//5562 5544//5544
f 5544//5544 5562//5562 5578//5578
f 5645//5645 5644//5644 5612//5612
f 5644//5644 5643//5643 5610//5610
f 5878//5878 5877//5877 5844//5844
f 5369//5369 5388//5388 5378//5378
f 5645//5645 5679//5679 5644//5644
f 5683//5683 1503//1503 2974//2974
f 1503//1503 5683//5683 3086//3086
f 5736//5736 5735//5735 5710//5710
f 5711//5711 5736//5736 5710//5710
f 5593//5593 5592//5592 5558//5558
f 5651//5651 5650//5650 5615//5615
f 5388//5388 5414//5414 5401//5401
f 5310//5310 5327//5327 5309//5309
f 5808//5808 1787//1787 5807//5807
f 2555//2555 2554//2554 5371//5371
f 5487//5487 5544//5544 5543//5543
f 2557//2557 5336//5336 5320//5320
f 5403//5403 5402//5402 4750//4750
f 4720//4720 5311//5311 4721//4721
f 5370//5370 5369//5369 5351//5351
f 5370//5370 5388//5388 5369//5369
f 5415//5415 5469//5469 5451//5451
f 5887//5887 5909//5909 5886//5886
f 5343//5343 5344//5344 5355//5355
f 5862//5862 5863//5863 96//96
f 5863//5863 5862//5862 5827//5827
f 5707//5707 5706//5706 5661//5661
f 5720//5720 5734//5734 5750//5750
f 5629//5629 5662//5662 5609//5609
f 1831//1831 1797//1797 5885//5885
f 4409//4409 828//828 856//856
f 5415//5415 5451//5451 5414//5414
f 5892//5892 5891//5891 5859//5859
f 5828//5828 5863//5863 5827//5827
f 5863//5863 1807//1807 96//96
f 894//894 336//336 1034//1034
f 5770//5770 5769//5769 5731//5731
f 5643//5643 5678//5678 5664//5664
f 5909//5909 2947//2947 3488//3488
f 5675//5675 5705//5705 5692//5692
f 5892//5892 3106//3106 5891//5891
f 5358//5358 5368//5368 5367//5367
f 5368//5368 5378//5378 5387//5387
f 5334//5334 5358//5358 5367//5367
f 5367//5367 5368//5368 5387//5387
f 5768//5768 5786//5786 5748//5748
f 5730//5730 5768//5768 5748//5748
f 5662//5662 5661//5661 5609//5609
f 5596//5596 5629//5629 5609//5609
f 5732//5732 5770//5770 5731//5731
f 5678//5678 5693//5693 5664//5664
f 1906//1906 5696//5696 355//355
f 5765//5765 5746//5746 5727//5727
f 5302//5302 5311//5311 4720//4720
f 676//676 2758//2758 332//332
f 5877//5877 5876//5876 5844//5844
f 5418//5418 5434//5434 5402//5402
f 5403//5403 5418//5418 5402//5402
f 559//559 982//982 202//202
f 5661//5661 5675//5675 5628//5628
f 5719//5719 5770//5770 5732//5732
f 5639//5639 5657//5657 5624//5624
f 5386//5386 5385//5385 5366//5366
f 1756//1756 2960//2960 763//763
f 5488//5488 5487//5487 5453//5453
f 5488//5488 5523//5523 5487//5487
f 5562//5562 5612//5612 5578//5578
f 5680//5680 5679//5679 5645//5645
f 2586//2586 2605//2605 2585//2585
f 3066//3066 3824//3824 1828//1828
f 1913//1913 1502//1502 3079//3079
f 1502//1502 2960//2960 1756//1756
f 3079//3079 1502//1502 1756//1756
f 4097//4097 5918//5918 5698//5698
f 5411//5411 5448//5448 5410//5410
f 676//676 3002//3002 2758//2758
f 5680//5680 5711//5711 5679//5679
f 5593//5593 5626//5626 5592//5592
f 5775//5775 5774//5774 5735//5735
f 5736//5736 5775//5775 5735//5735
f 5807//5807 5828//5828 5789//5789
f 3086//3086 4192//4192 4160//4160
f 5821//5821 5855//5855 5820//5820
f 5500//5500 5518//5518 5484//5484
f 1779//1779 5877//5877 1780//1780
f 1913//1913 2300//2300 1502//1502
f 5912//5912 4782//4782 5876//5876
f 5706//5706 5730//5730 5705//5705
f 5419//5419 5436//5436 5418//5418
f 5785//5785 5803//5803 5767//5767
f 5732//5732 5731//5731 5707//5707
f 5560//5560 5577//5577 5542//5542
f 5522//5522 5560//5560 5542//5542
f 5616//5616 5651//5651 5615//5615
f 5821//5821 5820//5820 5783//5783
f 5542//5542 5577//5577 5595//5595
f 130//130 3488//3488 3489//3489
f 5709//5709 5720//5720 5733//5733
f 5720//5720 5750//5750 5749//5749
f 1107//1107 1135//1135 1070//1070
f 2735//2735 1197//1197 2934//2934
f 1197//1197 763//763 2934//2934
f 2602//2602 2627//2627 2626//2626
f 5344//5344 5345//5345 5355//5355
f 5627//5627 5626//5626 5593//5593
f 3698//3698 1312//1312 3485//3485
f 5437//5437 5436//5436 5420//5420
f 5421//5421 5437//5437 5420//5420
f 5454//5454 5453//5453 5436//5436
f 5437//5437 5454//5454 5436//5436
f 5524//5524 5523//5523 5488//5488
f 5643//5643 5664//5664 5631//5631
f 5333//5333 5327//5327 5347//5347
f 5011//5011 2021//2021 2085//2085
f 5600//5600 5612//5612 5562//5562
f 5600//5600 5645//5645 5612//5612
f 5643//5643 5631//5631 5610//5610
f 5712//5712 5711//5711 5680//5680
f 5733//5733 5720//5720 5749//5749
f 2585//2585 2584//2584 5475//5475
f 2584//2584 5508//5508 5475//5475
f 2300//2300 2441//2441 1502//1502
f 879//879 834//834 880//880
f 1132//1132 905//905 1106//1106
f 5576//5576 5542//5542 5594//5594
f 5316//5316 5317//5317 5345//5345
f 5746//5746 5784//5784 5745//5745
f 5693//5693 5720//5720 5709//5709
f 5809//5809 5808//5808 5774//5774
f 5651//5651 398//398 5697//5697
f 5775//5775 5809//5809 5774//5774
f 5809//5809 1787//1787 5808//5808
f 5429//5429 5446//5446 5409//5409
f 5789//5789 5828//5828 5788//5788
f 5828//5828 5827//5827 5788//5788
f 5618//5618 5666//5666 5617//5617
f 5679//5679 5678//5678 5644//5644
f 5388//5388 5401//5401 5378//5378
f 2548//2548 2678//2678 128//128
f 5916//5916 3065//3065 2960//2960
f 1502//1502 5916//5916 2960//2960
f 5542//5542 5595//5595 5594//5594
f 5608//5608 5640//5640 5607//5607
f 5785//5785 5767//5767 5747//5747
f 2602//2602 5582//5582 5547//5547
f 5912//5912 1802//1802 4782//4782
f 5769//5769 5804//5804 5768//5768
f 5327//5327 5348//5348 5347//5347
f 5804//5804 5824//5824 5768//5768
f 5309//5309 5327//5327 5333//5333
f 5508//5508 5545//5545 5507//5507
f 5916//5916 2441//2441 1191//1191
f 5557//5557 5539//5539 5519//5519
f 5521//5521 5558//5558 5520//5520
f 5502//5502 5501//5501 5464//5464
f 5651//5651 5665//5665 5650//5650
f 5500//5500 5484//5484 5462//5462
f 5916//5916 1191//1191 3065//3065
f 3065//3065 2900//2900 2735//2735
f 2960//2960 3065//3065 2735//2735
f 676//676 67//67 3002//3002
f 1969//1969 5667//5667 5633//5633
f 5886//5886 3488//3488 5853//5853
f 1503//1503 2977//2977 3787//3787
f 2556//2556 5336//5336 2557//2557
f 5432//5432 5468//5468 5467//5467
f 5378//5378 5413//5413 5412//5412
f 5387//5387 5378//5378 5412//5412
f 5334//5334 5367//5367 5357//5357
f 5335//5335 5334//5334 5357//5357
f 2556//2556 5351//5351 5336//5336
f 5666//5666 5651//5651 5617//5617
f 5389//5389 5388//5388 5370//5370
f 4755//4755 5437//5437 5421//5421
f 2595//2595 2758//2758 3002//3002
f 1830//1830 1857//1857 1829//1829
f 2934//2934 2960//2960 2735//2735
f 5516//5516 5554//5554 5536//5536
f 5708//5708 5733//5733 5749//5749
f 5789//5789 5788//5788 5750//5750
f 5454//5454 5488//5488 5453//5453
f 5563//5563 5562//5562 5523//5523
f 5524//5524 5563//5563 5523//5523
f 5646//5646 5645//5645 5600//5600
f 5386//5386 5411//5411 5385//5385
f 5465//5465 5486//5486 5449//5449
f 5319//5319 5335//5335 5318//5318
f 5561//5561 5560//5560 5522//5522
f 5646//5646 5647//5647 5645//5645
f 5681//5681 5680//5680 5645//5645
f 5770//5770 5805//5805 5769//5769
f 4977//4977 5162//5162 5919//5919
f 3065//3065 1862//1862 2900//2900
f 1862//1862 1185//1185 2735//2735
f 2900//2900 1862//1862 2735//2735
f 1185//1185 5754//5754 3224//3224
f 2735//2735 1185//1185 3224//3224
f 5754//5754 2664//2664 3224//3224
f 3224//3224 2664//2664 2595//2595
f 5945//5945 5940//5940 5939//5939
f 5647//5647 5681//5681 5645//5645
f 5681//5681 5694//5694 5680//5680
f 5694//5694 5712//5712 5680//5680
f 5737//5737 5736//5736 5711//5711
f 5712//5712 5737//5737 5711//5711
f 5709//5709 5733//5733 5708//5708
f 1796//1796 1797//1797 1830//1830
f 5411//5411 5412//5412 5449//5449
f 5676//5676 5707//5707 5661//5661
f 5328//5328 5349//5349 5348//5348
f 5540//5540 5558//5558 5521//5521
f 5327//5327 5328//5328 5348//5348
f 5349//5349 5356//5356 5348//5348
f 5356//5356 5366//5366 5348//5348
f 5335//5335 5334//5334 5318//5318
f 5877//5877 1804//1804 5912//5912
f 1788//1788 5809//5809 5775//5775
f 1191//1191 1862//1862 3065//3065
f 1185//1185 5321//5321 2664//2664
f 5754//5754 1185//1185 2664//2664
f 2664//2664 5779//5779 2595//2595
f 2595//2595 5779//5779 2758//2758
f 799//799 800//800 832//832
f 5431//5431 5430//5430 5398//5398
f 1788//1788 1787//1787 5809//5809
f 5434//5434 5433//5433 5402//5402
f 5439//5439 2566//2566 5474//5474
f 1968//1968 1941//1941 5667//5667
f 5805//5805 5804//5804 5769//5769
f 5610//5610 5631//5631 5598//5598
f 5662//5662 5676//5676 5661//5661
f 5308//5308 5326//5326 5307//5307
f 5507//5507 5492//5492 5474//5474
f 5348//5348 5365//5365 5347//5347
f 5384//5384 5431//5431 5399//5399
f 5328//5328 5327//5327 5311//5311
f 5540//5540 5593//5593 5558//5558
f 5660//5660 5659//5659 5626//5626
f 5627//5627 5660//5660 5626//5626
f 5876//5876 5877//5877 5912//5912
f 1969//1969 1968//1968 5667//5667
f 5806//5806 5844//5844 5825//5825
f 1191//1191 149//149 1862//1862
f 2664//2664 5321//5321 5779//5779
f 5416//5416 5415//5415 5389//5389
f 5594//5594 5628//5628 5642//5642
f 5824//5824 5823//5823 5786//5786
f 5786//5786 5785//5785 5748//5748
f 5301//5301 5316//5316 5300//5300
f 5384//5384 5399//5399 5377//5377
f 5365//5365 5384//5384 5377//5377
f 156//156 96//96 1807//1807
f 5580//5580 5579//5579 5545//5545
f 5768//5768 5824//5824 5786//5786
f 5595//5595 5577//5577 5594//5594
f 149//149 2919//2919 1862//1862
f 1862//1862 2919//2919 1185//1185
f 5321//5321 2661//2661 5779//5779
f 2661//2661 2836//2836 2758//2758
f 5779//5779 2661//2661 2758//2758
f 5518//5518 5556//5556 5517//5517
f 5822//5822 5803//5803 5785//5785
f 5485//5485 5502//5502 5464//5464
f 5718//5718 5747//5747 5717//5717
f 3684//3684 3485//3485 3722//3722
f 5463//5463 5462//5462 5429//5429
f 4342//4342 4341//4341 4319//4319
f 2021//2021 5011//5011 3001//3001
f 5581//5581 5618//5618 5580//5580
f 5335//5335 5358//5358 5334//5334
f 5347//5347 5377//5377 5346//5346
f 5318//5318 5334//5334 5350//5350
f 5485//5485 5519//5519 5502//5502
f 5592//5592 5591//5591 5575//5575
f 5608//5608 5607//5607 5574//5574
f 5674//5674 5703//5703 5673//5673
f 514//514 3582//3582 2836//2836
f 1185//1185 2919//2919 5321//5321
f 2661//2661 2762//2762 2836//2836
f 2762//2762 3838//3838 2836//2836
f 3838//3838 514//514 2836//2836
f 5658//5658 5674//5674 5641//5641
f 5822//5822 5842//5842 5803//5803
f 5617//5617 5616//5616 5579//5579
f 1941//1941 398//398 5651//5651
f 5667//5667 1941//1941 5651//5651
f 5659//5659 5691//5691 5658//5658
f 2861//2861 252//252 5910//5910
f 1942//1942 2818//2818 4342//4342
f 2863//2863 402//402 828//828
f 3033//3033 149//149 3265//3265
f 5464//5464 5463//5463 5429//5429
f 5430//5430 5464//5464 5429//5429
f 5310//5310 5309//5309 4723//4723
f 4722//4722 5310//5310 4723//4723
f 5673//5673 5672//5672 5640//5640
f 5547//5547 5581//5581 5546//5546
f 2919//2919 4873//4873 5321//5321
f 5474//5474 5492//5492 5473//5473
f 5963//5963 5919//5919 2540//2540
f 5625//5625 5641//5641 5591//5591
f 5449//5449 5448//5448 5411//5411
f 2971//2971 2947//2947 5909//5909
f 5345//5345 5383//5383 5355//5355
f 1768//1768 1800//1800 1799//1799
f 1969//1969 1970//1970 2008//2008
f 4255//4255 4272//4272 4254//4254
f 4237//4237 4255//4255 4254//4254
f 5162//5162 3796//3796 1741//1741
f 5557//5557 5592//5592 5575//5575
f 5658//5658 5641//5641 5625//5625
f 5522//5522 5542//5542 5505//5505
f 5558//5558 5557//5557 5520//5520
f 2818//2818 4343//4343 5810//5810
f 3627//3627 3033//3033 3265//3265
f 5430//5430 5429//5429 5398//5398
f 5765//5765 5784//5784 5746//5746
f 3033//3033 2919//2919 149//149
f 3004//3004 2661//2661 5321//5321
f 4873//4873 3004//3004 5321//5321
f 5879//5879 220//220 1807//1807
f 5677//5677 5708//5708 5676//5676
f 5859//5859 5891//5891 5875//5875
f 5438//5438 5437//5437 4755//4755
f 5438//5438 5454//5454 5437//5437
f 1800//1800 1768//1768 3106//3106
f 4226//4226 2442//2442 4237//4237
f 5317//5317 5316//5316 5301//5301
f 5363//5363 5375//5375 5354//5354
f 5407//5407 5444//5444 5428//5428
f 5351//5351 5369//5369 5358//5358
f 5746//5746 5745//5745 5716//5716
f 5317//5317 5332//5332 5346//5346
f 5429//5429 5409//5409 5397//5397
f 2678//2678 72//72 128//128
f 5574//5574 5607//5607 5573//5573
f 5842//5842 5874//5874 5841//5841
f 5727//5727 5746//5746 5716//5716
f 5903//5903 5902//5902 5889//5889
f 5377//5377 5398//5398 5376//5376
f 5915//5915 3473//3473 5903//5903
f 5581//5581 5580//5580 5545//5545
f 3033//3033 5102//5102 2919//2919
f 5102//5102 4873//4873 2919//2919
f 761//761 2762//2762 2661//2661
f 3004//3004 761//761 2661//2661
f 761//761 2762//2762 3838//3838
f 3838//3838 2762//2762 514//514
f 4226//4226 4227//4227 2442//2442
f 5528//5528 5579//5579 5566//5566
f 5489//5489 5488//5488 5454//5454
f 5650//5650 5649//5649 5614//5614
f 5489//5489 5524//5524 5488//5488
f 2179//2179 2234//2234 60//60
f 5841//5841 5872//5872 5840//5840
f 2085//2085 524//524 146//146
f 1132//1132 1133//1133 1178//1178
f 5407//5407 5428//5428 5396//5396
f 4193//4193 3116//3116 4227//4227
f 5501//5501 5500//5500 5462//5462
f 5463//5463 5501//5501 5462//5462
f 5727//5727 5716//5716 5702//5702
f 5650//5650 5665//5665 5649//5649
f 5915//5915 2970//2970 3473//3473
f 2077//2077 5102//5102 3033//3033
f 5102//5102 5493//5493 4873//4873
f 761//761 2646//2646 514//514
f 2762//2762 761//761 514//514
f 2646//2646 3485//3485 3582//3582
f 514//514 2646//2646 3582//3582
f 1131//1131 2315//2315 429//429
f 5787//5787 5826//5826 5806//5806
f 5858//5858 5857//5857 5822//5822
f 5823//5823 5858//5858 5822//5822
f 3002//3002 67//67 344//344
f 5315//5315 5316//5316 5343//5343
f 5357//5357 5367//5367 5356//5356
f 5397//5397 5409//5409 5383//5383
f 5639//5639 5689//5689 5657//5657
f 4226//4226 4225//4225 4203//4203
f 4238//4238 4259//4259 4258//4258
f 5317//5317 5309//5309 5332//5332
f 5309//5309 5317//5317 5301//5301
f 5673//5673 5702//5702 5672//5672
f 5475//5475 5508//5508 5474//5474
f 339//339 1265//1265 3044//3044
f 2009//2009 1971//1971 1972//1972
f 2077//2077 5776//5776 5493//5493
f 5102//5102 2077//2077 5493//5493
f 5776//5776 5493//5493 4873//4873
f 5493//5493 1822//1822 3004//3004
f 4873//4873 5493//5493 3004//3004
f 761//761 5329//5329 2646//2646
f 3501//3501 3476//3476 3477//3477
f 5417//5417 5416//5416 5390//5390
f 5841//5841 5840//5840 5802//5802
f 5563//5563 5600//5600 5562//5562
f 5784//5784 5783//5783 5745//5745
f 5451//5451 5505//5505 5468//5468
f 344//344 3224//3224 3002//3002
f 4203//4203 4204//4204 4226//4226
f 5665//5665 5682//5682 5649//5649
f 4238//4238 2899//2899 4259//4259
f 2442//2442 4227//4227 682//682
f 60//60 279//279 2179//2179
f 4291//4291 2899//2899 3062//3062
f 2899//2899 3006//3006 3062//3062
f 3062//3062 5791//5791 2361//2361
f 1925//1925 3373//3373 2317//2317
f 2317//2317 3373//3373 2160//2160
f 5574//5574 5573//5573 5538//5538
f 4723//4723 5309//5309 5301//5301
f 2888//2888 3495//3495 252//252
f 5729//5729 5766//5766 5728//5728
f 5493//5493 5776//5776 1822//1822
f 1822//1822 1543//1543 3004//3004
f 1543//1543 761//761 3004//3004
f 5309//5309 5333//5333 5332//5332
f 5538//5538 5537//5537 5518//5518
f 5350//5350 5334//5334 5357//5357
f 5647//5647 5646//5646 5600//5600
f 5632//5632 5647//5647 5600//5600
f 4189//4189 5846//5846 4203//4203
f 4203//4203 5846//5846 4204//4204
f 2603//2603 2602//2602 5547//5547
f 4318//4318 4290//4290 1942//1942
f 5376//5376 5397//5397 5383//5383
f 4227//4227 3116//3116 682//682
f 682//682 3116//3116 4238//4238
f 4238//4238 4910//4910 2899//2899
f 2899//2899 2918//2918 3006//3006
f 3897//3897 3062//3062 3006//3006
f 3897//3897 5791//5791 3062//3062
f 3897//3897 5791//5791 2361//2361
f 3214//3214 2890//2890 4190//4190
f 2361//2361 5791//5791 3622//3622
f 435//435 397//397 398//398
f 5640//5640 5672//5672 5639//5639
f 5842//5842 5841//5841 5803//5803
f 3566//3566 5129//5129 2077//2077
f 2077//2077 5129//5129 5776//5776
f 1543//1543 2715//2715 5329//5329
f 761//761 1543//1543 5329//5329
f 2715//2715 2450//2450 2646//2646
f 5329//5329 2715//2715 2646//2646
f 5449//5449 5486//5486 5448//5448
f 2560//2560 5712//5712 5694//5694
f 5681//5681 2560//2560 5694//5694
f 2560//2560 2559//2559 5712//5712
f 2558//2558 5737//5737 5712//5712
f 2559//2559 2558//2558 5712//5712
f 5827//5827 5862//5862 5826//5826
f 2558//2558 5736//5736 5737//5737
f 170//170 5775//5775 5736//5736
f 5862//5862 5861//5861 5826//5826
f 5475//5475 2566//2566 2586//2586
f 1882//1882 1764//1764 206//206
f 3500//3500 3475//3475 3476//3476
f 4193//4193 2733//2733 3116//3116
f 3116//3116 2917//2917 4238//4238
f 4910//4910 2918//2918 2899//2899
f 2918//2918 3897//3897 3006//3006
f 3897//3897 2788//2788 5791//5791
f 2890//2890 1006//1006 4190//4190
f 2788//2788 3703//3703 5791//5791
f 5654//5654 5701//5701 5686//5686
f 5765//5765 5821//5821 5784//5784
f 2861//2861 2888//2888 252//252
f 3473//3473 2861//2861 5902//5902
f 5911//5911 2861//2861 5910//5910
f 2021//2021 3001//3001 2377//2377
f 2881//2881 5129//5129 3566//3566
f 2881//2881 5776//5776 5129//5129
f 2881//2881 5722//5722 5776//5776
f 5722//5722 1822//1822 5776//5776
f 3473//3473 2888//2888 2861//2861
f 2558//2558 170//170 5736//5736
f 170//170 5790//5790 5775//5775
f 5790//5790 1788//1788 5775//5775
f 5831//5831 4189//4189 4176//4176
f 205//205 1882//1882 206//206
f 220//220 156//156 1807//1807
f 2733//2733 2144//2144 2917//2917
f 3116//3116 2733//2733 2917//2917
f 2917//2917 5548//5548 4910//4910
f 4238//4238 2917//2917 4910//4910
f 3015//3015 3897//3897 2918//2918
f 5039//5039 5040//5040 5057//5057
f 5538//5538 5573//5573 5537//5537
f 5675//5675 5692//5692 5660//5660
f 5642//5642 5675//5675 5660//5660
f 5713//5713 1822//1822 5722//5722
f 5713//5713 1543//1543 1822//1822
f 316//316 202//202 982//982
f 5747//5747 5767//5767 5729//5729
f 5876//5876 5892//5892 5860//5860
f 5828//5828 5807//5807 1807//1807
f 5560//5560 5596//5596 5609//5609
f 5577//5577 5560//5560 5609//5609
f 5750//5750 5788//5788 5772//5772
f 5831//5831 5847//5847 5846//5846
f 4189//4189 5831//5831 5846//5846
f 5847//5847 5864//5864 5846//5846
f 5846//5846 5864//5864 5895//5895
f 4193//4193 5895//5895 2733//2733
f 2144//2144 5548//5548 2917//2917
f 5548//5548 1069//1069 4910//4910
f 4910//4910 1069//1069 2918//2918
f 4342//4342 5810//5810 4343//4343
f 4678//4678 4679//4679 3806//3806
f 5528//5528 5527//5527 5492//5492
f 5677//5677 5676//5676 5629//5629
f 2840//2840 1543//1543 5713//5713
f 2840//2840 2715//2715 1543//1543
f 5730//5730 5748//5748 5705//5705
f 5580//5580 5617//5617 5579//5579
f 3987//3987 3965//3965 3988//3988
f 5831//5831 5792//5792 5847//5847
f 5864//5864 5904//5904 5895//5895
f 5895//5895 5904//5904 2733//2733
f 2733//2733 5904//5904 2144//2144
f 2144//2144 2489//2489 5548//5548
f 1069//1069 3795//3795 3015//3015
f 2918//2918 1069//1069 3015//3015
f 5740//5740 3897//3897 3015//3015
f 5740//5740 2788//2788 3897//3897
f 5894//5894 3703//3703 2788//2788
f 5894//5894 3750//3750 3703//3703
f 5367//5367 5386//5386 5356//5356
f 5545//5545 5528//5528 5507//5507
f 5717//5717 5747//5747 5729//5729
f 5682//5682 5665//5665 1906//1906
f 5693//5693 5709//5709 5663//5663
f 2555//2555 5370//5370 5351//5351
f 1059//1059 3074//3074 4904//4904
f 1674//1674 5722//5722 2881//2881
f 1266//1266 2715//2715 2840//2840
f 1266//1266 5440//5440 2450//2450
f 2715//2715 1266//1266 2450//2450
f 5440//5440 219//219 2450//2450
f 2450//2450 219//219 5752//5752
f 5576//5576 5594//5594 5559//5559
f 5771//5771 5770//5770 5719//5719
f 5617//5617 5651//5651 5616//5616
f 5709//5709 5708//5708 5663//5663
f 5708//5708 5719//5719 5676//5676
f 5854//5854 5887//5887 5853//5853
f 5467//5467 5468//5468 5504//5504
f 5773//5773 5807//5807 5789//5789
f 5792//5792 5832//5832 5847//5847
f 5832//5832 5864//5864 5847//5847
f 5864//5864 5896//5896 5904//5904
f 5904//5904 2886//2886 2144//2144
f 2886//2886 2489//2489 2144//2144
f 1069//1069 2972//2972 3795//3795
f 2802//2802 3015//3015 3795//3795
f 2802//2802 5740//5740 3015//3015
f 2802//2802 2788//2788 5740//5740
f 2802//2802 5293//5293 2788//2788
f 5293//5293 2931//2931 2788//2788
f 2931//2931 5894//5894 2788//2788
f 2931//2931 3750//3750 5894//5894
f 5399//5399 5398//5398 5377//5377
f 5696//5696 397//397 355//355
f 5504//5504 5542//5542 5559//5559
f 2555//2555 5351//5351 2556//2556
f 5664//5664 5693//5693 5663//5663
f 4881//4881 5722//5722 1674//1674
f 4881//4881 5713//5713 5722//5722
f 4881//4881 2840//2840 5713//5713
f 2018//2018 2700//2700 5939//5939
f 518//518 820//820 75//75
f 5541//5541 5504//5504 5559//5559
f 5542//5542 5576//5576 5559//5559
f 1780//1780 5861//5861 95//95
f 5832//5832 5848//5848 5864//5864
f 5896//5896 2932//2932 2886//2886
f 5904//5904 5896//5896 2886//2886
f 2886//2886 953//953 2489//2489
f 2489//2489 953//953 5548//5548
f 5548//5548 953//953 1069//1069
f 3636//3636 3750//3750 2931//2931
f 3224//3224 344//344 1197//1197
f 5502//5502 5539//5539 5501//5501
f 5663//5663 5677//5677 5630//5630
f 5040//5040 5039//5039 4124//4124
f 5601//5601 5582//5582 2602//2602
f 2626//2626 5601//5601 2602//2602
f 1742//1742 2840//2840 4881//4881
f 4228//4228 4350//4350 4829//4829
f 5389//5389 5415//5415 5388//5388
f 5601//5601 2625//2625 5582//5582
f 5912//5912 1804//1804 1802//1802
f 5634//5634 5633//5633 5582//5582
f 2625//2625 5634//5634 5582//5582
f 4157//4157 5777//5777 5792//5792
f 5848//5848 5880//5880 5896//5896
f 5864//5864 5848//5848 5896//5896
f 2886//2886 2932//2932 953//953
f 953//953 5739//5739 1069//1069
f 5739//5739 3828//3828 1069//1069
f 3828//3828 2972//2972 1069//1069
f 2972//2972 4191//4191 3795//3795
f 3795//3795 4191//4191 2802//2802
f 2973//2973 5293//5293 2802//2802
f 2973//2973 2931//2931 5293//5293
f 1801//1801 4782//4782 1802//1802
f 5455//5455 5454//5454 5438//5438
f 159//159 645//645 596//596
f 3034//3034 1266//1266 2840//2840
f 1742//1742 3034//3034 2840//2840
f 219//219 5440//5440 1266//1266
f 3034//3034 219//219 1266//1266
f 5450//5450 5432//5432 5466//5466
f 2759//2759 5529//5529 4749//4749
f 4749//4749 5529//5529 3498//3498
f 5525//5525 5524//5524 5489//5489
f 5777//5777 5812//5812 5792//5792
f 5792//5792 5812//5812 5832//5832
f 5896//5896 5880//5880 2932//2932
f 2932//2932 2951//2951 953//953
f 3828//3828 2623//2623 2972//2972
f 2972//2972 2623//2623 4191//4191
f 4271//4271 4253//4253 4254//4254
f 5448//5448 5485//5485 5447//5447
f 5318//5318 5311//5311 5302//5302
f 5402//5402 5433//5433 5417//5417
f 2490//2490 1742//1742 4881//4881
f 146//146 219//219 3034//3034
f 5432//5432 5467//5467 5466//5466
f 5561//5561 5597//5597 5560//5560
f 5402//5402 5417//5417 2553//2553
f 5529//5529 5567//5567 3498//3498
f 5613//5613 5600//5600 5563//5563
f 5613//5613 5632//5632 5600//5600
f 4157//4157 5040//5040 5777//5777
f 5832//5832 5812//5812 5848//5848
f 5880//5880 5905//5905 2932//2932
f 2932//2932 5905//5905 2951//2951
f 5739//5739 5020//5020 3828//3828
f 3828//3828 5020//5020 2623//2623
f 2623//2623 2887//2887 4191//4191
f 4191//4191 2887//2887 2802//2802
f 2887//2887 5699//5699 2802//2802
f 5699//5699 2973//2973 2802//2802
f 5911//5911 5910//5910 5888//5888
f 4721//4721 5310//5310 4722//4722
f 5888//5888 5910//5910 5887//5887
f 5367//5367 5387//5387 5400//5400
f 5597//5597 5596//5596 5560//5560
f 5648//5648 5647//5647 5632//5632
f 5613//5613 5648//5648 5632//5632
f 2603//2603 2628//2628 2602//2602
f 3001//3001 1742//1742 2490//2490
f 5413//5413 5432//5432 5450//5450
f 5412//5412 5413//5413 5450//5450
f 5476//5476 2759//2759 4733//4733
f 5602//5602 3474//3474 3498//3498
f 5567//5567 5602//5602 3498//3498
f 5040//5040 5778//5778 5777//5777
f 5778//5778 5793//5793 5777//5777
f 5793//5793 5813//5813 5812//5812
f 5777//5777 5793//5793 5812//5812
f 5813//5813 5833//5833 5848//5848
f 5812//5812 5813//5813 5848//5848
f 5833//5833 5881//5881 5880//5880
f 5848//5848 5833//5833 5880//5880
f 5880//5880 5881//5881 5905//5905
f 5905//5905 61//61 2951//2951
f 2951//2951 61//61 953//953
f 953//953 61//61 5739//5739
f 5668//5668 5699//5699 2887//2887
f 5668//5668 2973//2973 5699//5699
f 5668//5668 2931//2931 2973//2973
f 5668//5668 2216//2216 2931//2931
f 5332//5332 5333//5333 5346//5346
f 5501//5501 5538//5538 5500//5500
f 5659//5659 5658//5658 5626//5626
f 5387//5387 5412//5412 5400//5400
f 5890//5890 5903//5903 5889//5889
f 1908//1908 2347//2347 2490//2490
f 3465//3465 3463//3463 2989//2989
f 5011//5011 3034//3034 1742//1742
f 3001//3001 5011//5011 1742//1742
f 5011//5011 146//146 3034//3034
f 5539//5539 5574//5574 5538//5538
f 5510//5510 2759//2759 5476//5476
f 5510//5510 5529//5529 2759//2759
f 3474//3474 5602//5602 3475//3475
f 1788//1788 5790//5790 170//170
f 5040//5040 5755//5755 5778//5778
f 5755//5755 5794//5794 5793//5793
f 5778//5778 5755//5755 5793//5793
f 5793//5793 5794//5794 5813//5813
f 5833//5833 5865//5865 5881//5881
f 933//933 5751//5751 5739//5739
f 61//61 933//933 5739//5739
f 5751//5751 2696//2696 5739//5739
f 5739//5739 2696//2696 5020//5020
f 5811//5811 5668//5668 2887//2887
f 3462//3462 3463//3463 3465//3465
f 5464//5464 5501//5501 5463//5463
f 5318//5318 5328//5328 5311//5311
f 5547//5547 5546//5546 2584//2584
f 5317//5317 5346//5346 5345//5345
f 1134//1134 1133//1133 1106//1106
f 5417//5417 5433//5433 5416//5416
f 2347//2347 3001//3001 2490//2490
f 96//96 95//95 5862//5862
f 2085//2085 146//146 5011//5011
f 4432//4432 5476//5476 4733//4733
f 5549//5549 5529//5529 5510//5510
f 5549//5549 5567//5567 5529//5529
f 3476//3476 3475//3475 5602//5602
f 5634//5634 1969//1969 5633//5633
f 5040//5040 4124//4124 5755//5755
f 5813//5813 5794//5794 5833//5833
f 5865//5865 5897//5897 5881//5881
f 5881//5881 5897//5897 5905//5905
f 2696//2696 2658//2658 2623//2623
f 5020//5020 2696//2696 2623//2623
f 2623//2623 2658//2658 2887//2887
f 5721//5721 2216//2216 5668//5668
f 5766//5766 5765//5765 5727//5727
f 5728//5728 5766//5766 5727//5727
f 5558//5558 5592//5592 5557//5557
f 5318//5318 5350//5350 5349//5349
f 5807//5807 1809//1809 1807//1807
f 5594//5594 5627//5627 5593//5593
f 5577//5577 5628//5628 5594//5594
f 5691//5691 5690//5690 5658//5658
f 2076//2076 2347//2347 1908//1908
f 5477//5477 5476//5476 4432//4432
f 5477//5477 5510//5510 5476//5476
f 5549//5549 5583//5583 5567//5567
f 5583//5583 5602//5602 5567//5567
f 5794//5794 5814//5814 5833//5833
f 5897//5897 5913//5913 5905//5905
f 5913//5913 2740//2740 61//61
f 5905//5905 5913//5913 61//61
f 2658//2658 4229//4229 2887//2887
f 4229//4229 3032//3032 5811//5811
f 2887//2887 4229//4229 5811//5811
f 3032//3032 5668//5668 5811//5811
f 5328//5328 5318//5318 5349//5349
f 5350//5350 5357//5357 5356//5356
f 5719//5719 5732//5732 5707//5707
f 5676//5676 5719//5719 5707//5707
f 3066//3066 1828//1828 1856//1856
f 5316//5316 5344//5344 5343//5343
f 5511//5511 5510//5510 5477//5477
f 5583//5583 5619//5619 5602//5602
f 5619//5619 3476//3476 5602//5602
f 2567//2567 5438//5438 4755//4755
f 4124//4124 4125//4125 5755//5755
f 5755//5755 4125//4125 5794//5794
f 5814//5814 5849//5849 5833//5833
f 5833//5833 5849//5849 5865//5865
f 5897//5897 5914//5914 5913//5913
f 5913//5913 5914//5914 2740//2740
f 2665//2665 933//933 61//61
f 2740//2740 2665//2665 61//61
f 933//933 2696//2696 5751//5751
f 3032//3032 2952//2952 5668//5668
f 5668//5668 2952//2952 5721//5721
f 2952//2952 1468//1468 2216//2216
f 5721//5721 2952//2952 2216//2216
f 3492//3492 2947//2947 2971//2971
f 5349//5349 5350//5350 5356//5356
f 5845//5845 5844//5844 5806//5806
f 5887//5887 5886//5886 5853//5853
f 3074//3074 3141//3141 3140//3140
f 5455//5455 5489//5489 5454//5454
f 5564//5564 5563//5563 5524//5524
f 5525//5525 5564//5564 5524//5524
f 5550//5550 5549//5549 5510//5510
f 5511//5511 5550//5550 5510//5510
f 3482//3482 3460//3460 3461//3461
f 4272//4272 4287//4287 4271//4271
f 4271//4271 4254//4254 4272//4272
f 4125//4125 4126//4126 5794//5794
f 5794//5794 4126//4126 5814//5814
f 5849//5849 5882//5882 5865//5865
f 5865//5865 5882//5882 5897//5897
f 2665//2665 5753//5753 2696//2696
f 933//933 2665//2665 2696//2696
f 5753//5753 5509//5509 2696//2696
f 2658//2658 3032//3032 4229//4229
f 5319//5319 5318//5318 5303//5303
f 5827//5827 5826//5826 5788//5788
f 5695//5695 5681//5681 5647//5647
f 5648//5648 5695//5695 5647//5647
f 5456//5456 5477//5477 4432//4432
f 4485//4485 5456//5456 4432//4432
f 5550//5550 5583//5583 5549//5549
f 5652//5652 3476//3476 5619//5619
f 5652//5652 3477//3477 3476//3476
f 4126//4126 4127//4127 5814//5814
f 5897//5897 5882//5882 5914//5914
f 5914//5914 2665//2665 2740//2740
f 5509//5509 2536//2536 2658//2658
f 2696//2696 5509//5509 2658//2658
f 3032//3032 5795//5795 2952//2952
f 799//799 3061//3061 764//764
f 5486//5486 5520//5520 5485//5485
f 5651//5651 5697//5697 5665//5665
f 5663//5663 5708//5708 5677//5677
f 3477//3477 3478//3478 3502//3502
f 5704//5704 5729//5729 5703//5703
f 5844//5844 5876//5876 5860//5860
f 5456//5456 5511//5511 5477//5477
f 5584//5584 5583//5583 5550//5550
f 5584//5584 5619//5619 5583//5583
f 2625//2625 5601//5601 2626//2626
f 2077//2077 3033//3033 3747//3747
f 80//80 297//297 1573//1573
f 5814//5814 4127//4127 5849//5849
f 5882//5882 5906//5906 5914//5914
f 2308//2308 2665//2665 5914//5914
f 5906//5906 2308//2308 5914//5914
f 2536//2536 3064//3064 2658//2658
f 3064//3064 5669//5669 3032//3032
f 2658//2658 3064//3064 3032//3032
f 5669//5669 4960//4960 5795//5795
f 3032//3032 5669//5669 5795//5795
f 5795//5795 4960//4960 2952//2952
f 2952//2952 1570//1570 1468//1468
f 3864//3864 238//238 3187//3187
f 5616//5616 5615//5615 5566//5566
f 5579//5579 5616//5616 5566//5566
f 5697//5697 398//398 5696//5696
f 5631//5631 5664//5664 5630//5630
f 5316//5316 5345//5345 5344//5344
f 5377//5377 5376//5376 5345//5345
f 5877//5877 1779//1779 1804//1804
f 5422//5422 4485//4485 4665//4665
f 4477//4477 5422//5422 4665//4665
f 5422//5422 5456//5456 4485//4485
f 5494//5494 5511//5511 5456//5456
f 5494//5494 5550//5550 5511//5511
f 5620//5620 5619//5619 5584//5584
f 2627//2627 1973//1973 2626//2626
f 5735//5735 5734//5734 5710//5710
f 4127//4127 5834//5834 5849//5849
f 5849//5849 5834//5834 5882//5882
f 2534//2534 5753//5753 2665//2665
f 2308//2308 2534//2534 2665//2665
f 5753//5753 2536//2536 5509//5509
f 4960//4960 5113//5113 2952//2952
f 5113//5113 1195//1195 1570//1570
f 2952//2952 5113//5113 1570//1570
f 1195//1195 1504//1504 1349//1349
f 1570//1570 1195//1195 1349//1349
f 1971//1971 5634//5634 2625//2625
f 1971//1971 1969//1969 5634//5634
f 2553//2553 5417//5417 5390//5390
f 5697//5697 5696//5696 5665//5665
f 5457//5457 5456//5456 5422//5422
f 5530//5530 5550//5550 5494//5494
f 5653//5653 5652//5652 5619//5619
f 5620//5620 5653//5653 5619//5619
f 4226//4226 4193//4193 4227//4227
f 996//996 3824//3824 3066//3066
f 5866//5866 5882//5882 5834//5834
f 5882//5882 5866//5866 5906//5906
f 2534//2534 1104//1104 2536//2536
f 5753//5753 2534//2534 2536//2536
f 5113//5113 4959//4959 1195//1195
f 5400//5400 5411//5411 5386//5386
f 5664//5664 5663//5663 5630//5630
f 5665//5665 5696//5696 1906//1906
f 5439//5439 5438//5438 2567//2567
f 5490//5490 5489//5489 5455//5455
f 4436//4436 5422//5422 4477//4477
f 5495//5495 5494//5494 5456//5456
f 5457//5457 5495//5495 5456//5456
f 5568//5568 5550//5550 5530//5530
f 5568//5568 5584//5584 5550//5550
f 5684//5684 3457//3457 5652//5652
f 5653//5653 5684//5684 5652//5652
f 3212//3212 3270//3270 3709//3709
f 4128//4128 5834//5834 4127//4127
f 5702//5702 5716//5716 5672//5672
f 687//687 5834//5834 4128//4128
f 5898//5898 5906//5906 5866//5866
f 5898//5898 2988//2988 5906//5906
f 2988//2988 2308//2308 5906//5906
f 5635//5635 1104//1104 2534//2534
f 1104//1104 3107//3107 2536//2536
f 3107//3107 3064//3064 2536//2536
f 5429//5429 5462//5462 5446//5446
f 5607//5607 5639//5639 5624//5624
f 2553//2553 5390//5390 2554//2554
f 5371//5371 5390//5390 5370//5370
f 5564//5564 5565//5565 5563//5563
f 5614//5614 5613//5613 5563//5563
f 5565//5565 5614//5614 5563//5563
f 5423//5423 5422//5422 4436//4436
f 5495//5495 5530//5530 5494//5494
f 5603//5603 5584//5584 5568//5568
f 5603//5603 5620//5620 5584//5584
f 3485//3485 2646//2646 3698//3698
f 3490//3490 3489//3489 3488//3488
f 764//764 2988//2988 5898//5898
f 3061//3061 2308//2308 2988//2988
f 764//764 3061//3061 2988//2988
f 3061//3061 2534//2534 2308//2308
f 3107//3107 5830//5830 5669//5669
f 3064//3064 3107//3107 5669//5669
f 5830//5830 4578//4578 4960//4960
f 5669//5669 5830//5830 4960//4960
f 4960//4960 4578//4578 5113//5113
f 4578//4578 5059//5059 5113//5113
f 5059//5059 905//905 4959//4959
f 5113//5113 5059//5059 4959//4959
f 4959//4959 905//905 1195//1195
f 5398//5398 5397//5397 5376//5376
f 5486//5486 5485//5485 5448//5448
f 1843//1843 5681//5681 5695//5695
f 5458//5458 5457//5457 5422//5422
f 5423//5423 5458//5458 5422//5422
f 5531//5531 5530//5530 5495//5495
f 5531//5531 5568//5568 5530//5530
f 5636//5636 5620//5620 5603//5603
f 5636//5636 5653//5653 5620//5620
f 799//799 2534//2534 3061//3061
f 799//799 5635//5635 2534//2534
f 3107//3107 4578//4578 5830//5830
f 4578//4578 905//905 5059//5059
f 5802//5802 5801//5801 5765//5765
f 5465//5465 5503//5503 5486//5486
f 4776//4776 4755//4755 4756//4756
f 4160//4160 4008//4008 3086//3086
f 4592//4592 2755//2755 5300//5300
f 1913//1913 2864//2864 1131//1131
f 5458//5458 5495//5495 5457//5457
f 5569//5569 5568//5568 5531//5531
f 5636//5636 5670//5670 5653//5653
f 5670//5670 5684//5684 5653//5653
f 5741//5741 3459//3459 5756//5756
f 3480//3480 3459//3459 3460//3460
f 3511//3511 17//17 19//19
f 922//922 4293//4293 2950//2950
f 832//832 5635//5635 799//799
f 5917//5917 1104//1104 5635//5635
f 832//832 5917//5917 5635//5635
f 5917//5917 3107//3107 1104//1104
f 5057//5057 5040//5040 4174//4174
f 5626//5626 5658//5658 5625//5625
f 5766//5766 5802//5802 5765//5765
f 5385//5385 5411//5411 5384//5384
f 5486//5486 5503//5503 5521//5521
f 5672//5672 5716//5716 5689//5689
f 4634//4634 3890//3890 3881//3881
f 3884//3884 3883//3883 3885//3885
f 5424//5424 5423//5423 4436//4436
f 3886//3886 5424//5424 4436//4436
f 5496//5496 5495//5495 5458//5458
f 5496//5496 5531//5531 5495//5495
f 5604//5604 5603//5603 5568//5568
f 5569//5569 5604//5604 5568//5568
f 5741//5741 5780//5780 3459//3459
f 2408//2408 2102//2102 2540//2540
f 5644//5644 5678//5678 5643//5643
f 2785//2785 5917//5917 832//832
f 2785//2785 3107//3107 5917//5917
f 2785//2785 5738//5738 4578//4578
f 3107//3107 2785//2785 4578//4578
f 3505//3505 3479//3479 3458//3458
f 5630//5630 5629//5629 5597//5597
f 5411//5411 5410//5410 5384//5384
f 5729//5729 5728//5728 5703//5703
f 5303//5303 5318//5318 5302//5302
f 3890//3890 3882//3882 3881//3881
f 5359//5359 3885//3885 3883//3883
f 5424//5424 5458//5458 5423//5423
f 5532//5532 5531//5531 5496//5496
f 5637//5637 5636//5636 5603//5603
f 5604//5604 5637//5637 5603//5603
f 5700//5700 5684//5684 5670//5670
f 5700//5700 3458//3458 5684//5684
f 5815//5815 3460//3460 3459//3459
f 5780//5780 5815//5815 3459//3459
f 3788//3788 5918//5918 4097//4097
f 2785//2785 2693//2693 5738//5738
f 5738//5738 3036//3036 4578//4578
f 3036//3036 1106//1106 905//905
f 4578//4578 3036//3036 905//905
f 3062//3062 2361//2361 4343//4343
f 5575//5575 5574//5574 5539//5539
f 5886//5886 5909//5909 3488//3488
f 5322//5322 3882//3882 3890//3890
f 5322//5322 5337//5337 3882//3882
f 5337//5337 3883//3883 3882//3882
f 5379//5379 3886//3886 3885//3885
f 5359//5359 5379//5379 3885//3885
f 5441//5441 5458//5458 5424//5424
f 5441//5441 5496//5496 5458//5458
f 5551//5551 5569//5569 5531//5531
f 5532//5532 5551//5551 5531//5531
f 5637//5637 5670//5670 5636//5636
f 5723//5723 3458//3458 5700//5700
f 5723//5723 5741//5741 3458//3458
f 5815//5815 3461//3461 3460//3460
f 2638//2638 2687//2687 2686//2686
f 2584//2584 5546//5546 5508//5508
f 3457//3457 3458//3458 3479//3479
f 5474//5474 5473//5473 5439//5439
f 5304//5304 4634//4634 2748//2748
f 5304//5304 3890//3890 4634//4634
f 5337//5337 5359//5359 3883//3883
f 5404//5404 3886//3886 5379//5379
f 5404//5404 5424//5424 3886//3886
f 5478//5478 5496//5496 5441//5441
f 5551//5551 5604//5604 5569//5569
f 5671//5671 5670//5670 5637//5637
f 5671//5671 5700//5700 5670//5670
f 5723//5723 5780//5780 5741//5741
f 5850//5850 3461//3461 5815//5815
f 5850//5850 3462//3462 3461//3461
f 2970//2970 2888//2888 3473//3473
f 2040//2040 60//60 2234//2234
f 1555//1555 2785//2785 832//832
f 833//833 1555//1555 832//832
f 5802//5802 5840//5840 5801//5801
f 5703//5703 5727//5727 5702//5702
f 5447//5447 5464//5464 5431//5431
f 5435//5435 5470//5470 5434//5434
f 5323//5323 5322//5322 3890//3890
f 5304//5304 5323//5323 3890//3890
f 5360//5360 5359//5359 5337//5337
f 5360//5360 5379//5379 5359//5359
f 5442//5442 5441//5441 5424//5424
f 5404//5404 5442//5442 5424//5424
f 5512//5512 5496//5496 5478//5478
f 5512//5512 5532//5532 5496//5496
f 5512//5512 5551//5551 5532//5532
f 5585//5585 5604//5604 5551//5551
f 5585//5585 5637//5637 5604//5604
f 5685//5685 5700//5700 5671//5671
f 5757//5757 5780//5780 5723//5723
f 5757//5757 5815//5815 5780//5780
f 5883//5883 3462//3462 5850//5850
f 5883//5883 3463//3463 3462//3462
f 1195//1195 1132//1132 1504//1504
f 879//879 1555//1555 833//833
f 1555//1555 3286//3286 2693//2693
f 2785//2785 1555//1555 2693//2693
f 3286//3286 4273//4273 5738//5738
f 2693//2693 3286//3286 5738//5738
f 4273//4273 1739//1739 3036//3036
f 5738//5738 4273//4273 3036//3036
f 3036//3036 1739//1739 1106//1106
f 1970//1970 1971//1971 2008//2008
f 5641//5641 5640//5640 5608//5608
f 5704//5704 5703//5703 5674//5674
f 5471//5471 5487//5487 5506//5506
f 5470//5470 5471//5471 5506//5506
f 5323//5323 5337//5337 5322//5322
f 5380//5380 5379//5379 5360//5360
f 5442//5442 5478//5478 5441//5441
f 5552//5552 5551//5551 5512//5512
f 5638//5638 5637//5637 5585//5585
f 5724//5724 5723//5723 5700//5700
f 5685//5685 5724//5724 5700//5700
f 5796//5796 5815//5815 5757//5757
f 5796//5796 5850//5850 5815//5815
f 5907//5907 3463//3463 5883//5883
f 5573//5573 5590//5590 5537//5537
f 5376//5376 5383//5383 5345//5345
f 879//879 833//833 834//834
f 1106//1106 1739//1739 1070//1070
f 5710//5710 5734//5734 5720//5720
f 5295//5295 5304//5304 2748//2748
f 5338//5338 5337//5337 5323//5323
f 5338//5338 5360//5360 5337//5337
f 5405//5405 5404//5404 5379//5379
f 5380//5380 5405//5405 5379//5379
f 5479//5479 5478//5478 5442//5442
f 5479//5479 5512//5512 5478//5478
f 5586//5586 5585//5585 5551//5551
f 5552//5552 5586//5586 5551//5551
f 5758//5758 5757//5757 5723//5723
f 5724//5724 5758//5758 5723//5723
f 5835//5835 5850//5850 5796//5796
f 5907//5907 996//996 3463//3463
f 996//996 2989//2989 3463//3463
f 5311//5311 5327//5327 5310//5310
f 5559//5559 5593//5593 5540//5540
f 5472//5472 5455//5455 5438//5438
f 5439//5439 5472//5472 5438//5438
f 5472//5472 5490//5490 5455//5455
f 5305//5305 5304//5304 5295//5295
f 5305//5305 5323//5323 5304//5304
f 5361//5361 5360//5360 5338//5338
f 5361//5361 5380//5380 5360//5360
f 5405//5405 5442//5442 5404//5404
f 5513//5513 5512//5512 5479//5479
f 5758//5758 5796//5796 5757//5757
f 5867//5867 5883//5883 5850//5850
f 5835//5835 5867//5867 5850//5850
f 206//206 1764//1764 1353//1353
f 5784//5784 5821//5821 5783//5783
f 5526//5526 5525//5525 5489//5489
f 5490//5490 5526//5526 5489//5489
f 3457//3457 3504//3504 3478//3478
f 5786//5786 5822//5822 5785//5785
f 880//880 912//912 3286//3286
f 1555//1555 880//880 3286//3286
f 912//912 275//275 3286//3286
f 3286//3286 275//275 4273//4273
f 275//275 3132//3132 1739//1739
f 4273//4273 275//275 1739//1739
f 3132//3132 1107//1107 1070//1070
f 1739//1739 3132//3132 1070//1070
f 1908//1908 2490//2490 1707//1707
f 2977//2977 1503//1503 3086//3086
f 5660//5660 5691//5691 5659//5659
f 5696//5696 398//398 397//397
f 5565//5565 5564//5564 5525//5525
f 5526//5526 5565//5565 5525//5525
f 5876//5876 4782//4782 5892//5892
f 5324//5324 5323//5323 5305//5305
f 5324//5324 5338//5338 5323//5323
f 5361//5361 5392//5392 5380//5380
f 5443//5443 5442//5442 5405//5405
f 5443//5443 5479//5479 5442//5442
f 5553//5553 5552//5552 5512//5512
f 5513//5513 5553//5553 5512//5512
f 5685//5685 5714//5714 5724//5724
f 5797//5797 5796//5796 5758//5758
f 5797//5797 5835//5835 5796//5796
f 5867//5867 5907//5907 5883//5883
f 1973//1973 2625//2625 2626//2626
f 5649//5649 5648//5648 5613//5613
f 5597//5597 5629//5629 5596//5596
f 4256//4256 682//682 4257//4257
f 5591//5591 5641//5641 5608//5608
f 5366//5366 5365//5365 5348//5348
f 5614//5614 5649//5649 5613//5613
f 1843//1843 5695//5695 5648//5648
f 4514//4514 5305//5305 5295//5295
f 5339//5339 5338//5338 5324//5324
f 5339//5339 5361//5361 5338//5338
f 5393//5393 5392//5392 5361//5361
f 5393//5393 5380//5380 5392//5392
f 5425//5425 5405//5405 5380//5380
f 5393//5393 5425//5425 5380//5380
f 5480//5480 5479//5479 5443//5443
f 5553//5553 5587//5587 5586//5586
f 5552//5552 5553//5553 5586//5586
f 5714//5714 5758//5758 5724//5724
f 5836//5836 5835//5835 5797//5797
f 5836//5836 5867//5867 5835//5835
f 5899//5899 5907//5907 5867//5867
f 5899//5899 996//996 5907//5907
f 4176//4176 4188//4188 4175//4175
f 1107//1107 1137//1137 1135//1135
f 3466//3466 3066//3066 3484//3484
f 3066//3066 3466//3466 996//996
f 95//95 5861//5861 5862//5862
f 5390//5390 5416//5416 5389//5389
f 5296//5296 5305//5305 4514//4514
f 5339//5339 5372//5372 5361//5361
f 5372//5372 5393//5393 5361//5361
f 5514//5514 5513//5513 5479//5479
f 5480//5480 5514//5514 5479//5479
f 5742//5742 5758//5758 5714//5714
f 5742//5742 5797//5797 5758//5758
f 5868//5868 5867//5867 5836//5836
f 2898//2898 996//996 5899//5899
f 2898//2898 3824//3824 996//996
f 880//880 1555//1555 879//879
f 2836//2836 3619//3619 3745//3745
f 5607//5607 5590//5590 5573//5573
f 3132//3132 1001//1001 1107//1107
f 5366//5366 5384//5384 5365//5365
f 5311//5311 5310//5310 4721//4721
f 5692//5692 5718//5718 5691//5691
f 4096//4096 4127//4127 4126//4126
f 5312//5312 5305//5305 5296//5296
f 5312//5312 5324//5324 5305//5305
f 5362//5362 5372//5372 5339//5339
f 5406//5406 5393//5393 5372//5372
f 5406//5406 5425//5425 5393//5393
f 5514//5514 5553//5553 5513//5513
f 5781//5781 5797//5797 5742//5742
f 5900//5900 5899//5899 5867//5867
f 5868//5868 5900//5900 5867//5867
f 5788//5788 5826//5826 5787//5787
f 881//881 275//275 912//912
f 1001//1001 3132//3132 275//275
f 881//881 1001//1001 275//275
f 1001//1001 1074//1074 1107//1107
f 5448//5448 5447//5447 5431//5431
f 5591//5591 5608//5608 5575//5575
f 5320//5320 5335//5335 5319//5319
f 5676//5676 5662//5662 5629//5629
f 5340//5340 5339//5339 5324//5324
f 5312//5312 5340//5340 5324//5324
f 5340//5340 5352//5352 5362//5362
f 5339//5339 5340//5340 5362//5362
f 5352//5352 5373//5373 5372//5372
f 5362//5362 5352//5352 5372//5372
f 5426//5426 5425//5425 5406//5406
f 5533//5533 5553//5553 5514//5514
f 5553//5553 5533//5533 5587//5587
f 5816//5816 5836//5836 5797//5797
f 5781//5781 5816//5816 5797//5797
f 5900//5900 2898//2898 5899//5899
f 5557//5557 5575//5575 5539//5539
f 5371//5371 5370//5370 2555//2555
f 5618//5618 5617//5617 5580//5580
f 5410//5410 5431//5431 5384//5384
f 5410//5410 5448//5448 5431//5431
f 5748//5748 5785//5785 5747//5747
f 3106//3106 1768//1768 5915//5915
f 5642//5642 5627//5627 5594//5594
f 429//429 936//936 2300//2300
f 5297//5297 5312//5312 5296//5296
f 5373//5373 5406//5406 5372//5372
f 5459//5459 5481//5481 5425//5425
f 5426//5426 5459//5459 5425//5425
f 5497//5497 5514//5514 5480//5480
f 5533//5533 5570//5570 5587//5587
f 5759//5759 5781//5781 5742//5742
f 5869//5869 5868//5868 5836//5836
f 5816//5816 5869//5869 5836//5836
f 5288//5288 2898//2898 5900//5900
f 5473//5473 5472//5472 5439//5439
f 5748//5748 5747//5747 5718//5718
f 5641//5641 5673//5673 5640//5640
f 5857//5857 5874//5874 5842//5842
f 5385//5385 5384//5384 5366//5366
f 5491//5491 5490//5490 5472//5472
f 5473//5473 5491//5491 5472//5472
f 5527//5527 5526//5526 5490//5490
f 5491//5491 5527//5527 5490//5490
f 5313//5313 5312//5312 5297//5297
f 5394//5394 5406//5406 5373//5373
f 5394//5394 5426//5426 5406//5406
f 5515//5515 5514//5514 5497//5497
f 5515//5515 5533//5533 5514//5514
f 5782//5782 5781//5781 5759//5759
f 5782//5782 5816//5816 5781//5781
f 5869//5869 5900//5900 5868//5868
f 1828//1828 3824//3824 2898//2898
f 5288//5288 1828//1828 2898//2898
f 5566//5566 5565//5565 5526//5526
f 5527//5527 5566//5566 5526//5526
f 5691//5691 5718//5718 5690//5690
f 2077//2077 2486//2486 3566//3566
f 1001//1001 959//959 1074//1074
f 5520//5520 5519//5519 5485//5485
f 5822//5822 5857//5857 5842//5842
f 3106//3106 5915//5915 5891//5891
f 5313//5313 5330//5330 5340//5340
f 5312//5312 5313//5313 5340//5340
f 5330//5330 5353//5353 5352//5352
f 5340//5340 5330//5330 5352//5352
f 5374//5374 5373//5373 5352//5352
f 5353//5353 5374//5374 5352//5352
f 5427//5427 5426//5426 5394//5394
f 5427//5427 5459//5459 5426//5426
f 5534//5534 5533//5533 5515//5515
f 5534//5534 5570//5570 5533//5533
f 5817//5817 5816//5816 5782//5782
f 5901//5901 5900//5900 5869//5869
f 5901//5901 5288//5288 5900//5900
f 5731//5731 5730//5730 5706//5706
f 5320//5320 5319//5319 5303//5303
f 4725//4725 5320//5320 5303//5303
f 3466//3466 2989//2989 996//996
f 5682//5682 5648//5648 5649//5649
f 2554//2554 5390//5390 5371//5371
f 1906//1906 1843//1843 5648//5648
f 5682//5682 1906//1906 5648//5648
f 5374//5374 5394//5394 5373//5373
f 5460//5460 5459//5459 5427//5427
f 5571//5571 5570//5570 5534//5534
f 5571//5571 5605//5605 5570//5570
f 5817//5817 5851//5851 5816//5816
f 5851//5851 5869//5869 5816//5816
f 1796//1796 5288//5288 5901//5901
f 1796//1796 1828//1828 5288//5288
f 3758//3758 687//687 4128//4128
f 5728//5728 5727//5727 5703//5703
f 5519//5519 5539//5539 5502//5502
f 5875//5875 5903//5903 5890//5890
f 5823//5823 5822//5822 5786//5786
f 5631//5631 5630//5630 5598//5598
f 149//149 1191//1191 2879//2879
f 5314//5314 5313//5313 5297//5297
f 5298//5298 5314//5314 5297//5297
f 5395//5395 5394//5394 5374//5374
f 5395//5395 5427//5427 5394//5394
f 5499//5499 5498//5498 5459//5459
f 5460//5460 5499//5499 5459//5459
f 5760//5760 5782//5782 5759//5759
f 5743//5743 5760//5760 5759//5759
f 5851//5851 5884//5884 5869//5869
f 5884//5884 5901//5901 5869//5869
f 1829//1829 1828//1828 1796//1796
f 1842//1842 1843//1843 1877//1877
f 5902//5902 2861//2861 5911//5911
f 5546//5546 5545//5545 5508//5508
f 5413//5413 5401//5401 5432//5432
f 5520//5520 5557//5557 5519//5519
f 5909//5909 252//252 2971//2971
f 5431//5431 5464//5464 5430//5430
f 5358//5358 5378//5378 5368//5368
f 5401//5401 5414//5414 5432//5432
f 5609//5609 5661//5661 5628//5628
f 5314//5314 5331//5331 5330//5330
f 5313//5313 5314//5314 5330//5330
f 5331//5331 5354//5354 5353//5353
f 5330//5330 5331//5331 5353//5353
f 5354//5354 5374//5374 5353//5353
f 5428//5428 5427//5427 5395//5395
f 5818//5818 5817//5817 5782//5782
f 5760//5760 5818//5818 5782//5782
f 5884//5884 1796//1796 5901//5901
f 5769//5769 5768//5768 5731//5731
f 5705//5705 5748//5748 5718//5718
f 252//252 3493//3493 2971//2971
f 3493//3493 3492//3492 2971//2971
f 2970//2970 1768//1768 1798//1798
f 5375//5375 5374//5374 5354//5354
f 5375//5375 5395//5395 5374//5374
f 5428//5428 5460//5460 5427//5427
f 5572//5572 5571//5571 5534//5534
f 5535//5535 5572//5572 5534//5534
f 5818//5818 5851//5851 5817//5817
f 1797//1797 1796//1796 5884//5884
f 5505//5505 5504//5504 5468//5468
f 5390//5390 5389//5389 5370//5370
f 5582//5582 5581//5581 5547//5547
f 1224//1224 1504//1504 1132//1132
f 5801//5801 5821//5821 5765//5765
f 5690//5690 5704//5704 5674//5674
f 5690//5690 5674//5674 5658//5658
f 5840//5840 5856//5856 5801//5801
f 1768//1768 2970//2970 5915//5915
f 5306//5306 5298//5298 5299//5299
f 5306//5306 5314//5314 5298//5298
f 5396//5396 5395//5395 5375//5375
f 5461//5461 5460//5460 5428//5428
f 5461//5461 5499//5499 5460//5460
f 5606//5606 5605//5605 5571//5571
f 5572//5572 5606//5606 5571//5571
f 5761//5761 5760//5760 5743//5743
f 5744//5744 5761//5761 5743//5743
f 5852//5852 5851//5851 5818//5818
f 5852//5852 5884//5884 5851//5851
f 5351//5351 5358//5358 5336//5336
f 5718//5718 5717//5717 5690//5690
f 5642//5642 5660//5660 5627//5627
f 5607//5607 5624//5624 5590//5590
f 2557//2557 5320//5320 4725//4725
f 5801//5801 5856//5856 5821//5821
f 5365//5365 5377//5377 5347//5347
f 5705//5705 5718//5718 5692//5692
f 5504//5504 5505//5505 5542//5542
f 5545//5545 5579//5579 5528//5528
f 5306//5306 5325//5325 5331//5331
f 5314//5314 5306//5306 5331//5331
f 5325//5325 5341//5341 5354//5354
f 5331//5331 5325//5325 5354//5354
f 5396//5396 5428//5428 5395//5395
f 5482//5482 5499//5499 5461//5461
f 5606//5606 5621//5621 5605//5605
f 5761//5761 5818//5818 5760//5760
f 5885//5885 5884//5884 5852//5852
f 5885//5885 1797//1797 5884//5884
f 3462//3462 3483//3483 3461//3461
f 3461//3461 3483//3483 3482//3482
